Sample name	Sex	Biosample ID	Population code	Population name	Superpopulation code	Superpopulation name	Population elastic ID	Data collections
HG00096	M	SAME123268	GBR	British	EUR	European Ancestry	GBR	1000 Genomes on GRCh38,1000 Genomes 30x on GRCh38,Human Genome Structural Variation Consortium, Phase 2,Human Genome Structural Variation Consortium, Phase 3,1KG_ONT_VIENNA,MAGE RNA-seq,1000 Genomes phase 3 release,1000 Genomes phase 1 release,Geuvadis
HG00097	F	SAME123267	GBR	British	EUR	European Ancestry	GBR	1000 Genomes on GRCh38,1000 Genomes 30x on GRCh38,Human Pangenome Reference Consortium, Phase 2,1000 Genomes phase 3 release,1000 Genomes phase 1 release,Geuvadis
HG00098	M	SAME123272	GBR	British	EUR	European Ancestry	GBR	1000 Genomes on GRCh38,1KG_ONT_VIENNA,1000 Genomes phase 3 release
HG00099	F	SAME123271	GBR	British	EUR	European Ancestry	GBR	1000 Genomes on GRCh38,1000 Genomes 30x on GRCh38,1KG_ONT_VIENNA,Human Pangenome Reference Consortium, Phase 2,1000 Genomes phase 3 release,1000 Genomes phase 1 release,Geuvadis
HG00100	F	SAME125154	GBR	British	EUR	European Ancestry	GBR	1000 Genomes on GRCh38,1000 Genomes 30x on GRCh38,1KG_ONT_VIENNA,MAGE RNA-seq,1000 Genomes phase 3 release,1000 Genomes phase 1 release,Geuvadis
HG00101	M	SAME125153	GBR	British	EUR	European Ancestry	GBR	1000 Genomes on GRCh38,1000 Genomes 30x on GRCh38,1KG_ONT_VIENNA,1000 Genomes phase 3 release,1000 Genomes phase 1 release,Geuvadis
HG00102	F	SAME123945	GBR	British	EUR	European Ancestry	GBR	1000 Genomes on GRCh38,1000 Genomes 30x on GRCh38,1000 Genomes phase 3 release,1000 Genomes phase 1 release,Geuvadis
HG00103	M	SAME125151	GBR	British	EUR	European Ancestry	GBR	1000 Genomes on GRCh38,1000 Genomes 30x on GRCh38,1KG_ONT_VIENNA,1000 Genomes phase 3 release,1000 Genomes phase 1 release,Geuvadis
HG00104	F	SAME123950	GBR	British	EUR	European Ancestry	GBR	1000 Genomes on GRCh38,1000 Genomes phase 3 release,1000 Genomes phase 1 release,Geuvadis
HG00105	M	SAME123949	GBR	British	EUR	European Ancestry	GBR	1000 Genomes on GRCh38,1000 Genomes 30x on GRCh38,MAGE RNA-seq,1000 Genomes phase 3 release,1000 Genomes phase 1 release,Geuvadis
HG00106	F	SAME123948	GBR	British	EUR	European Ancestry	GBR	1000 Genomes on GRCh38,1000 Genomes 30x on GRCh38,1KG_ONT_VIENNA,Human Pangenome Reference Consortium, Phase 2,1000 Genomes phase 3 release,1000 Genomes phase 1 release,Geuvadis
HG00107	M	SAME123947	GBR	British	EUR	European Ancestry	GBR	1000 Genomes on GRCh38,1000 Genomes 30x on GRCh38,1KG_ONT_VIENNA,1000 Genomes phase 3 release,1000 Genomes phase 1 release,Geuvadis
HG00108	M	SAME125161	GBR	British	EUR	European Ancestry	GBR	1000 Genomes on GRCh38,1000 Genomes 30x on GRCh38,MAGE RNA-seq,1000 Genomes phase 3 release,1000 Genomes phase 1 release,Geuvadis
HG00109	M	SAME125160	GBR	British	EUR	European Ancestry	GBR	1000 Genomes on GRCh38,1000 Genomes 30x on GRCh38,1000 Genomes phase 3 release,1000 Genomes phase 1 release,Geuvadis
HG00110	F	SAME125339	GBR	British	EUR	European Ancestry	GBR	1000 Genomes on GRCh38,1000 Genomes 30x on GRCh38,MAGE RNA-seq,1000 Genomes phase 3 release,1000 Genomes phase 1 release,Geuvadis
HG00111	F	SAME125340	GBR	British	EUR	European Ancestry	GBR	1000 Genomes on GRCh38,1000 Genomes 30x on GRCh38,1KG_ONT_VIENNA,1000 Genomes phase 3 release,1000 Genomes phase 1 release,Geuvadis
HG00112	M	SAME125341	GBR	British	EUR	European Ancestry	GBR	1000 Genomes on GRCh38,1000 Genomes 30x on GRCh38,1000 Genomes phase 3 release,1000 Genomes phase 1 release,Geuvadis
HG00113	M	SAME125342	GBR	British	EUR	European Ancestry	GBR	1000 Genomes on GRCh38,1000 Genomes 30x on GRCh38,MAGE RNA-seq,1000 Genomes phase 3 release,1000 Genomes phase 1 release
HG00114	M	SAME125343	GBR	British	EUR	European Ancestry	GBR	1000 Genomes on GRCh38,1000 Genomes 30x on GRCh38,1KG_ONT_VIENNA,MAGE RNA-seq,1000 Genomes phase 3 release,1000 Genomes phase 1 release,Geuvadis
HG00115	M	SAME125344	GBR	British	EUR	European Ancestry	GBR	1000 Genomes on GRCh38,1000 Genomes 30x on GRCh38,1000 Genomes phase 3 release,1000 Genomes phase 1 release,Geuvadis
HG00116	M	SAME125345	GBR	British	EUR	European Ancestry	GBR	1000 Genomes on GRCh38,1000 Genomes 30x on GRCh38,1000 Genomes phase 3 release,1000 Genomes phase 1 release,Geuvadis
HG00117	M	SAME125346	GBR	British	EUR	European Ancestry	GBR	1000 Genomes on GRCh38,1000 Genomes 30x on GRCh38,1KG_ONT_VIENNA,Human Pangenome Reference Consortium, Phase 2,1000 Genomes phase 3 release,1000 Genomes phase 1 release,Geuvadis
HG00118	F	SAME125347	GBR	British	EUR	European Ancestry	GBR	1000 Genomes on GRCh38,1000 Genomes 30x on GRCh38,1000 Genomes phase 3 release,1000 Genomes phase 1 release,Geuvadis
HG00119	M	SAME125348	GBR	British	EUR	European Ancestry	GBR	1000 Genomes on GRCh38,1000 Genomes 30x on GRCh38,1000 Genomes phase 3 release,1000 Genomes phase 1 release,Geuvadis
HG00120	F	SAME122874	GBR	British	EUR	European Ancestry	GBR	1000 Genomes on GRCh38,1000 Genomes 30x on GRCh38,1KG_ONT_VIENNA,1000 Genomes phase 3 release,1000 Genomes phase 1 release,Geuvadis
HG00121	F	SAME122873	GBR	British	EUR	European Ancestry	GBR	1000 Genomes on GRCh38,1000 Genomes 30x on GRCh38,MAGE RNA-seq,1000 Genomes phase 3 release,1000 Genomes phase 1 release,Geuvadis
HG00122	F	SAME122876	GBR	British	EUR	European Ancestry	GBR	1000 Genomes on GRCh38,1000 Genomes 30x on GRCh38,MAGE RNA-seq,1000 Genomes phase 3 release,1000 Genomes phase 1 release,Geuvadis
HG00123	F	SAME122875	GBR	British	EUR	European Ancestry	GBR	1000 Genomes on GRCh38,1000 Genomes 30x on GRCh38,1KG_ONT_VIENNA,1000 Genomes phase 3 release,1000 Genomes phase 1 release,Geuvadis
HG00124	F	SAME122870	GBR	British	EUR	European Ancestry	GBR	1000 Genomes on GRCh38,1KG_ONT_VIENNA,1000 Genomes phase 3 release,1000 Genomes phase 1 release,Geuvadis
HG00125	F	SAME122869	GBR	British	EUR	European Ancestry	GBR	1000 Genomes on GRCh38,1000 Genomes 30x on GRCh38,1KG_ONT_VIENNA,1000 Genomes phase 3 release,1000 Genomes phase 1 release,Geuvadis
HG00126	M	SAME122872	GBR	British,English	EUR	European Ancestry,West Eurasia (SGDP)	GBR,EnglishSGDP	1000 Genomes on GRCh38,Simons Genome Diversity Project,1000 Genomes 30x on GRCh38,Human Pangenome Reference Consortium, Phase 2,1000 Genomes phase 3 release,1000 Genomes phase 1 release,Geuvadis
HG00127	F	SAME122871	GBR	British	EUR	European Ancestry	GBR	1000 Genomes on GRCh38,1000 Genomes 30x on GRCh38,MAGE RNA-seq,1000 Genomes phase 3 release,1000 Genomes phase 1 release,Geuvadis
HG00128	F	SAME122868	GBR	British,English	EUR	European Ancestry,West Eurasia (SGDP)	GBR,EnglishSGDP	1000 Genomes on GRCh38,Simons Genome Diversity Project,1000 Genomes 30x on GRCh38,1KG_ONT_VIENNA,Human Pangenome Reference Consortium, Phase 2,1000 Genomes phase 3 release,1000 Genomes phase 1 release,Geuvadis
HG00129	M	SAME122867	GBR	British	EUR	European Ancestry	GBR	1000 Genomes on GRCh38,1000 Genomes 30x on GRCh38,1KG_ONT_VIENNA,1000 Genomes phase 3 release,1000 Genomes phase 1 release,Geuvadis
HG00130	F	SAME123063	GBR	British	EUR	European Ancestry	GBR	1000 Genomes on GRCh38,1000 Genomes 30x on GRCh38,1KG_ONT_VIENNA,MAGE RNA-seq,1000 Genomes phase 3 release,1000 Genomes phase 1 release,Geuvadis
HG00131	M	SAME123064	GBR	British	EUR	European Ancestry	GBR	1000 Genomes on GRCh38,1000 Genomes 30x on GRCh38,1KG_ONT_VIENNA,1000 Genomes phase 3 release,1000 Genomes phase 1 release,Geuvadis
HG00132	F	SAME123061	GBR	British	EUR	European Ancestry	GBR	1000 Genomes on GRCh38,1000 Genomes 30x on GRCh38,MAGE RNA-seq,1000 Genomes phase 3 release,1000 Genomes phase 1 release,Geuvadis
HG00133	F	SAME123062	GBR	British	EUR	European Ancestry	GBR	1000 Genomes on GRCh38,1000 Genomes 30x on GRCh38,1KG_ONT_VIENNA,Human Pangenome Reference Consortium, Phase 2,1000 Genomes phase 3 release,1000 Genomes phase 1 release,Geuvadis
HG00134	F	SAME123067	GBR	British	EUR	European Ancestry	GBR	1000 Genomes on GRCh38,1000 Genomes phase 3 release,1000 Genomes phase 1 release,Geuvadis
HG00135	F	SAME123068	GBR	British	EUR	European Ancestry	GBR	1000 Genomes on GRCh38,1000 Genomes phase 3 release,1000 Genomes phase 1 release,Geuvadis
HG00136	M	SAME123065	GBR	British	EUR	European Ancestry	GBR	1000 Genomes on GRCh38,1000 Genomes 30x on GRCh38,1000 Genomes phase 3 release,1000 Genomes phase 1 release,Geuvadis
HG00137	F	SAME123066	GBR	British	EUR	European Ancestry	GBR	1000 Genomes on GRCh38,1000 Genomes 30x on GRCh38,1KG_ONT_VIENNA,1000 Genomes phase 3 release,1000 Genomes phase 1 release,Geuvadis
HG00138	M	SAME123059	GBR	British	EUR	European Ancestry	GBR	1000 Genomes on GRCh38,1000 Genomes 30x on GRCh38,1000 Genomes phase 3 release,1000 Genomes phase 1 release,Geuvadis
HG00139	M	SAME123060	GBR	British	EUR	European Ancestry	GBR	1000 Genomes on GRCh38,1000 Genomes 30x on GRCh38,1KG_ONT_VIENNA,1000 Genomes phase 3 release,1000 Genomes phase 1 release,Geuvadis
HG00140	M	SAME124396	GBR	British	EUR	European Ancestry	GBR	1000 Genomes on GRCh38,1000 Genomes 30x on GRCh38,Human Pangenome Reference Consortium, Phase 2,1000 Genomes phase 3 release,1000 Genomes phase 1 release
HG00141	M	SAME124395	GBR	British	EUR	European Ancestry	GBR	1000 Genomes on GRCh38,1000 Genomes 30x on GRCh38,1KG_ONT_VIENNA,MAGE RNA-seq,1000 Genomes phase 3 release,1000 Genomes phase 1 release,Geuvadis
HG00142	M	SAME124818	GBR	British	EUR	European Ancestry	GBR	1000 Genomes on GRCh38,1000 Genomes 30x on GRCh38,MAGE RNA-seq,1000 Genomes phase 3 release,1000 Genomes phase 1 release,Geuvadis
HG00143	M	SAME124393	GBR	British	EUR	European Ancestry	GBR	1000 Genomes on GRCh38,1000 Genomes 30x on GRCh38,1000 Genomes phase 3 release,1000 Genomes phase 1 release,Geuvadis
HG00144	F	SAME124392	GBR	British	EUR	European Ancestry	GBR	1000 Genomes on GRCh38,1000 Genomes phase 3 release
HG00145	M	SAME124391	GBR	British	EUR	European Ancestry	GBR	1000 Genomes on GRCh38,1000 Genomes 30x on GRCh38,1000 Genomes phase 3 release,1000 Genomes phase 1 release,Geuvadis
HG00146	F	SAME124390	GBR	British	EUR	European Ancestry	GBR	1000 Genomes on GRCh38,1000 Genomes 30x on GRCh38,1KG_ONT_VIENNA,MAGE RNA-seq,Human Pangenome Reference Consortium, Phase 2,1000 Genomes phase 3 release,1000 Genomes phase 1 release,Geuvadis
HG00147	F	SAME124389	GBR	British	EUR	European Ancestry	GBR	1000 Genomes on GRCh38,1000 Genomes phase 3 release
HG00148	M	SAME124388	GBR	British	EUR	European Ancestry	GBR	1000 Genomes on GRCh38,1000 Genomes 30x on GRCh38,1KG_ONT_VIENNA,MAGE RNA-seq,1000 Genomes phase 3 release,1000 Genomes phase 1 release,Geuvadis
HG00149	M	SAME124387	GBR	British	EUR	European Ancestry	GBR	1000 Genomes on GRCh38,1000 Genomes 30x on GRCh38,1KG_ONT_VIENNA,1000 Genomes phase 3 release,1000 Genomes phase 1 release,Geuvadis
HG00150	F	SAME124591	GBR	British	EUR	European Ancestry	GBR	1000 Genomes on GRCh38,1000 Genomes 30x on GRCh38,1000 Genomes phase 3 release,1000 Genomes phase 1 release,Geuvadis
HG00151	M	SAME124592	GBR	British	EUR	European Ancestry	GBR	1000 Genomes on GRCh38,1000 Genomes 30x on GRCh38,MAGE RNA-seq,1000 Genomes phase 3 release,1000 Genomes phase 1 release,Geuvadis
HG00152	M	SAME124593	GBR	British	EUR	European Ancestry	GBR	1000 Genomes on GRCh38,1KG_ONT_VIENNA,1000 Genomes phase 3 release,1000 Genomes phase 1 release,Geuvadis
HG00153	F	SAME124594	GBR	British	EUR	European Ancestry	GBR	1000 Genomes on GRCh38,1000 Genomes phase 3 release
HG00154	F	SAME124587	GBR	British	EUR	European Ancestry	GBR	1000 Genomes on GRCh38,1000 Genomes 30x on GRCh38,1000 Genomes phase 3 release,1000 Genomes phase 1 release,Geuvadis
HG00155	M	SAME124588	GBR	British	EUR	European Ancestry	GBR	1000 Genomes on GRCh38,1000 Genomes 30x on GRCh38,1000 Genomes phase 3 release,1000 Genomes phase 1 release,Geuvadis
HG00156	M	SAME123276	GBR	British	EUR	European Ancestry	GBR	1000 Genomes on GRCh38,1000 Genomes phase 3 release,1000 Genomes phase 1 release,Geuvadis
HG00157	M	SAME124590	GBR	British	EUR	European Ancestry	GBR	1000 Genomes on GRCh38,1000 Genomes 30x on GRCh38,1KG_ONT_VIENNA,1000 Genomes phase 3 release,1000 Genomes phase 1 release,Geuvadis
HG00158	F	SAME124585	GBR	British	EUR	European Ancestry	GBR	1000 Genomes on GRCh38,1000 Genomes 30x on GRCh38,1KG_ONT_VIENNA,1000 Genomes phase 3 release,1000 Genomes phase 1 release,Geuvadis
HG00159	M	SAME124586	GBR	British	EUR	European Ancestry	GBR	1000 Genomes on GRCh38,1000 Genomes 30x on GRCh38,1KG_ONT_VIENNA,1000 Genomes phase 3 release,1000 Genomes phase 1 release,Geuvadis
HG00160	M	SAME124780	GBR	British	EUR	European Ancestry	GBR	1000 Genomes on GRCh38,1000 Genomes 30x on GRCh38,MAGE RNA-seq,1000 Genomes phase 3 release,1000 Genomes phase 1 release,Geuvadis
HG00171	F	SAME124961	FIN	Finnish	EUR	European Ancestry	FIN	1000 Genomes on GRCh38,1000 Genomes 30x on GRCh38,Human Genome Structural Variation Consortium, Phase 2,Human Genome Structural Variation Consortium, Phase 3,1KG_ONT_VIENNA,1000 Genomes phase 3 release,1000 Genomes phase 1 release,Geuvadis
HG00173	F	SAME124960	FIN	Finnish	EUR	European Ancestry	FIN	1000 Genomes on GRCh38,1000 Genomes 30x on GRCh38,1KG_ONT_VIENNA,1000 Genomes phase 3 release,1000 Genomes phase 1 release,Geuvadis
HG00174	F	SAME124958	FIN	Finnish,Finnish	EUR	European Ancestry,West Eurasia (SGDP)	FIN,FinnishSGDP	1000 Genomes on GRCh38,Simons Genome Diversity Project,1000 Genomes 30x on GRCh38,1000 Genomes phase 3 release,1000 Genomes phase 1 release,Geuvadis
HG00176	F	SAME124956	FIN	Finnish	EUR	European Ancestry	FIN	1000 Genomes on GRCh38,1000 Genomes 30x on GRCh38,1000 Genomes phase 3 release,1000 Genomes phase 1 release,Geuvadis
HG00177	F	SAME124957	FIN	Finnish	EUR	European Ancestry	FIN	1000 Genomes on GRCh38,1000 Genomes 30x on GRCh38,MAGE RNA-seq,1000 Genomes phase 3 release,1000 Genomes phase 1 release,Geuvadis
HG00178	F	SAME124964	FIN	Finnish	EUR	European Ancestry	FIN	1000 Genomes on GRCh38,1000 Genomes 30x on GRCh38,1000 Genomes phase 3 release,1000 Genomes phase 1 release,Geuvadis
HG00179	F	SAME124965	FIN	Finnish	EUR	European Ancestry	FIN	1000 Genomes on GRCh38,1000 Genomes 30x on GRCh38,MAGE RNA-seq,1000 Genomes phase 3 release,1000 Genomes phase 1 release,Geuvadis
HG00180	F	SAME123645	FIN	Finnish	EUR	European Ancestry	FIN	1000 Genomes on GRCh38,1000 Genomes 30x on GRCh38,1000 Genomes phase 3 release,1000 Genomes phase 1 release,Geuvadis
HG00181	M	SAME123644	FIN	Finnish	EUR	European Ancestry	FIN	1000 Genomes on GRCh38,1000 Genomes 30x on GRCh38,1000 Genomes phase 3 release,1000 Genomes phase 1 release,Geuvadis
HG00182	M	SAME123643	FIN	Finnish	EUR	European Ancestry	FIN	1000 Genomes on GRCh38,1000 Genomes 30x on GRCh38,1000 Genomes phase 3 release,1000 Genomes phase 1 release,Geuvadis
HG00183	M	SAME123642	FIN	Finnish	EUR	European Ancestry	FIN	1000 Genomes on GRCh38,1000 Genomes 30x on GRCh38,MAGE RNA-seq,1000 Genomes phase 3 release,1000 Genomes phase 1 release,Geuvadis
HG00185	M	SAME123648	FIN	Finnish	EUR	European Ancestry	FIN	1000 Genomes on GRCh38,1000 Genomes 30x on GRCh38,MAGE RNA-seq,1000 Genomes phase 3 release,1000 Genomes phase 1 release,Geuvadis
HG00186	M	SAME123647	FIN	Finnish	EUR	European Ancestry	FIN	1000 Genomes on GRCh38,1000 Genomes 30x on GRCh38,MAGE RNA-seq,1000 Genomes phase 3 release,1000 Genomes phase 1 release,Geuvadis
HG00187	M	SAME123646	FIN	Finnish	EUR	European Ancestry	FIN	1000 Genomes on GRCh38,1000 Genomes 30x on GRCh38,1000 Genomes phase 3 release,1000 Genomes phase 1 release,Geuvadis
HG00188	M	SAME123641	FIN	Finnish	EUR	European Ancestry	FIN	1000 Genomes on GRCh38,1000 Genomes 30x on GRCh38,1KG_ONT_VIENNA,MAGE RNA-seq,1000 Genomes phase 3 release,1000 Genomes phase 1 release,Geuvadis
HG00189	M	SAME123640	FIN	Finnish	EUR	European Ancestry	FIN	1000 Genomes on GRCh38,1000 Genomes 30x on GRCh38,MAGE RNA-seq,1000 Genomes phase 3 release,1000 Genomes phase 1 release,Geuvadis
HG00190	M	SAME123856	FIN	Finnish,Finnish	EUR	European Ancestry,West Eurasia (SGDP)	FIN,FinnishSGDP	1000 Genomes on GRCh38,Simons Genome Diversity Project,1000 Genomes 30x on GRCh38,1KG_ONT_VIENNA,MAGE RNA-seq,1000 Genomes phase 3 release,1000 Genomes phase 1 release
HG00231	F	SAME124126	GBR	British	EUR	European Ancestry	GBR	1000 Genomes on GRCh38,1000 Genomes 30x on GRCh38,1000 Genomes phase 3 release,1000 Genomes phase 1 release,Geuvadis
HG00232	F	SAME124128	GBR	British	EUR	European Ancestry	GBR	1000 Genomes on GRCh38,1000 Genomes 30x on GRCh38,Human Pangenome Reference Consortium, Phase 2,1000 Genomes phase 3 release,1000 Genomes phase 1 release,Geuvadis
HG00233	F	SAME124127	GBR	British	EUR	European Ancestry	GBR	1000 Genomes on GRCh38,1000 Genomes 30x on GRCh38,MAGE RNA-seq,1000 Genomes phase 3 release,1000 Genomes phase 1 release,Geuvadis
HG00234	M	SAME124123	GBR	British	EUR	European Ancestry	GBR	1000 Genomes on GRCh38,1000 Genomes 30x on GRCh38,1000 Genomes phase 3 release,1000 Genomes phase 1 release,Geuvadis
HG00235	F	SAME124122	GBR	British	EUR	European Ancestry	GBR	1000 Genomes on GRCh38,1000 Genomes 30x on GRCh38,1KG_ONT_VIENNA,Human Pangenome Reference Consortium, Phase 2,1000 Genomes phase 3 release,1000 Genomes phase 1 release,Geuvadis
HG00236	F	SAME123273	GBR	British	EUR	European Ancestry	GBR	1000 Genomes on GRCh38,1000 Genomes 30x on GRCh38,1000 Genomes phase 3 release,1000 Genomes phase 1 release,Geuvadis
HG00237	F	SAME124124	GBR	British	EUR	European Ancestry	GBR	1000 Genomes on GRCh38,1000 Genomes 30x on GRCh38,MAGE RNA-seq,1000 Genomes phase 3 release,1000 Genomes phase 1 release,Geuvadis
HG00238	F	SAME124131	GBR	British	EUR	European Ancestry	GBR	1000 Genomes on GRCh38,1000 Genomes 30x on GRCh38,1000 Genomes phase 3 release,1000 Genomes phase 1 release,Geuvadis
HG00239	F	SAME124130	GBR	British	EUR	European Ancestry	GBR	1000 Genomes on GRCh38,1000 Genomes 30x on GRCh38,1000 Genomes phase 3 release,1000 Genomes phase 1 release,Geuvadis
HG00240	F	SAME123221	GBR	British	EUR	European Ancestry	GBR	1000 Genomes on GRCh38,1000 Genomes 30x on GRCh38,1000 Genomes phase 3 release,1000 Genomes phase 1 release,Geuvadis
HG00242	M	SAME123223	GBR	British	EUR	European Ancestry	GBR	1000 Genomes on GRCh38,1000 Genomes 30x on GRCh38,1KG_ONT_VIENNA,1000 Genomes phase 3 release,1000 Genomes phase 1 release,Geuvadis
HG00243	M	SAME123224	GBR	British	EUR	European Ancestry	GBR	1000 Genomes on GRCh38,1000 Genomes 30x on GRCh38,1KG_ONT_VIENNA,MAGE RNA-seq,Human Pangenome Reference Consortium, Phase 2,1000 Genomes phase 3 release,1000 Genomes phase 1 release,Geuvadis
HG00244	M	SAME123217	GBR	British	EUR	European Ancestry	GBR	1000 Genomes on GRCh38,1000 Genomes 30x on GRCh38,MAGE RNA-seq,1000 Genomes phase 3 release,1000 Genomes phase 1 release,Geuvadis
HG00245	F	SAME123218	GBR	British	EUR	European Ancestry	GBR	1000 Genomes on GRCh38,1000 Genomes 30x on GRCh38,1000 Genomes phase 3 release,1000 Genomes phase 1 release,Geuvadis
HG00246	M	SAME123219	GBR	British	EUR	European Ancestry	GBR	1000 Genomes on GRCh38,1000 Genomes 30x on GRCh38,1000 Genomes phase 3 release,1000 Genomes phase 1 release,Geuvadis
HG00247	F	SAME123220	GBR	British	EUR	European Ancestry	GBR	1000 Genomes on GRCh38,1KG_ONT_VIENNA,1000 Genomes phase 3 release,1000 Genomes phase 1 release,Geuvadis
HG00248	F	SAME123226	GBR	British	EUR	European Ancestry	GBR	1000 Genomes phase 3 release
HG00249	F	SAME123227	GBR	British	EUR	European Ancestry	GBR	1000 Genomes on GRCh38,1000 Genomes phase 3 release,1000 Genomes phase 1 release,Geuvadis
HG00250	F	SAME123054	GBR	British	EUR	European Ancestry	GBR	1000 Genomes on GRCh38,1000 Genomes 30x on GRCh38,MAGE RNA-seq,1000 Genomes phase 3 release,1000 Genomes phase 1 release,Geuvadis
HG00251	M	SAME123053	GBR	British	EUR	European Ancestry	GBR	1000 Genomes on GRCh38,1000 Genomes 30x on GRCh38,1000 Genomes phase 3 release,1000 Genomes phase 1 release,Geuvadis
HG00252	M	SAME123052	GBR	British	EUR	European Ancestry	GBR	1000 Genomes on GRCh38,1000 Genomes 30x on GRCh38,1KG_ONT_VIENNA,1000 Genomes phase 3 release,1000 Genomes phase 1 release,Geuvadis
HG00253	F	SAME123051	GBR	British	EUR	European Ancestry	GBR	1000 Genomes on GRCh38,1000 Genomes 30x on GRCh38,Human Pangenome Reference Consortium, Phase 2,1000 Genomes phase 3 release,1000 Genomes phase 1 release,Geuvadis
HG00254	F	SAME123050	GBR	British	EUR	European Ancestry	GBR	1000 Genomes on GRCh38,1000 Genomes 30x on GRCh38,1KG_ONT_VIENNA,MAGE RNA-seq,1000 Genomes phase 3 release,1000 Genomes phase 1 release
HG00255	F	SAME123049	GBR	British	EUR	European Ancestry	GBR	1000 Genomes on GRCh38,1000 Genomes 30x on GRCh38,1KG_ONT_VIENNA,1000 Genomes phase 3 release,1000 Genomes phase 1 release,Geuvadis
HG00256	M	SAME123048	GBR	British	EUR	European Ancestry	GBR	1000 Genomes on GRCh38,1000 Genomes 30x on GRCh38,1000 Genomes phase 3 release,1000 Genomes phase 1 release,Geuvadis
HG00257	F	SAME123047	GBR	British	EUR	European Ancestry	GBR	1000 Genomes on GRCh38,1000 Genomes 30x on GRCh38,1000 Genomes phase 3 release,1000 Genomes phase 1 release,Geuvadis
HG00258	F	SAME123057	GBR	British	EUR	European Ancestry	GBR	1000 Genomes on GRCh38,1000 Genomes 30x on GRCh38,1KG_ONT_VIENNA,Human Pangenome Reference Consortium, Phase 2,1000 Genomes phase 3 release,1000 Genomes phase 1 release,Geuvadis
HG00259	F	SAME123056	GBR	British	EUR	European Ancestry	GBR	1000 Genomes on GRCh38,1000 Genomes 30x on GRCh38,1000 Genomes phase 3 release,1000 Genomes phase 1 release,Geuvadis
HG00260	M	SAME123582	GBR	British	EUR	European Ancestry	GBR	1000 Genomes on GRCh38,1000 Genomes 30x on GRCh38,MAGE RNA-seq,1000 Genomes phase 3 release,1000 Genomes phase 1 release,Geuvadis
HG00261	F	SAME123583	GBR	British	EUR	European Ancestry	GBR	1000 Genomes on GRCh38,1000 Genomes 30x on GRCh38,1KG_ONT_VIENNA,1000 Genomes phase 3 release,1000 Genomes phase 1 release,Geuvadis
HG00262	F	SAME123580	GBR	British	EUR	European Ancestry	GBR	1000 Genomes on GRCh38,1000 Genomes 30x on GRCh38,1000 Genomes phase 3 release,1000 Genomes phase 1 release,Geuvadis
HG00263	F	SAME123581	GBR	British	EUR	European Ancestry	GBR	1000 Genomes on GRCh38,1000 Genomes 30x on GRCh38,1000 Genomes phase 3 release,1000 Genomes phase 1 release,Geuvadis
HG00264	M	SAME123578	GBR	British	EUR	European Ancestry	GBR	1000 Genomes on GRCh38,1000 Genomes 30x on GRCh38,1000 Genomes phase 3 release,1000 Genomes phase 1 release,Geuvadis
HG00265	M	SAME123579	GBR	British	EUR	European Ancestry	GBR	1000 Genomes on GRCh38,1000 Genomes 30x on GRCh38,MAGE RNA-seq,1000 Genomes phase 3 release,1000 Genomes phase 1 release,Geuvadis
HG00266	F	SAME123576	FIN	Finnish	EUR	European Ancestry	FIN	1000 Genomes on GRCh38,1000 Genomes 30x on GRCh38,1000 Genomes phase 3 release,1000 Genomes phase 1 release,Geuvadis
HG00267	M	SAME123577	FIN	Finnish	EUR	European Ancestry	FIN	1000 Genomes on GRCh38,1000 Genomes 30x on GRCh38,1000 Genomes phase 3 release,1000 Genomes phase 1 release,Geuvadis
HG00268	F	SAME123574	FIN	Finnish	EUR	European Ancestry	FIN	1000 Genomes on GRCh38,1000 Genomes 30x on GRCh38,Human Genome Structural Variation Consortium, Phase 2,Human Genome Structural Variation Consortium, Phase 3,1KG_ONT_VIENNA,1000 Genomes phase 3 release,1000 Genomes phase 1 release,Geuvadis
HG00269	F	SAME123575	FIN	Finnish	EUR	European Ancestry	FIN	1000 Genomes on GRCh38,1000 Genomes 30x on GRCh38,1KG_ONT_VIENNA,MAGE RNA-seq,1000 Genomes phase 3 release,1000 Genomes phase 1 release,Geuvadis
HG00270	F	SAME123418	FIN	Finnish	EUR	European Ancestry	FIN	1000 Genomes on GRCh38,1000 Genomes phase 3 release,1000 Genomes phase 1 release
HG00271	M	SAME123417	FIN	Finnish	EUR	European Ancestry	FIN	1000 Genomes on GRCh38,1000 Genomes 30x on GRCh38,1KG_ONT_VIENNA,1000 Genomes phase 3 release,1000 Genomes phase 1 release,Geuvadis
HG00272	F	SAME123420	FIN	Finnish	EUR	European Ancestry	FIN	1000 Genomes on GRCh38,1000 Genomes 30x on GRCh38,Human Pangenome Reference Consortium, Phase 2,1000 Genomes phase 3 release,1000 Genomes phase 1 release,Geuvadis
HG00273	M	SAME123419	FIN	Finnish	EUR	European Ancestry	FIN	1000 Genomes on GRCh38,1000 Genomes 30x on GRCh38,1KG_ONT_VIENNA,1000 Genomes phase 3 release,1000 Genomes phase 1 release,Geuvadis
HG00274	F	SAME123422	FIN	Finnish	EUR	European Ancestry	FIN	1000 Genomes on GRCh38,1000 Genomes 30x on GRCh38,1KG_ONT_VIENNA,1000 Genomes phase 3 release,1000 Genomes phase 1 release,Geuvadis
HG00275	F	SAME123421	FIN	Finnish	EUR	European Ancestry	FIN	1000 Genomes on GRCh38,1000 Genomes 30x on GRCh38,1000 Genomes phase 3 release,1000 Genomes phase 1 release,Geuvadis
HG00276	F	SAME123424	FIN	Finnish	EUR	European Ancestry	FIN	1000 Genomes on GRCh38,1000 Genomes 30x on GRCh38,1000 Genomes phase 3 release,1000 Genomes phase 1 release,Geuvadis
HG00277	M	SAME123423	FIN	Finnish	EUR	European Ancestry	FIN	1000 Genomes on GRCh38,1000 Genomes 30x on GRCh38,MAGE RNA-seq,1000 Genomes phase 3 release,1000 Genomes phase 1 release,Geuvadis
HG00278	M	SAME123425	FIN	Finnish	EUR	European Ancestry	FIN	1000 Genomes on GRCh38,1000 Genomes 30x on GRCh38,1KG_ONT_VIENNA,1000 Genomes phase 3 release,1000 Genomes phase 1 release,Geuvadis
HG00280	M	SAME122831	FIN	Finnish	EUR	European Ancestry	FIN	1000 Genomes on GRCh38,1000 Genomes 30x on GRCh38,Human Pangenome Reference Consortium, Phase 2,1000 Genomes phase 3 release,1000 Genomes phase 1 release,Geuvadis
HG00281	F	SAME122832	FIN	Finnish	EUR	European Ancestry	FIN	1000 Genomes on GRCh38,1000 Genomes 30x on GRCh38,1000 Genomes phase 3 release,1000 Genomes phase 1 release,Geuvadis
HG00282	F	SAME122833	FIN	Finnish	EUR	European Ancestry	FIN	1000 Genomes on GRCh38,1000 Genomes 30x on GRCh38,1KG_ONT_VIENNA,1000 Genomes phase 3 release,1000 Genomes phase 1 release,Geuvadis
HG00284	M	SAME122835	FIN	Finnish	EUR	European Ancestry	FIN	1000 Genomes on GRCh38,1000 Genomes 30x on GRCh38,1KG_ONT_VIENNA,1000 Genomes phase 3 release,1000 Genomes phase 1 release,Geuvadis
HG00285	F	SAME122836	FIN	Finnish	EUR	European Ancestry	FIN	1000 Genomes on GRCh38,1000 Genomes 30x on GRCh38,MAGE RNA-seq,1000 Genomes phase 3 release,1000 Genomes phase 1 release,Geuvadis
HG00288	F	SAME1839246	FIN	Finnish	EUR	European Ancestry	FIN	1000 Genomes on GRCh38,1000 Genomes 30x on GRCh38,1000 Genomes phase 3 release
HG00290	M	SAME1839057	FIN	Finnish	EUR	European Ancestry	FIN	1000 Genomes on GRCh38,1000 Genomes 30x on GRCh38,MAGE RNA-seq,Human Pangenome Reference Consortium, Phase 2,1000 Genomes phase 3 release
HG00304	F	SAME1840118	FIN	Finnish	EUR	European Ancestry	FIN	1000 Genomes on GRCh38,1000 Genomes 30x on GRCh38,MAGE RNA-seq,1000 Genomes phase 3 release
HG00306	F	SAME124159	FIN	Finnish	EUR	European Ancestry	FIN	1000 Genomes on GRCh38,1000 Genomes 30x on GRCh38,1000 Genomes phase 3 release,1000 Genomes phase 1 release,Geuvadis
HG00308	M	SAME124161	FIN	Finnish	EUR	European Ancestry	FIN	1000 Genomes on GRCh38,1000 Genomes 30x on GRCh38,1000 Genomes phase 3 release,Geuvadis
HG00309	F	SAME124160	FIN	Finnish	EUR	European Ancestry	FIN	1000 Genomes on GRCh38,1000 Genomes 30x on GRCh38,1000 Genomes phase 3 release,1000 Genomes phase 1 release,Geuvadis
HG00310	M	SAME124338	FIN	Finnish	EUR	European Ancestry	FIN	1000 Genomes on GRCh38,1000 Genomes 30x on GRCh38,1000 Genomes phase 3 release,1000 Genomes phase 1 release,Geuvadis
HG00311	M	SAME124339	FIN	Finnish	EUR	European Ancestry	FIN	1000 Genomes on GRCh38,1000 Genomes 30x on GRCh38,1KG_ONT_VIENNA,MAGE RNA-seq,1000 Genomes phase 3 release,1000 Genomes phase 1 release,Geuvadis
HG00312	M	SAME124336	FIN	Finnish	EUR	European Ancestry	FIN	1000 Genomes on GRCh38,1KG_ONT_VIENNA,1000 Genomes phase 3 release,1000 Genomes phase 1 release,Geuvadis
HG00313	F	SAME124337	FIN	Finnish	EUR	European Ancestry	FIN	1000 Genomes on GRCh38,1000 Genomes 30x on GRCh38,1KG_ONT_VIENNA,1000 Genomes phase 3 release,1000 Genomes phase 1 release,Geuvadis
HG00315	F	SAME124335	FIN	Finnish	EUR	European Ancestry	FIN	1000 Genomes on GRCh38,1000 Genomes 30x on GRCh38,1KG_ONT_VIENNA,1000 Genomes phase 3 release,1000 Genomes phase 1 release,Geuvadis
HG00318	F	SAME124333	FIN	Finnish	EUR	European Ancestry	FIN	1000 Genomes on GRCh38,1000 Genomes 30x on GRCh38,MAGE RNA-seq,1000 Genomes phase 3 release,1000 Genomes phase 1 release
HG00319	F	SAME124334	FIN	Finnish	EUR	European Ancestry	FIN	1000 Genomes on GRCh38,1000 Genomes 30x on GRCh38,1000 Genomes phase 3 release,1000 Genomes phase 1 release,Geuvadis
HG00320	F	SAME123797	FIN	Finnish	EUR	European Ancestry	FIN	1000 Genomes on GRCh38,1000 Genomes 30x on GRCh38,MAGE RNA-seq,Human Pangenome Reference Consortium, Phase 2,1000 Genomes phase 3 release,1000 Genomes phase 1 release,Geuvadis
HG00321	M	SAME123796	FIN	Finnish	EUR	European Ancestry	FIN	1000 Genomes on GRCh38,1000 Genomes 30x on GRCh38,1KG_ONT_VIENNA,Human Pangenome Reference Consortium, Phase 2,1000 Genomes phase 3 release,1000 Genomes phase 1 release,Geuvadis
HG00323	F	SAME123795	FIN	Finnish	EUR	European Ancestry	FIN	1000 Genomes on GRCh38,1000 Genomes 30x on GRCh38,1KG_ONT_VIENNA,Human Pangenome Reference Consortium, Phase 2,1000 Genomes phase 3 release,1000 Genomes phase 1 release,Geuvadis
HG00324	F	SAME123794	FIN	Finnish	EUR	European Ancestry	FIN	1000 Genomes on GRCh38,1000 Genomes 30x on GRCh38,1KG_ONT_VIENNA,1000 Genomes phase 3 release,1000 Genomes phase 1 release,Geuvadis
HG00325	M	SAME123793	FIN	Finnish	EUR	European Ancestry	FIN	1000 Genomes on GRCh38,1000 Genomes 30x on GRCh38,1KG_ONT_VIENNA,MAGE RNA-seq,1000 Genomes phase 3 release,1000 Genomes phase 1 release,Geuvadis
HG00326	F	SAME123792	FIN	Finnish	EUR	European Ancestry	FIN	1000 Genomes on GRCh38,1000 Genomes 30x on GRCh38,MAGE RNA-seq,1000 Genomes phase 3 release,1000 Genomes phase 1 release,Geuvadis
HG00327	F	SAME123791	FIN	Finnish	EUR	European Ancestry	FIN	1000 Genomes on GRCh38,1000 Genomes 30x on GRCh38,MAGE RNA-seq,1000 Genomes phase 3 release,1000 Genomes phase 1 release,Geuvadis
HG00328	F	SAME123799	FIN	Finnish	EUR	European Ancestry	FIN	1000 Genomes on GRCh38,1000 Genomes 30x on GRCh38,1000 Genomes phase 3 release,1000 Genomes phase 1 release,Geuvadis
HG00329	M	SAME123798	FIN	Finnish	EUR	European Ancestry	FIN	1000 Genomes on GRCh38,1000 Genomes 30x on GRCh38,Human Pangenome Reference Consortium, Phase 2,1000 Genomes phase 3 release,1000 Genomes phase 1 release,Geuvadis
HG00330	F	SAME123985	FIN	Finnish	EUR	European Ancestry	FIN	1000 Genomes on GRCh38,1000 Genomes 30x on GRCh38,1000 Genomes phase 3 release,1000 Genomes phase 1 release,Geuvadis
HG00331	F	SAME123986	FIN	Finnish	EUR	European Ancestry	FIN	1000 Genomes on GRCh38,1000 Genomes 30x on GRCh38,MAGE RNA-seq,1000 Genomes phase 3 release,1000 Genomes phase 1 release,Geuvadis
HG00332	F	SAME123987	FIN	Finnish	EUR	European Ancestry	FIN	1000 Genomes on GRCh38,1000 Genomes 30x on GRCh38,1000 Genomes phase 3 release,1000 Genomes phase 1 release,Geuvadis
HG00334	F	SAME123981	FIN	Finnish	EUR	European Ancestry	FIN	1000 Genomes on GRCh38,1000 Genomes 30x on GRCh38,1KG_ONT_VIENNA,1000 Genomes phase 3 release,1000 Genomes phase 1 release,Geuvadis
HG00335	M	SAME123982	FIN	Finnish	EUR	European Ancestry	FIN	1000 Genomes on GRCh38,1000 Genomes 30x on GRCh38,1KG_ONT_VIENNA,MAGE RNA-seq,1000 Genomes phase 3 release,1000 Genomes phase 1 release,Geuvadis
HG00336	M	SAME123983	FIN	Finnish	EUR	European Ancestry	FIN	1000 Genomes on GRCh38,1000 Genomes 30x on GRCh38,1KG_ONT_VIENNA,1000 Genomes phase 3 release,1000 Genomes phase 1 release,Geuvadis
HG00337	F	SAME123984	FIN	Finnish	EUR	European Ancestry	FIN	1000 Genomes on GRCh38,1000 Genomes 30x on GRCh38,MAGE RNA-seq,1000 Genomes phase 3 release,1000 Genomes phase 1 release,Geuvadis
HG00338	M	SAME123990	FIN	Finnish	EUR	European Ancestry	FIN	1000 Genomes on GRCh38,1000 Genomes 30x on GRCh38,1KG_ONT_VIENNA,1000 Genomes phase 3 release,1000 Genomes phase 1 release,Geuvadis
HG00339	F	SAME123991	FIN	Finnish	EUR	European Ancestry	FIN	1000 Genomes on GRCh38,1000 Genomes 30x on GRCh38,1000 Genomes phase 3 release,1000 Genomes phase 1 release,Geuvadis
HG00341	M	SAME124922	FIN	Finnish	EUR	European Ancestry	FIN	1000 Genomes on GRCh38,1000 Genomes 30x on GRCh38,1000 Genomes phase 3 release,1000 Genomes phase 1 release,Geuvadis
HG00342	M	SAME124924	FIN	Finnish	EUR	European Ancestry	FIN	1000 Genomes on GRCh38,1000 Genomes 30x on GRCh38,1KG_ONT_VIENNA,MAGE RNA-seq,1000 Genomes phase 3 release,1000 Genomes phase 1 release,Geuvadis
HG00343	F	SAME124923	FIN	Finnish	EUR	European Ancestry	FIN	1000 Genomes on GRCh38,1000 Genomes 30x on GRCh38,1000 Genomes phase 3 release,1000 Genomes phase 1 release,Geuvadis
HG00344	F	SAME125255	FIN	Finnish	EUR	European Ancestry	FIN	1000 Genomes on GRCh38,1000 Genomes 30x on GRCh38,Human Pangenome Reference Consortium, Phase 2,1000 Genomes phase 3 release,1000 Genomes phase 1 release,Geuvadis
HG00345	M	SAME124919	FIN	Finnish	EUR	European Ancestry	FIN	1000 Genomes on GRCh38,1000 Genomes 30x on GRCh38,1000 Genomes phase 3 release,1000 Genomes phase 1 release,Geuvadis
HG00346	F	SAME125264	FIN	Finnish	EUR	European Ancestry	FIN	1000 Genomes on GRCh38,1000 Genomes 30x on GRCh38,1KG_ONT_VIENNA,1000 Genomes phase 3 release,1000 Genomes phase 1 release,Geuvadis
HG00349	F	SAME124925	FIN	Finnish	EUR	European Ancestry	FIN	1000 Genomes on GRCh38,1000 Genomes 30x on GRCh38,1KG_ONT_VIENNA,1000 Genomes phase 3 release,1000 Genomes phase 1 release,Geuvadis
HG00350	F	SAME125121	FIN	Finnish	EUR	European Ancestry	FIN	1000 Genomes on GRCh38,1000 Genomes 30x on GRCh38,Human Pangenome Reference Consortium, Phase 2,1000 Genomes phase 3 release,1000 Genomes phase 1 release,Geuvadis
HG00351	M	SAME125122	FIN	Finnish	EUR	European Ancestry	FIN	1000 Genomes on GRCh38,1000 Genomes 30x on GRCh38,1000 Genomes phase 3 release,1000 Genomes phase 1 release,Geuvadis
HG00353	F	SAME125120	FIN	Finnish	EUR	European Ancestry	FIN	1000 Genomes on GRCh38,1000 Genomes 30x on GRCh38,1000 Genomes phase 3 release,1000 Genomes phase 1 release,Geuvadis
HG00355	F	SAME125125	FIN	Finnish	EUR	European Ancestry	FIN	1000 Genomes on GRCh38,1000 Genomes 30x on GRCh38,MAGE RNA-seq,1000 Genomes phase 3 release,1000 Genomes phase 1 release,Geuvadis
HG00356	F	SAME125123	FIN	Finnish	EUR	European Ancestry	FIN	1000 Genomes on GRCh38,1000 Genomes 30x on GRCh38,1000 Genomes phase 3 release,1000 Genomes phase 1 release,Geuvadis
HG00357	F	SAME125124	FIN	Finnish	EUR	European Ancestry	FIN	1000 Genomes on GRCh38,1000 Genomes 30x on GRCh38,1KG_ONT_VIENNA,1000 Genomes phase 3 release,1000 Genomes phase 1 release
HG00358	M	SAME125126	FIN	Finnish	EUR	European Ancestry	FIN	1000 Genomes on GRCh38,1000 Genomes 30x on GRCh38,Human Genome Structural Variation Consortium, Phase 3,1000 Genomes phase 3 release,1000 Genomes phase 1 release,Geuvadis
HG00359	F	SAME125127	FIN	Finnish	EUR	European Ancestry	FIN	1000 Genomes on GRCh38,1000 Genomes phase 3 release,1000 Genomes phase 1 release,Geuvadis
HG00360	M	SAME124539	FIN	Finnish,Finnish	EUR	European Ancestry,West Eurasia (SGDP)	FIN,FinnishSGDP	1000 Genomes on GRCh38,Simons Genome Diversity Project,1000 Genomes 30x on GRCh38,1KG_ONT_VIENNA,MAGE RNA-seq,1000 Genomes phase 3 release,1000 Genomes phase 1 release,Geuvadis
HG00361	F	SAME124538	FIN	Finnish	EUR	European Ancestry	FIN	1000 Genomes on GRCh38,1000 Genomes 30x on GRCh38,1KG_ONT_VIENNA,1000 Genomes phase 3 release,1000 Genomes phase 1 release,Geuvadis
HG00362	F	SAME124537	FIN	Finnish	EUR	European Ancestry	FIN	1000 Genomes on GRCh38,1000 Genomes 30x on GRCh38,1000 Genomes phase 3 release,1000 Genomes phase 1 release,Geuvadis
HG00364	F	SAME124543	FIN	Finnish	EUR	European Ancestry	FIN	1000 Genomes on GRCh38,1000 Genomes 30x on GRCh38,1000 Genomes phase 3 release,1000 Genomes phase 1 release,Geuvadis
HG00365	F	SAME124542	FIN	Finnish	EUR	European Ancestry	FIN	1000 Genomes on GRCh38,1000 Genomes 30x on GRCh38,1KG_ONT_VIENNA,1000 Genomes phase 3 release,1000 Genomes phase 1 release,Geuvadis
HG00366	M	SAME124541	FIN	Finnish	EUR	European Ancestry	FIN	1000 Genomes on GRCh38,1000 Genomes 30x on GRCh38,1000 Genomes phase 3 release,1000 Genomes phase 1 release,Geuvadis
HG00367	F	SAME124540	FIN	Finnish	EUR	European Ancestry	FIN	1000 Genomes on GRCh38,1000 Genomes 30x on GRCh38,1KG_ONT_VIENNA,1000 Genomes phase 3 release,1000 Genomes phase 1 release,Geuvadis
HG00368	F	SAME124535	FIN	Finnish	EUR	European Ancestry	FIN	1000 Genomes on GRCh38,1000 Genomes 30x on GRCh38,1KG_ONT_VIENNA,MAGE RNA-seq,1000 Genomes phase 3 release,1000 Genomes phase 1 release
HG00369	M	SAME124534	FIN	Finnish	EUR	European Ancestry	FIN	1000 Genomes on GRCh38,1000 Genomes 30x on GRCh38,1000 Genomes phase 3 release,1000 Genomes phase 1 release,Geuvadis
HG00371	M	SAME124747	FIN	Finnish	EUR	European Ancestry	FIN	1000 Genomes on GRCh38,1000 Genomes 30x on GRCh38,1000 Genomes phase 3 release,1000 Genomes phase 1 release,Geuvadis
HG00372	M	SAME124748	FIN	Finnish	EUR	European Ancestry	FIN	1000 Genomes on GRCh38,1000 Genomes 30x on GRCh38,MAGE RNA-seq,1000 Genomes phase 3 release,1000 Genomes phase 1 release,Geuvadis
HG00373	F	SAME124749	FIN	Finnish	EUR	European Ancestry	FIN	1000 Genomes on GRCh38,1000 Genomes 30x on GRCh38,1000 Genomes phase 3 release,1000 Genomes phase 1 release,Geuvadis
HG00375	M	SAME124750	FIN	Finnish	EUR	European Ancestry	FIN	1000 Genomes on GRCh38,1000 Genomes 30x on GRCh38,1000 Genomes phase 3 release,1000 Genomes phase 1 release,Geuvadis
HG00376	F	SAME124751	FIN	Finnish	EUR	European Ancestry	FIN	1000 Genomes on GRCh38,1000 Genomes 30x on GRCh38,1000 Genomes phase 3 release,1000 Genomes phase 1 release,Geuvadis
HG00377	F	SAME124752	FIN	Finnish	EUR	European Ancestry	FIN	1000 Genomes on GRCh38,1KG_ONT_VIENNA,1000 Genomes phase 3 release,1000 Genomes phase 1 release,Geuvadis
HG00378	F	SAME124745	FIN	Finnish	EUR	European Ancestry	FIN	1000 Genomes on GRCh38,1000 Genomes 30x on GRCh38,1KG_ONT_VIENNA,1000 Genomes phase 3 release,1000 Genomes phase 1 release,Geuvadis
HG00379	F	SAME124746	FIN	Finnish	EUR	European Ancestry	FIN	1000 Genomes on GRCh38,1000 Genomes 30x on GRCh38,1000 Genomes phase 3 release,1000 Genomes phase 1 release,Geuvadis
HG00380	F	SAME123031	FIN	Finnish	EUR	European Ancestry	FIN	1000 Genomes on GRCh38,1000 Genomes 30x on GRCh38,1000 Genomes phase 3 release,1000 Genomes phase 1 release,Geuvadis
HG00381	F	SAME123030	FIN	Finnish	EUR	European Ancestry	FIN	1000 Genomes on GRCh38,1000 Genomes 30x on GRCh38,1KG_ONT_VIENNA,1000 Genomes phase 3 release,1000 Genomes phase 1 release,Geuvadis
HG00382	M	SAME123033	FIN	Finnish	EUR	European Ancestry	FIN	1000 Genomes on GRCh38,1000 Genomes 30x on GRCh38,MAGE RNA-seq,1000 Genomes phase 3 release,1000 Genomes phase 1 release,Geuvadis
HG00383	F	SAME123032	FIN	Finnish	EUR	European Ancestry	FIN	1000 Genomes on GRCh38,1000 Genomes 30x on GRCh38,1000 Genomes phase 3 release,1000 Genomes phase 1 release,Geuvadis
HG00384	F	SAME123034	FIN	Finnish	EUR	European Ancestry	FIN	1000 Genomes on GRCh38,1000 Genomes 30x on GRCh38,Human Pangenome Reference Consortium, Phase 2,1000 Genomes phase 3 release,1000 Genomes phase 1 release,Geuvadis
HG00403	M	SAME123160	CHS	Southern Han Chinese	EAS	East Asian Ancestry	CHS	1000 Genomes on GRCh38,1000 Genomes 30x on GRCh38,1000 Genomes phase 3 release,1000 Genomes phase 1 release
HG00404	F	SAME123158	CHS	Southern Han Chinese	EAS	East Asian Ancestry	CHS	1000 Genomes on GRCh38,1000 Genomes 30x on GRCh38,1KG_ONT_VIENNA,MAGE RNA-seq,1000 Genomes phase 3 release,1000 Genomes phase 1 release
HG00405	F	SAME123159	CHS	Southern Han Chinese	EAS	East Asian Ancestry	CHS	1000 Genomes 30x on GRCh38,1000 Genomes phase 3 release
HG00406	M	SAME123156	CHS	Southern Han Chinese	EAS	East Asian Ancestry	CHS	1000 Genomes on GRCh38,1000 Genomes 30x on GRCh38,1000 Genomes phase 3 release,1000 Genomes phase 1 release
HG00407	F	SAME125106	CHS	Southern Han Chinese	EAS	East Asian Ancestry	CHS	1000 Genomes on GRCh38,1000 Genomes 30x on GRCh38,1KG_ONT_VIENNA,1000 Genomes phase 3 release,1000 Genomes phase 1 release
HG00408	F	SAME123155	CHS	Southern Han Chinese	EAS	East Asian Ancestry	CHS	1000 Genomes 30x on GRCh38,Human Pangenome Reference Consortium, Phase 2,1000 Genomes phase 3 release
HG00409	M	SAME1840026	CHS	Southern Han Chinese	EAS	East Asian Ancestry	CHS	1000 Genomes on GRCh38,1000 Genomes 30x on GRCh38,1KG_ONT_VIENNA,1000 Genomes phase 3 release
HG00410	F	SAME1839734	CHS	Southern Han Chinese	EAS	East Asian Ancestry	CHS	1000 Genomes on GRCh38,1000 Genomes 30x on GRCh38,MAGE RNA-seq,1000 Genomes phase 3 release
HG00418	M	SAME122992	CHS	Southern Han Chinese	EAS	East Asian Ancestry	CHS	1000 Genomes on GRCh38,1000 Genomes 30x on GRCh38,1KG_ONT_VIENNA,1000 Genomes phase 3 release,1000 Genomes phase 1 release,90 Han Chinese high coverage genomes
HG00419	F	SAME122991	CHS	Southern Han Chinese	EAS	East Asian Ancestry	CHS	1000 Genomes on GRCh38,1000 Genomes 30x on GRCh38,1KG_ONT_VIENNA,1000 Genomes phase 3 release,1000 Genomes phase 1 release
HG00420	M	SAME122807	CHS	Southern Han Chinese	EAS	East Asian Ancestry	CHS	1000 Genomes 30x on GRCh38,1KG_ONT_VIENNA,1000 Genomes phase 3 release
HG00421	M	SAME122808	CHS	Southern Han Chinese	EAS	East Asian Ancestry	CHS	1000 Genomes on GRCh38,1000 Genomes 30x on GRCh38,1000 Genomes phase 3 release,1000 Genomes phase 1 release,90 Han Chinese high coverage genomes
HG00422	F	SAME122809	CHS	Southern Han Chinese	EAS	East Asian Ancestry	CHS	1000 Genomes on GRCh38,1000 Genomes 30x on GRCh38,1000 Genomes phase 3 release,1000 Genomes phase 1 release,90 Han Chinese high coverage genomes
HG00423	F	SAME122810	CHS	Southern Han Chinese	EAS	East Asian Ancestry	CHS	1000 Genomes 30x on GRCh38,Human Pangenome Reference Consortium, Phase 2,1000 Genomes phase 3 release
HG00427	M	SAME122806	CHS	Southern Han Chinese	EAS	East Asian Ancestry	CHS	1000 Genomes on GRCh38,1000 Genomes 30x on GRCh38,1KG_ONT_VIENNA,1000 Genomes phase 3 release,1000 Genomes phase 1 release,90 Han Chinese high coverage genomes
HG00428	F	SAME122811	CHS	Southern Han Chinese	EAS	East Asian Ancestry	CHS	1000 Genomes on GRCh38,1000 Genomes 30x on GRCh38,1000 Genomes phase 3 release,1000 Genomes phase 1 release,90 Han Chinese high coverage genomes
HG00429	M	SAME122812	CHS	Southern Han Chinese	EAS	East Asian Ancestry	CHS	1000 Genomes 30x on GRCh38,1000 Genomes phase 3 release
HG00436	M	SAME125262	CHS	Southern Han Chinese	EAS	East Asian Ancestry	CHS	1000 Genomes on GRCh38,1000 Genomes 30x on GRCh38,1KG_ONT_VIENNA,1000 Genomes phase 3 release,1000 Genomes phase 1 release,90 Han Chinese high coverage genomes
HG00437	F	SAME125261	CHS	Southern Han Chinese	EAS	East Asian Ancestry	CHS	1000 Genomes on GRCh38,1000 Genomes 30x on GRCh38,1000 Genomes phase 3 release,1000 Genomes phase 1 release,90 Han Chinese high coverage genomes
HG00438	F	SAME125267	CHS	Southern Han Chinese	EAS	East Asian Ancestry	CHS	1000 Genomes 30x on GRCh38,Human Pangenome Reference Consortium, Phase 2,1000 Genomes phase 3 release
HG00442	M	SAME124912	CHS	Southern Han Chinese	EAS	East Asian Ancestry	CHS	1000 Genomes on GRCh38,1000 Genomes 30x on GRCh38,1KG_ONT_VIENNA,MAGE RNA-seq,1000 Genomes phase 3 release,1000 Genomes phase 1 release,90 Han Chinese high coverage genomes
HG00443	F	SAME124920	CHS	Southern Han Chinese	EAS	East Asian Ancestry	CHS	1000 Genomes on GRCh38,1000 Genomes 30x on GRCh38,1KG_ONT_VIENNA,1000 Genomes phase 3 release,1000 Genomes phase 1 release,90 Han Chinese high coverage genomes
HG00444	M	SAME124190	CHS	Southern Han Chinese	EAS	East Asian Ancestry	CHS	1000 Genomes 30x on GRCh38,1000 Genomes phase 3 release
HG00445	M	SAME124975	CHS	Southern Han Chinese	EAS	East Asian Ancestry	CHS	1000 Genomes on GRCh38,1000 Genomes 30x on GRCh38,1000 Genomes phase 3 release,1000 Genomes phase 1 release
HG00446	F	SAME123880	CHS	Southern Han Chinese	EAS	East Asian Ancestry	CHS	1000 Genomes on GRCh38,1000 Genomes 30x on GRCh38,1KG_ONT_VIENNA,1000 Genomes phase 3 release,1000 Genomes phase 1 release
HG00447	F	SAME124953	CHS	Southern Han Chinese	EAS	East Asian Ancestry	CHS	1000 Genomes 30x on GRCh38,1000 Genomes phase 3 release
HG00448	M	SAME124200	CHS	Southern Han Chinese	EAS	East Asian Ancestry	CHS	1000 Genomes on GRCh38,1000 Genomes 30x on GRCh38,1000 Genomes phase 3 release,1000 Genomes phase 1 release,90 Han Chinese high coverage genomes
HG00449	F	SAME123885	CHS	Southern Han Chinese	EAS	East Asian Ancestry	CHS	1000 Genomes on GRCh38,1000 Genomes 30x on GRCh38,1KG_ONT_VIENNA,1000 Genomes phase 3 release,1000 Genomes phase 1 release
HG00450	F	SAME125167	CHS	Southern Han Chinese	EAS	East Asian Ancestry	CHS	1000 Genomes 30x on GRCh38,1000 Genomes phase 3 release
HG00451	M	SAME125159	CHS	Southern Han Chinese	EAS	East Asian Ancestry	CHS	1000 Genomes on GRCh38,1000 Genomes 30x on GRCh38,1000 Genomes phase 3 release,1000 Genomes phase 1 release
HG00452	F	SAME123115	CHS	Southern Han Chinese	EAS	East Asian Ancestry	CHS	1000 Genomes on GRCh38,1000 Genomes 30x on GRCh38,1KG_ONT_VIENNA,1000 Genomes phase 3 release,1000 Genomes phase 1 release
HG00453	F	SAME123113	CHS	Southern Han Chinese	EAS	East Asian Ancestry	CHS	1000 Genomes 30x on GRCh38,1000 Genomes phase 3 release
HG00457	M	SAME123095	CHS	Southern Han Chinese	EAS	East Asian Ancestry	CHS	1000 Genomes on GRCh38,1000 Genomes 30x on GRCh38,1000 Genomes phase 3 release,1000 Genomes phase 1 release
HG00458	F	SAME125278	CHS	Southern Han Chinese	EAS	East Asian Ancestry	CHS	1000 Genomes on GRCh38,1000 Genomes 30x on GRCh38,1000 Genomes phase 3 release,1000 Genomes phase 1 release
HG00459	M	SAME125269	CHS	Southern Han Chinese	EAS	East Asian Ancestry	CHS	1000 Genomes 30x on GRCh38,1000 Genomes phase 3 release
HG00463	M	SAME123496	CHS	Southern Han Chinese	EAS	East Asian Ancestry	CHS	1000 Genomes on GRCh38,1000 Genomes 30x on GRCh38,MAGE RNA-seq,1000 Genomes phase 3 release,1000 Genomes phase 1 release
HG00464	F	SAME123497	CHS	Southern Han Chinese	EAS	East Asian Ancestry	CHS	1000 Genomes on GRCh38,1000 Genomes 30x on GRCh38,1KG_ONT_VIENNA,1000 Genomes phase 3 release,1000 Genomes phase 1 release
HG00465	M	SAME123498	CHS	Southern Han Chinese	EAS	East Asian Ancestry	CHS	1000 Genomes 30x on GRCh38,1000 Genomes phase 3 release
HG00472	M	SAME123339	CHS	Southern Han Chinese	EAS	East Asian Ancestry	CHS	1000 Genomes on GRCh38,1000 Genomes 30x on GRCh38,1KG_ONT_VIENNA,1000 Genomes phase 3 release,1000 Genomes phase 1 release,90 Han Chinese high coverage genomes
HG00473	F	SAME123338	CHS	Southern Han Chinese	EAS	East Asian Ancestry	CHS	1000 Genomes on GRCh38,1000 Genomes 30x on GRCh38,MAGE RNA-seq,1000 Genomes phase 3 release,1000 Genomes phase 1 release,90 Han Chinese high coverage genomes
HG00474	M	SAME123343	CHS	Southern Han Chinese	EAS	East Asian Ancestry	CHS	1000 Genomes 30x on GRCh38,1000 Genomes phase 3 release
HG00475	M	SAME123342	CHS	Southern Han Chinese	EAS	East Asian Ancestry	CHS	1000 Genomes on GRCh38,1000 Genomes 30x on GRCh38,1KG_ONT_VIENNA,MAGE RNA-seq,1000 Genomes phase 3 release,1000 Genomes phase 1 release,90 Han Chinese high coverage genomes
HG00476	F	SAME123341	CHS	Southern Han Chinese	EAS	East Asian Ancestry	CHS	1000 Genomes on GRCh38,1000 Genomes 30x on GRCh38,1000 Genomes phase 3 release,1000 Genomes phase 1 release,90 Han Chinese high coverage genomes
HG00477	M	SAME123340	CHS	Southern Han Chinese	EAS	East Asian Ancestry	CHS	1000 Genomes 30x on GRCh38,1000 Genomes phase 3 release
HG00478	M	SAME123335	CHS	Southern Han Chinese	EAS	East Asian Ancestry	CHS	1000 Genomes on GRCh38,1000 Genomes 30x on GRCh38,1000 Genomes phase 3 release,1000 Genomes phase 1 release,90 Han Chinese high coverage genomes
HG00479	F	SAME123334	CHS	Southern Han Chinese	EAS	East Asian Ancestry	CHS	1000 Genomes on GRCh38,1000 Genomes 30x on GRCh38,1KG_ONT_VIENNA,1000 Genomes phase 3 release,1000 Genomes phase 1 release,90 Han Chinese high coverage genomes
HG00480	M	SAME124617	CHS	Southern Han Chinese	EAS	East Asian Ancestry	CHS	1000 Genomes 30x on GRCh38,1000 Genomes phase 3 release
HG00500	M	SAME123363	CHS	Southern Han Chinese	EAS	East Asian Ancestry	CHS	1000 Genomes on GRCh38,1000 Genomes 30x on GRCh38,1000 Genomes phase 3 release,1000 Genomes phase 1 release,90 Han Chinese high coverage genomes
HG00501	F	SAME123362	CHS	Southern Han Chinese	EAS	East Asian Ancestry	CHS	1000 Genomes on GRCh38,1000 Genomes 30x on GRCh38,1000 Genomes phase 3 release,1000 Genomes phase 1 release
HG00502	M	SAME123361	CHS	Southern Han Chinese	EAS	East Asian Ancestry	CHS	1000 Genomes 30x on GRCh38,1000 Genomes phase 3 release
HG00512	M	SAME123525	CHS	Southern Han Chinese	EAS	East Asian Ancestry	CHS	1000 Genomes on GRCh38,1000 Genomes 30x on GRCh38,Human Genome Structural Variation Consortium, Phase 2,Human Genome Structural Variation Consortium, Phase 3,The Human Genome Structural Variation Consortium,1000 Genomes phase 3 release,1000 Genomes phase 1 release
HG00513	F	SAME123526	CHS	Southern Han Chinese	EAS	East Asian Ancestry	CHS	1000 Genomes on GRCh38,1000 Genomes 30x on GRCh38,Human Genome Structural Variation Consortium, Phase 2,Human Genome Structural Variation Consortium, Phase 3,1KG_ONT_VIENNA,MAGE RNA-seq,The Human Genome Structural Variation Consortium,1000 Genomes phase 3 release,1000 Genomes phase 1 release,90 Han Chinese high coverage genomes
HG00514	F	SAME123522	CHS	Southern Han Chinese	EAS	East Asian Ancestry	CHS	1000 Genomes 30x on GRCh38,Human Genome Structural Variation Consortium, Phase 2,Human Genome Structural Variation Consortium, Phase 3,The Human Genome Structural Variation Consortium,1000 Genomes phase 3 release
HG00524	M	SAME123724	CHS	Southern Han Chinese	EAS	East Asian Ancestry	CHS	1000 Genomes on GRCh38,1000 Genomes 30x on GRCh38,1000 Genomes phase 3 release,1000 Genomes phase 1 release,90 Han Chinese high coverage genomes
HG00525	F	SAME123242	CHS	Southern Han Chinese	EAS	East Asian Ancestry	CHS	1000 Genomes on GRCh38,1000 Genomes 30x on GRCh38,MAGE RNA-seq,1000 Genomes phase 3 release,1000 Genomes phase 1 release,90 Han Chinese high coverage genomes
HG00526	M	SAME123395	CHS	Southern Han Chinese	EAS	East Asian Ancestry	CHS	1000 Genomes 30x on GRCh38,1000 Genomes phase 3 release
HG00530	M	SAME124356	CHS	Southern Han Chinese	EAS	East Asian Ancestry	CHS	1000 Genomes on GRCh38,1000 Genomes 30x on GRCh38,1KG_ONT_VIENNA,1000 Genomes phase 3 release,1000 Genomes phase 1 release,90 Han Chinese high coverage genomes
HG00531	F	SAME125381	CHS	Southern Han Chinese	EAS	East Asian Ancestry	CHS	1000 Genomes on GRCh38,1000 Genomes 30x on GRCh38,1000 Genomes phase 3 release,1000 Genomes phase 1 release,90 Han Chinese high coverage genomes
HG00532	M	SAME125268	CHS	Southern Han Chinese	EAS	East Asian Ancestry	CHS	1000 Genomes 30x on GRCh38,1000 Genomes phase 3 release
HG00533	M	SAME124353	CHS	Southern Han Chinese	EAS	East Asian Ancestry	CHS	1000 Genomes on GRCh38,1000 Genomes 30x on GRCh38,MAGE RNA-seq,1000 Genomes phase 3 release,1000 Genomes phase 1 release,90 Han Chinese high coverage genomes
HG00534	F	SAME123915	CHS	Southern Han Chinese	EAS	East Asian Ancestry	CHS	1000 Genomes on GRCh38,1000 Genomes 30x on GRCh38,1000 Genomes phase 3 release,1000 Genomes phase 1 release,90 Han Chinese high coverage genomes
HG00535	M	SAME124348	CHS	Southern Han Chinese	EAS	East Asian Ancestry	CHS	1000 Genomes 30x on GRCh38,1000 Genomes phase 3 release
HG00536	M	SAME124344	CHS	Southern Han Chinese	EAS	East Asian Ancestry	CHS	1000 Genomes on GRCh38,1000 Genomes 30x on GRCh38,1000 Genomes phase 3 release,1000 Genomes phase 1 release,90 Han Chinese high coverage genomes
HG00537	F	SAME124345	CHS	Southern Han Chinese	EAS	East Asian Ancestry	CHS	1000 Genomes on GRCh38,1000 Genomes 30x on GRCh38,1KG_ONT_VIENNA,MAGE RNA-seq,1000 Genomes phase 3 release,1000 Genomes phase 1 release,90 Han Chinese high coverage genomes
HG00538	M	SAME124343	CHS	Southern Han Chinese	EAS	East Asian Ancestry	CHS	1000 Genomes 30x on GRCh38,1000 Genomes phase 3 release
HG00542	M	SAME124352	CHS	Southern Han Chinese	EAS	East Asian Ancestry	CHS	1000 Genomes on GRCh38,1000 Genomes 30x on GRCh38,1000 Genomes phase 3 release,1000 Genomes phase 1 release,90 Han Chinese high coverage genomes
HG00543	F	SAME122857	CHS	Southern Han Chinese	EAS	East Asian Ancestry	CHS	1000 Genomes on GRCh38,1000 Genomes 30x on GRCh38,1000 Genomes phase 3 release,1000 Genomes phase 1 release
HG00544	F	SAME124086	CHS	Southern Han Chinese	EAS	East Asian Ancestry	CHS	1000 Genomes 30x on GRCh38,Human Pangenome Reference Consortium, Phase 2,1000 Genomes phase 3 release
HG00551	F	SAME124252	PUR	Puerto Rican	AMR	American Ancestry	PUR	1000 Genomes on GRCh38,1000 Genomes 30x on GRCh38,1KG_ONT_VIENNA,MAGE RNA-seq,1000 Genomes phase 3 release,1000 Genomes phase 1 release
HG00552	M	SAME124253	PUR	Puerto Rican	AMR	American Ancestry	PUR	1000 Genomes 30x on GRCh38,1000 Genomes phase 3 release
HG00553	M	SAME124254	PUR	Puerto Rican	AMR	American Ancestry	PUR	1000 Genomes on GRCh38,1000 Genomes 30x on GRCh38,MAGE RNA-seq,1000 Genomes phase 3 release,1000 Genomes phase 1 release
HG00554	F	SAME123969	PUR	Puerto Rican	AMR	American Ancestry	PUR	1000 Genomes on GRCh38,1000 Genomes 30x on GRCh38,1000 Genomes phase 3 release,1000 Genomes phase 1 release
HG00555	F	SAME122856	PUR	Puerto Rican	AMR	American Ancestry	PUR	1000 Genomes 30x on GRCh38,1000 Genomes phase 3 release
HG00556	M	SAME123971	CHS	Southern Han Chinese	EAS	East Asian Ancestry	CHS	1000 Genomes on GRCh38,1000 Genomes 30x on GRCh38,MAGE RNA-seq,1000 Genomes phase 3 release,1000 Genomes phase 1 release,90 Han Chinese high coverage genomes
HG00557	F	SAME124258	CHS	Southern Han Chinese	EAS	East Asian Ancestry	CHS	1000 Genomes on GRCh38,1000 Genomes 30x on GRCh38,1000 Genomes phase 3 release,1000 Genomes phase 1 release,90 Han Chinese high coverage genomes
HG00558	F	SAME124247	CHS	Southern Han Chinese	EAS	East Asian Ancestry	CHS	1000 Genomes 30x on GRCh38,Human Pangenome Reference Consortium, Phase 2,1000 Genomes phase 3 release
HG00559	M	SAME124248	CHS	Southern Han Chinese	EAS	East Asian Ancestry	CHS	1000 Genomes on GRCh38,1000 Genomes 30x on GRCh38,1000 Genomes phase 3 release,1000 Genomes phase 1 release
HG00560	F	SAME124456	CHS	Southern Han Chinese	EAS	East Asian Ancestry	CHS	1000 Genomes on GRCh38,1000 Genomes 30x on GRCh38,1000 Genomes phase 3 release,1000 Genomes phase 1 release
HG00561	F	SAME124455	CHS	Southern Han Chinese	EAS	East Asian Ancestry	CHS	1000 Genomes 30x on GRCh38,1000 Genomes phase 3 release
HG00565	M	SAME124452	CHS	Southern Han Chinese	EAS	East Asian Ancestry	CHS	1000 Genomes on GRCh38,1000 Genomes 30x on GRCh38,1KG_ONT_VIENNA,MAGE RNA-seq,1000 Genomes phase 3 release,1000 Genomes phase 1 release
HG00566	F	SAME125048	CHS	Southern Han Chinese	EAS	East Asian Ancestry	CHS	1000 Genomes on GRCh38,1000 Genomes 30x on GRCh38,1KG_ONT_VIENNA,1000 Genomes phase 3 release,1000 Genomes phase 1 release
HG00567	M	SAME124453	CHS	Southern Han Chinese	EAS	East Asian Ancestry	CHS	1000 Genomes 30x on GRCh38,1000 Genomes phase 3 release
HG00577	M	SAME123516	CHS	Southern Han Chinese	EAS	East Asian Ancestry	CHS	1000 Genomes on GRCh38,1000 Genomes 30x on GRCh38,1000 Genomes phase 3 release,1000 Genomes phase 1 release
HG00578	F	SAME123528	CHS	Southern Han Chinese	EAS	East Asian Ancestry	CHS	1000 Genomes on GRCh38,1000 Genomes 30x on GRCh38,1000 Genomes phase 3 release,1000 Genomes phase 1 release
HG00579	F	SAME123530	CHS	Southern Han Chinese	EAS	East Asian Ancestry	CHS	1000 Genomes 30x on GRCh38,1000 Genomes phase 3 release
HG00580	M	SAME124832	CHS	Southern Han Chinese	EAS	East Asian Ancestry	CHS	1000 Genomes on GRCh38,1000 Genomes 30x on GRCh38,1000 Genomes phase 3 release,1000 Genomes phase 1 release,90 Han Chinese high coverage genomes
HG00581	F	SAME124831	CHS	Southern Han Chinese	EAS	East Asian Ancestry	CHS	1000 Genomes on GRCh38,1000 Genomes 30x on GRCh38,MAGE RNA-seq,1000 Genomes phase 3 release,1000 Genomes phase 1 release
HG00582	F	SAME124830	CHS	Southern Han Chinese	EAS	East Asian Ancestry	CHS	1000 Genomes 30x on GRCh38,1000 Genomes phase 3 release
HG00583	M	SAME124829	CHS	Southern Han Chinese	EAS	East Asian Ancestry	CHS	1000 Genomes on GRCh38,1000 Genomes 30x on GRCh38,1KG_ONT_VIENNA,MAGE RNA-seq,1000 Genomes phase 3 release,1000 Genomes phase 1 release,90 Han Chinese high coverage genomes
HG00584	F	SAME124663	CHS	Southern Han Chinese	EAS	East Asian Ancestry	CHS	1000 Genomes on GRCh38,1000 Genomes 30x on GRCh38,1KG_ONT_VIENNA,1000 Genomes phase 3 release,1000 Genomes phase 1 release,90 Han Chinese high coverage genomes
HG00585	F	SAME124722	CHS	Southern Han Chinese	EAS	East Asian Ancestry	CHS	1000 Genomes 30x on GRCh38,1000 Genomes phase 3 release
HG00589	M	SAME124824	CHS	Southern Han Chinese	EAS	East Asian Ancestry	CHS	1000 Genomes on GRCh38,1000 Genomes 30x on GRCh38,1KG_ONT_VIENNA,MAGE RNA-seq,1000 Genomes phase 3 release,1000 Genomes phase 1 release
HG00590	F	SAME125009	CHS	Southern Han Chinese	EAS	East Asian Ancestry	CHS	1000 Genomes on GRCh38,1000 Genomes 30x on GRCh38,MAGE RNA-seq,1000 Genomes phase 3 release,1000 Genomes phase 1 release
HG00591	M	SAME125010	CHS	Southern Han Chinese	EAS	East Asian Ancestry	CHS	1000 Genomes 30x on GRCh38,1000 Genomes phase 3 release
HG00592	M	SAME125011	CHS	Southern Han Chinese	EAS	East Asian Ancestry	CHS	1000 Genomes on GRCh38,1000 Genomes 30x on GRCh38,1000 Genomes phase 3 release,1000 Genomes phase 1 release
HG00593	F	SAME125012	CHS	Southern Han Chinese	EAS	East Asian Ancestry	CHS	1000 Genomes on GRCh38,1000 Genomes 30x on GRCh38,1000 Genomes phase 3 release,1000 Genomes phase 1 release
HG00594	M	SAME125005	CHS	Southern Han Chinese	EAS	East Asian Ancestry	CHS	1000 Genomes 30x on GRCh38,1000 Genomes phase 3 release
HG00595	M	SAME125006	CHS	Southern Han Chinese	EAS	East Asian Ancestry	CHS	1000 Genomes on GRCh38,1000 Genomes 30x on GRCh38,1000 Genomes phase 3 release,1000 Genomes phase 1 release
HG00596	F	SAME125007	CHS	Southern Han Chinese	EAS	East Asian Ancestry	CHS	1000 Genomes on GRCh38,1000 Genomes 30x on GRCh38,1KG_ONT_VIENNA,MAGE RNA-seq,1000 Genomes phase 3 release,1000 Genomes phase 1 release
HG00597	F	SAME125008	CHS	Southern Han Chinese	EAS	East Asian Ancestry	CHS	1000 Genomes 30x on GRCh38,Human Pangenome Reference Consortium, Phase 2,1000 Genomes phase 3 release
HG00598	M	SAME1839713	CHS	Southern Han Chinese	EAS	East Asian Ancestry	CHS	1000 Genomes on GRCh38,1000 Genomes 30x on GRCh38,1000 Genomes phase 3 release
HG00599	F	SAME1839802	CHS	Southern Han Chinese	EAS	East Asian Ancestry	CHS	1000 Genomes on GRCh38,1000 Genomes 30x on GRCh38,1000 Genomes phase 3 release
HG00607	M	SAME125373	CHS	Southern Han Chinese	EAS	East Asian Ancestry	CHS	1000 Genomes on GRCh38,1000 Genomes 30x on GRCh38,1KG_ONT_VIENNA,MAGE RNA-seq,1000 Genomes phase 3 release,1000 Genomes phase 1 release
HG00608	F	SAME125369	CHS	Southern Han Chinese	EAS	East Asian Ancestry	CHS	1000 Genomes on GRCh38,1000 Genomes 30x on GRCh38,1KG_ONT_VIENNA,1000 Genomes phase 3 release,1000 Genomes phase 1 release
HG00609	M	SAME125370	CHS	Southern Han Chinese	EAS	East Asian Ancestry	CHS	1000 Genomes 30x on GRCh38,Human Pangenome Reference Consortium, Phase 2,1000 Genomes phase 3 release
HG00610	M	SAME125199	CHS	Southern Han Chinese	EAS	East Asian Ancestry	CHS	1000 Genomes on GRCh38,1000 Genomes 30x on GRCh38,1KG_ONT_VIENNA,1000 Genomes phase 3 release,1000 Genomes phase 1 release
HG00611	F	SAME125198	CHS	Southern Han Chinese	EAS	East Asian Ancestry	CHS	1000 Genomes on GRCh38,1000 Genomes 30x on GRCh38,1000 Genomes phase 3 release,1000 Genomes phase 1 release
HG00612	F	SAME125197	CHS	Southern Han Chinese	EAS	East Asian Ancestry	CHS	1000 Genomes 30x on GRCh38,1000 Genomes phase 3 release
HG00613	M	SAME125196	CHS	Southern Han Chinese	EAS	East Asian Ancestry	CHS	1000 Genomes on GRCh38,1000 Genomes 30x on GRCh38,1000 Genomes phase 3 release,1000 Genomes phase 1 release
HG00614	F	SAME125195	CHS	Southern Han Chinese	EAS	East Asian Ancestry	CHS	1000 Genomes on GRCh38,1000 Genomes 30x on GRCh38,1000 Genomes phase 3 release,1000 Genomes phase 1 release
HG00615	F	SAME125194	CHS	Southern Han Chinese	EAS	East Asian Ancestry	CHS	1000 Genomes 30x on GRCh38,1000 Genomes phase 3 release
HG00619	M	SAME125193	CHS	Southern Han Chinese	EAS	East Asian Ancestry	CHS	1000 Genomes on GRCh38,1000 Genomes 30x on GRCh38,1KG_ONT_VIENNA,1000 Genomes phase 3 release,1000 Genomes phase 1 release,90 Han Chinese high coverage genomes
HG00620	F	SAME123081	CHS	Southern Han Chinese	EAS	East Asian Ancestry	CHS	1000 Genomes on GRCh38,1000 Genomes 30x on GRCh38,1000 Genomes phase 3 release,1000 Genomes phase 1 release,90 Han Chinese high coverage genomes
HG00621	M	SAME123082	CHS	Southern Han Chinese	EAS	East Asian Ancestry	CHS	1000 Genomes 30x on GRCh38,Human Pangenome Reference Consortium, Phase 2,1000 Genomes phase 3 release
HG00622	M	SAME1839278	CHS	Southern Han Chinese	EAS	East Asian Ancestry	CHS	1000 Genomes on GRCh38,1000 Genomes 30x on GRCh38,1KG_ONT_VIENNA,1000 Genomes phase 3 release
HG00623	F	SAME1839285	CHS	Southern Han Chinese	EAS	East Asian Ancestry	CHS	1000 Genomes on GRCh38,1000 Genomes 30x on GRCh38,1000 Genomes phase 3 release
HG00625	M	SAME123080	CHS	Southern Han Chinese	EAS	East Asian Ancestry	CHS	1000 Genomes on GRCh38,1000 Genomes 30x on GRCh38,MAGE RNA-seq,1000 Genomes phase 3 release,1000 Genomes phase 1 release
HG00626	F	SAME123078	CHS	Southern Han Chinese	EAS	East Asian Ancestry	CHS	1000 Genomes on GRCh38,1000 Genomes 30x on GRCh38,1KG_ONT_VIENNA,1000 Genomes phase 3 release,1000 Genomes phase 1 release
HG00627	M	SAME123079	CHS	Southern Han Chinese	EAS	East Asian Ancestry	CHS	1000 Genomes 30x on GRCh38,1000 Genomes phase 3 release
HG00628	M	SAME123085	CHS	Southern Han Chinese	EAS	East Asian Ancestry	CHS	1000 Genomes on GRCh38,1000 Genomes 30x on GRCh38,MAGE RNA-seq,1000 Genomes phase 3 release,1000 Genomes phase 1 release
HG00629	F	SAME123086	CHS	Southern Han Chinese	EAS	East Asian Ancestry	CHS	1000 Genomes on GRCh38,1000 Genomes 30x on GRCh38,1000 Genomes phase 3 release,1000 Genomes phase 1 release
HG00630	M	SAME122901	CHS	Southern Han Chinese	EAS	East Asian Ancestry	CHS	1000 Genomes 30x on GRCh38,1000 Genomes phase 3 release
HG00631	M	SAME1839060	CHS	Southern Han Chinese	EAS	East Asian Ancestry	CHS	1000 Genomes on GRCh38,1000 Genomes 30x on GRCh38,MAGE RNA-seq,1000 Genomes phase 3 release
HG00632	F	SAME1839151	CHS	Southern Han Chinese	EAS	East Asian Ancestry	CHS	1000 Genomes on GRCh38,1000 Genomes 30x on GRCh38,1KG_ONT_VIENNA,1000 Genomes phase 3 release
HG00634	M	SAME122903	CHS	Southern Han Chinese	EAS	East Asian Ancestry	CHS	1000 Genomes on GRCh38,1000 Genomes 30x on GRCh38,1KG_ONT_VIENNA,1000 Genomes phase 3 release,1000 Genomes phase 1 release
HG00635	F	SAME122902	CHS	Southern Han Chinese	EAS	East Asian Ancestry	CHS	1000 Genomes on GRCh38,1000 Genomes 30x on GRCh38,1000 Genomes phase 3 release,1000 Genomes phase 1 release
HG00636	M	SAME123711	CHS	Southern Han Chinese	EAS	East Asian Ancestry	CHS	1000 Genomes 30x on GRCh38,1000 Genomes phase 3 release
HG00637	M	SAME123710	PUR	Puerto Rican	AMR	American Ancestry	PUR	1000 Genomes on GRCh38,1000 Genomes 30x on GRCh38,1KG_ONT_VIENNA,1000 Genomes phase 3 release,1000 Genomes phase 1 release
HG00638	F	SAME123652	PUR	Puerto Rican	AMR	American Ancestry	PUR	1000 Genomes on GRCh38,1000 Genomes 30x on GRCh38,1000 Genomes phase 3 release,1000 Genomes phase 1 release
HG00639	F	SAME123650	PUR	Puerto Rican	AMR	American Ancestry	PUR	1000 Genomes 30x on GRCh38,Human Pangenome Reference Consortium, Phase 2,1000 Genomes phase 3 release
HG00640	M	SAME123434	PUR	Puerto Rican	AMR	American Ancestry	PUR	1000 Genomes on GRCh38,1000 Genomes 30x on GRCh38,1000 Genomes phase 3 release,1000 Genomes phase 1 release
HG00641	F	SAME123435	PUR	Puerto Rican	AMR	American Ancestry	PUR	1000 Genomes on GRCh38,1000 Genomes 30x on GRCh38,1KG_ONT_VIENNA,MAGE RNA-seq,1000 Genomes phase 3 release,1000 Genomes phase 1 release
HG00642	M	SAME123436	PUR	Puerto Rican	AMR	American Ancestry	PUR	1000 Genomes 30x on GRCh38,Human Pangenome Reference Consortium, Phase 2,1000 Genomes phase 3 release
HG00650	M	SAME123254	CHS	Southern Han Chinese	EAS	East Asian Ancestry	CHS	1000 Genomes on GRCh38,1000 Genomes 30x on GRCh38,1KG_ONT_VIENNA,1000 Genomes phase 3 release,1000 Genomes phase 1 release
HG00651	F	SAME123966	CHS	Southern Han Chinese	EAS	East Asian Ancestry	CHS	1000 Genomes on GRCh38,1000 Genomes 30x on GRCh38,1KG_ONT_VIENNA,1000 Genomes phase 3 release,1000 Genomes phase 1 release
HG00652	F	SAME123252	CHS	Southern Han Chinese	EAS	East Asian Ancestry	CHS	1000 Genomes 30x on GRCh38,1000 Genomes phase 3 release
HG00653	M	SAME123251	CHS	Southern Han Chinese	EAS	East Asian Ancestry	CHS	1000 Genomes on GRCh38,1000 Genomes 30x on GRCh38,MAGE RNA-seq,1000 Genomes phase 3 release,1000 Genomes phase 1 release,90 Han Chinese high coverage genomes
HG00654	F	SAME123234	CHS	Southern Han Chinese	EAS	East Asian Ancestry	CHS	1000 Genomes on GRCh38,1000 Genomes 30x on GRCh38,1000 Genomes phase 3 release,1000 Genomes phase 1 release
HG00655	F	SAME123257	CHS	Southern Han Chinese	EAS	East Asian Ancestry	CHS	1000 Genomes 30x on GRCh38,1000 Genomes phase 3 release
HG00656	M	SAME123233	CHS	Southern Han Chinese	EAS	East Asian Ancestry	CHS	1000 Genomes on GRCh38,1000 Genomes 30x on GRCh38,1000 Genomes phase 3 release,1000 Genomes phase 1 release,90 Han Chinese high coverage genomes
HG00657	F	SAME123255	CHS	Southern Han Chinese	EAS	East Asian Ancestry	CHS	1000 Genomes on GRCh38,1000 Genomes 30x on GRCh38,1KG_ONT_VIENNA,MAGE RNA-seq,1000 Genomes phase 3 release,1000 Genomes phase 1 release,90 Han Chinese high coverage genomes
HG00658	M	SAME123241	CHS	Southern Han Chinese	EAS	East Asian Ancestry	CHS	1000 Genomes 30x on GRCh38,Human Pangenome Reference Consortium, Phase 2,1000 Genomes phase 3 release
HG00662	M	SAME123812	CHS	Southern Han Chinese	EAS	East Asian Ancestry	CHS	1000 Genomes on GRCh38,1000 Genomes 30x on GRCh38,Human Pangenome Reference Consortium, Phase 2,1000 Genomes phase 3 release,1000 Genomes phase 1 release
HG00663	F	SAME123813	CHS	Southern Han Chinese	EAS	East Asian Ancestry	CHS	1000 Genomes on GRCh38,1000 Genomes 30x on GRCh38,MAGE RNA-seq,1000 Genomes phase 3 release,1000 Genomes phase 1 release,90 Han Chinese high coverage genomes
HG00664	M	SAME123814	CHS	Southern Han Chinese	EAS	East Asian Ancestry	CHS	1000 Genomes 30x on GRCh38,1000 Genomes phase 3 release
HG00671	M	SAME123604	CHS	Southern Han Chinese	EAS	East Asian Ancestry	CHS	1000 Genomes on GRCh38,1000 Genomes 30x on GRCh38,1000 Genomes phase 3 release,1000 Genomes phase 1 release,90 Han Chinese high coverage genomes
HG00672	F	SAME123606	CHS	Southern Han Chinese	EAS	East Asian Ancestry	CHS	1000 Genomes on GRCh38,1000 Genomes 30x on GRCh38,1000 Genomes phase 3 release,1000 Genomes phase 1 release,90 Han Chinese high coverage genomes
HG00673	M	SAME123605	CHS	Southern Han Chinese	EAS	East Asian Ancestry	CHS	1000 Genomes 30x on GRCh38,Human Pangenome Reference Consortium, Phase 2,1000 Genomes phase 3 release
HG00674	M	SAME1840080	CHS	Southern Han Chinese	EAS	East Asian Ancestry	CHS	1000 Genomes on GRCh38,1000 Genomes 30x on GRCh38,1000 Genomes phase 3 release
HG00675	F	SAME1840076	CHS	Southern Han Chinese	EAS	East Asian Ancestry	CHS	1000 Genomes on GRCh38,1000 Genomes 30x on GRCh38,1000 Genomes phase 3 release
HG00683	M	SAME123892	CHS	Southern Han Chinese	EAS	East Asian Ancestry	CHS	1000 Genomes on GRCh38,1000 Genomes 30x on GRCh38,1000 Genomes phase 3 release,1000 Genomes phase 1 release,90 Han Chinese high coverage genomes
HG00684	F	SAME123890	CHS	Southern Han Chinese	EAS	East Asian Ancestry	CHS	1000 Genomes on GRCh38,1000 Genomes 30x on GRCh38,1KG_ONT_VIENNA,1000 Genomes phase 3 release,1000 Genomes phase 1 release,90 Han Chinese high coverage genomes
HG00685	M	SAME123891	CHS	Southern Han Chinese	EAS	East Asian Ancestry	CHS	1000 Genomes 30x on GRCh38,1000 Genomes phase 3 release
HG00689	M	SAME123893	CHS	Southern Han Chinese	EAS	East Asian Ancestry	CHS	1000 Genomes on GRCh38,1000 Genomes 30x on GRCh38,1000 Genomes phase 3 release,1000 Genomes phase 1 release
HG00690	F	SAME123686	CHS	Southern Han Chinese	EAS	East Asian Ancestry	CHS	1000 Genomes on GRCh38,1000 Genomes 30x on GRCh38,1000 Genomes phase 3 release,1000 Genomes phase 1 release,90 Han Chinese high coverage genomes
HG00691	M	SAME123161	CHS	Southern Han Chinese	EAS	East Asian Ancestry	CHS	1000 Genomes 30x on GRCh38,1000 Genomes phase 3 release
HG00692	M	SAME123684	CHS	Southern Han Chinese	EAS	East Asian Ancestry	CHS	1000 Genomes on GRCh38,1000 Genomes 30x on GRCh38,1KG_ONT_VIENNA,1000 Genomes phase 3 release,1000 Genomes phase 1 release
HG00693	F	SAME123683	CHS	Southern Han Chinese	EAS	East Asian Ancestry	CHS	1000 Genomes on GRCh38,1000 Genomes 30x on GRCh38,MAGE RNA-seq,1000 Genomes phase 3 release,1000 Genomes phase 1 release
HG00694	M	SAME123154	CHS	Southern Han Chinese	EAS	East Asian Ancestry	CHS	1000 Genomes 30x on GRCh38,1000 Genomes phase 3 release
HG00698	M	SAME123693	CHS	Southern Han Chinese	EAS	East Asian Ancestry	CHS	1000 Genomes on GRCh38,1000 Genomes 30x on GRCh38,1000 Genomes phase 3 release,1000 Genomes phase 1 release,90 Han Chinese high coverage genomes
HG00699	F	SAME123165	CHS	Southern Han Chinese	EAS	East Asian Ancestry	CHS	1000 Genomes on GRCh38,1000 Genomes 30x on GRCh38,1000 Genomes phase 3 release,1000 Genomes phase 1 release,90 Han Chinese high coverage genomes
HG00700	F	SAME122932	CHS	Southern Han Chinese	EAS	East Asian Ancestry	CHS	1000 Genomes 30x on GRCh38,1000 Genomes phase 3 release
HG00701	M	SAME122931	CHS	Southern Han Chinese	EAS	East Asian Ancestry	CHS	1000 Genomes on GRCh38,1000 Genomes 30x on GRCh38,Human Pangenome Reference Consortium, Phase 2,1000 Genomes phase 3 release,1000 Genomes phase 1 release
HG00702	F	SAME122934	CHS	Southern Han Chinese	EAS	East Asian Ancestry	CHS	1000 Genomes on GRCh38,1000 Genomes 30x on GRCh38,1KG_ONT_VIENNA,1000 Genomes phase 3 release,1000 Genomes phase 1 release
HG00703	M	SAME122933	CHS	Southern Han Chinese	EAS	East Asian Ancestry	CHS	1000 Genomes 30x on GRCh38,1000 Genomes phase 3 release
HG00704	M	SAME122928	CHS	Southern Han Chinese	EAS	East Asian Ancestry	CHS	1000 Genomes on GRCh38,1000 Genomes 30x on GRCh38,MAGE RNA-seq,1000 Genomes phase 3 release,1000 Genomes phase 1 release
HG00705	F	SAME122927	CHS	Southern Han Chinese	EAS	East Asian Ancestry	CHS	1000 Genomes on GRCh38,1000 Genomes 30x on GRCh38,MAGE RNA-seq,1000 Genomes phase 3 release,1000 Genomes phase 1 release
HG00706	M	SAME122930	CHS	Southern Han Chinese	EAS	East Asian Ancestry	CHS	1000 Genomes 30x on GRCh38,Human Pangenome Reference Consortium, Phase 2,1000 Genomes phase 3 release
HG00707	M	SAME122929	CHS	Southern Han Chinese	EAS	East Asian Ancestry	CHS	1000 Genomes on GRCh38,1000 Genomes 30x on GRCh38,1000 Genomes phase 3 release,1000 Genomes phase 1 release
HG00708	F	SAME122940	CHS	Southern Han Chinese	EAS	East Asian Ancestry	CHS	1000 Genomes on GRCh38,1000 Genomes 30x on GRCh38,1000 Genomes phase 3 release,1000 Genomes phase 1 release
HG00709	M	SAME125334	CHS	Southern Han Chinese	EAS	East Asian Ancestry	CHS	1000 Genomes 30x on GRCh38,1000 Genomes phase 3 release
HG00716	M	SAME123112	CHS	Southern Han Chinese	EAS	East Asian Ancestry	CHS	1000 Genomes on GRCh38,1000 Genomes phase 3 release
HG00717	F	SAME124926	CHS	Southern Han Chinese	EAS	East Asian Ancestry	CHS	1000 Genomes on GRCh38,1000 Genomes 30x on GRCh38,1KG_ONT_VIENNA,1000 Genomes phase 3 release
HG00718	M	SAME123114	CHS	Southern Han Chinese	EAS	East Asian Ancestry	CHS	1000 Genomes phase 3 release
HG00728	M	SAME1840267	CHS	Southern Han Chinese	EAS	East Asian Ancestry	CHS	1000 Genomes on GRCh38,1000 Genomes 30x on GRCh38,MAGE RNA-seq,1000 Genomes phase 3 release
HG00729	F	SAME1840273	CHS	Southern Han Chinese	EAS	East Asian Ancestry	CHS	1000 Genomes on GRCh38,1000 Genomes 30x on GRCh38,1000 Genomes phase 3 release
HG00731	M	SAME125390	PUR	Puerto Rican	AMR	American Ancestry	PUR	1000 Genomes on GRCh38,1000 Genomes 30x on GRCh38,Human Genome Structural Variation Consortium, Phase 2,Human Genome Structural Variation Consortium, Phase 3,1KG_ONT_VIENNA,MAGE RNA-seq,The Human Genome Structural Variation Consortium,1000 Genomes phase 3 release,1000 Genomes phase 1 release
HG00732	F	SAME125396	PUR	Puerto Rican	AMR	American Ancestry	PUR	1000 Genomes on GRCh38,1000 Genomes 30x on GRCh38,Human Genome Structural Variation Consortium, Phase 2,Human Genome Structural Variation Consortium, Phase 3,The Human Genome Structural Variation Consortium,1000 Genomes phase 3 release,1000 Genomes phase 1 release
HG00733	F	SAME125399	PUR	Puerto Rican	AMR	American Ancestry	PUR	1000 Genomes on GRCh38,1000 Genomes 30x on GRCh38,Human Genome Structural Variation Consortium, Phase 2,Human Genome Structural Variation Consortium, Phase 3,Human Pangenome Reference Consortium, Phase 2,The Human Genome Structural Variation Consortium,1000 Genomes phase 3 release
HG00734	F	SAME123016	PUR	Puerto Rican	AMR	American Ancestry	PUR	1000 Genomes on GRCh38,1000 Genomes 30x on GRCh38,1000 Genomes phase 3 release,1000 Genomes phase 1 release
HG00735	F	SAME123042	PUR	Puerto Rican	AMR	American Ancestry	PUR	1000 Genomes 30x on GRCh38,Human Pangenome Reference Consortium, Phase 2,1000 Genomes phase 3 release
HG00736	M	SAME123058	PUR	Puerto Rican	AMR	American Ancestry	PUR	1000 Genomes on GRCh38,1000 Genomes 30x on GRCh38,1KG_ONT_VIENNA,1000 Genomes phase 3 release,1000 Genomes phase 1 release
HG00737	F	SAME125416	PUR	Puerto Rican	AMR	American Ancestry	PUR	1000 Genomes on GRCh38,1000 Genomes 30x on GRCh38,1KG_ONT_VIENNA,MAGE RNA-seq,1000 Genomes phase 3 release,1000 Genomes phase 1 release
HG00738	M	SAME125368	PUR	Puerto Rican	AMR	American Ancestry	PUR	1000 Genomes 30x on GRCh38,Human Pangenome Reference Consortium, Phase 2,1000 Genomes phase 3 release
HG00739	M	SAME125113	PUR	Puerto Rican	AMR	American Ancestry	PUR	1000 Genomes on GRCh38,1000 Genomes 30x on GRCh38,1KG_ONT_VIENNA,1000 Genomes phase 3 release,1000 Genomes phase 1 release
HG00740	F	SAME124834	PUR	Puerto Rican	AMR	American Ancestry	PUR	1000 Genomes on GRCh38,1000 Genomes 30x on GRCh38,1KG_ONT_VIENNA,MAGE RNA-seq,1000 Genomes phase 3 release,1000 Genomes phase 1 release
HG00741	F	SAME124833	PUR	Puerto Rican	AMR	American Ancestry	PUR	1000 Genomes 30x on GRCh38,Human Pangenome Reference Consortium, Phase 2,1000 Genomes phase 3 release
HG00742	M	SAME1840188	PUR	Puerto Rican	AMR	American Ancestry	PUR	1000 Genomes on GRCh38,1000 Genomes 30x on GRCh38,1000 Genomes phase 3 release
HG00743	F	SAME1840184	PUR	Puerto Rican	AMR	American Ancestry	PUR	1000 Genomes on GRCh38,1000 Genomes 30x on GRCh38,1000 Genomes phase 3 release
HG00759	F	SAME125020	CDX	Dai Chinese	EAS	East Asian Ancestry	CDX	1000 Genomes on GRCh38,1000 Genomes 30x on GRCh38,1KG_ONT_VIENNA,1000 Genomes phase 3 release
HG00766	F	SAME124458	CDX	Dai Chinese	EAS	East Asian Ancestry	CDX	1000 Genomes on GRCh38,1000 Genomes 30x on GRCh38,1KG_ONT_VIENNA,1000 Genomes phase 3 release
HG00844	M	SAME123952	CDX	Dai Chinese	EAS	East Asian Ancestry	CDX	1000 Genomes on GRCh38,1000 Genomes 30x on GRCh38,1KG_ONT_VIENNA,MAGE RNA-seq,1000 Genomes phase 3 release
HG00851	F	SAME123756	CDX	Dai Chinese	EAS	East Asian Ancestry	CDX	1000 Genomes on GRCh38,1000 Genomes 30x on GRCh38,MAGE RNA-seq,1000 Genomes phase 3 release
HG00864	F	SAME123547	CDX	Dai Chinese	EAS	East Asian Ancestry	CDX	1000 Genomes on GRCh38,1000 Genomes 30x on GRCh38,Human Genome Structural Variation Consortium, Phase 2,Human Genome Structural Variation Consortium, Phase 3,MAGE RNA-seq,1000 Genomes phase 3 release
HG00866	M	SAME123549	CDX	Dai Chinese	EAS	East Asian Ancestry	CDX	1000 Genomes on GRCh38,1000 Genomes phase 3 release
HG00867	F	SAME123550	CDX	Dai Chinese	EAS	East Asian Ancestry	CDX	1000 Genomes on GRCh38,1000 Genomes 30x on GRCh38,Human Pangenome Reference Consortium, Phase 2,1000 Genomes phase 3 release
HG00879	F	SAME123399	CDX	Dai Chinese	EAS	East Asian Ancestry	CDX	1000 Genomes on GRCh38,1000 Genomes 30x on GRCh38,1000 Genomes phase 3 release
HG00881	M	SAME123540	CDX	Dai Chinese	EAS	East Asian Ancestry	CDX	1000 Genomes on GRCh38,1000 Genomes 30x on GRCh38,1KG_ONT_VIENNA,1000 Genomes phase 3 release
HG00956	F	SAME124319	CDX	Dai Chinese	EAS	East Asian Ancestry	CDX	1000 Genomes on GRCh38,1000 Genomes 30x on GRCh38,MAGE RNA-seq,1000 Genomes phase 3 release
HG00978	F	SAME124727	CDX	Dai Chinese	EAS	East Asian Ancestry	CDX	1000 Genomes on GRCh38,1000 Genomes 30x on GRCh38,MAGE RNA-seq,1000 Genomes phase 3 release
HG00982	M	SAME123770	CDX	Dai Chinese	EAS	East Asian Ancestry	CDX	1000 Genomes on GRCh38,1000 Genomes 30x on GRCh38,1KG_ONT_VIENNA,1000 Genomes phase 3 release
HG00983	M	SAME123769	CDX	Dai Chinese	EAS	East Asian Ancestry	CDX	1000 Genomes on GRCh38,1KG_ONT_VIENNA,1000 Genomes phase 3 release
HG01028	M	SAME123524	CDX	Dai Chinese	EAS	East Asian Ancestry	CDX	1000 Genomes on GRCh38,1000 Genomes 30x on GRCh38,1KG_ONT_VIENNA,Human Pangenome Reference Consortium, Phase 2,1000 Genomes phase 3 release
HG01029	F	SAME123523	CDX	Dai Chinese	EAS	East Asian Ancestry	CDX	1000 Genomes on GRCh38,1000 Genomes 30x on GRCh38,MAGE RNA-seq,1000 Genomes phase 3 release
HG01031	M	SAME123728	CDX	Dai Chinese	EAS	East Asian Ancestry	CDX	1000 Genomes on GRCh38,1000 Genomes 30x on GRCh38,MAGE RNA-seq,1000 Genomes phase 3 release
HG01046	F	SAME123167	CDX	Dai Chinese	EAS	East Asian Ancestry	CDX	1000 Genomes on GRCh38,1000 Genomes 30x on GRCh38,1000 Genomes phase 3 release
HG01047	M	SAME123166	PUR	Puerto Rican	AMR	American Ancestry	PUR	1000 Genomes on GRCh38,1000 Genomes 30x on GRCh38,1KG_ONT_VIENNA,MAGE RNA-seq,1000 Genomes phase 3 release,1000 Genomes phase 1 release
HG01048	M	SAME123169	PUR	Puerto Rican	AMR	American Ancestry	PUR	1000 Genomes on GRCh38,1000 Genomes 30x on GRCh38,1KG_ONT_VIENNA,Human Pangenome Reference Consortium, Phase 2,1000 Genomes phase 3 release,1000 Genomes phase 1 release
HG01049	F	SAME125248	PUR	Puerto Rican	AMR	American Ancestry	PUR	1000 Genomes on GRCh38,1000 Genomes 30x on GRCh38,1000 Genomes phase 3 release,1000 Genomes phase 1 release
HG01050	F	SAME123180	PUR	Puerto Rican	AMR	American Ancestry	PUR	1000 Genomes 30x on GRCh38,1000 Genomes phase 3 release
HG01051	M	SAME123712	PUR	Puerto Rican	AMR	American Ancestry	PUR	1000 Genomes on GRCh38,1000 Genomes 30x on GRCh38,1000 Genomes phase 3 release,1000 Genomes phase 1 release
HG01052	F	SAME123368	PUR	Puerto Rican	AMR	American Ancestry	PUR	1000 Genomes on GRCh38,1000 Genomes 30x on GRCh38,MAGE RNA-seq,1000 Genomes phase 3 release,1000 Genomes phase 1 release
HG01053	F	SAME124866	PUR	Puerto Rican	AMR	American Ancestry	PUR	1000 Genomes 30x on GRCh38,1000 Genomes phase 3 release
HG01054	M	SAME123663	PUR	Puerto Rican	AMR	American Ancestry	PUR	1000 Genomes on GRCh38,1000 Genomes 30x on GRCh38,1KG_ONT_VIENNA,1000 Genomes phase 3 release,1000 Genomes phase 1 release
HG01055	F	SAME123638	PUR	Puerto Rican	AMR	American Ancestry	PUR	1000 Genomes on GRCh38,1000 Genomes 30x on GRCh38,1KG_ONT_VIENNA,MAGE RNA-seq,1000 Genomes phase 3 release,1000 Genomes phase 1 release
HG01056	M	SAME123658	PUR	Puerto Rican	AMR	American Ancestry	PUR	1000 Genomes 30x on GRCh38,1000 Genomes phase 3 release
HG01058	F	SAME1840086	PUR	Puerto Rican	AMR	American Ancestry	PUR	1000 Genomes on GRCh38,1000 Genomes 30x on GRCh38,1KG_ONT_VIENNA,1000 Genomes phase 3 release
HG01060	M	SAME123015	PUR	Puerto Rican	AMR	American Ancestry	PUR	1000 Genomes on GRCh38,1000 Genomes 30x on GRCh38,1KG_ONT_VIENNA,MAGE RNA-seq,1000 Genomes phase 3 release,1000 Genomes phase 1 release
HG01061	F	SAME122821	PUR	Puerto Rican	AMR	American Ancestry	PUR	1000 Genomes on GRCh38,1000 Genomes 30x on GRCh38,MAGE RNA-seq,1000 Genomes phase 3 release,1000 Genomes phase 1 release
HG01062	F	SAME123014	PUR	Puerto Rican	AMR	American Ancestry	PUR	1000 Genomes 30x on GRCh38,1000 Genomes phase 3 release
HG01063	M	SAME1839767	PUR	Puerto Rican	AMR	American Ancestry	PUR	1000 Genomes on GRCh38,1000 Genomes 30x on GRCh38,1000 Genomes phase 3 release
HG01064	F	SAME1839759	PUR	Puerto Rican	AMR	American Ancestry	PUR	1000 Genomes on GRCh38,1000 Genomes 30x on GRCh38,1000 Genomes phase 3 release
HG01066	M	SAME124294	PUR	Puerto Rican	AMR	American Ancestry	PUR	1000 Genomes on GRCh38,1000 Genomes 30x on GRCh38,1KG_ONT_VIENNA,1000 Genomes phase 3 release,1000 Genomes phase 1 release
HG01067	F	SAME122997	PUR	Puerto Rican	AMR	American Ancestry	PUR	1000 Genomes on GRCh38,1000 Genomes 30x on GRCh38,1000 Genomes phase 3 release,1000 Genomes phase 1 release
HG01068	F	SAME122826	PUR	Puerto Rican	AMR	American Ancestry	PUR	1000 Genomes 30x on GRCh38,1000 Genomes phase 3 release
HG01069	M	SAME122825	PUR	Puerto Rican	AMR	American Ancestry	PUR	1000 Genomes on GRCh38,1000 Genomes 30x on GRCh38,1000 Genomes phase 3 release,1000 Genomes phase 1 release
HG01070	F	SAME123993	PUR	Puerto Rican	AMR	American Ancestry	PUR	1000 Genomes on GRCh38,1000 Genomes 30x on GRCh38,1000 Genomes phase 3 release,1000 Genomes phase 1 release
HG01071	F	SAME123009	PUR	Puerto Rican	AMR	American Ancestry	PUR	1000 Genomes 30x on GRCh38,Human Pangenome Reference Consortium, Phase 2,1000 Genomes phase 3 release
HG01072	M	SAME124091	PUR	Puerto Rican	AMR	American Ancestry	PUR	1000 Genomes on GRCh38,1000 Genomes 30x on GRCh38,1KG_ONT_VIENNA,1000 Genomes phase 3 release,1000 Genomes phase 1 release
HG01073	F	SAME124095	PUR	Puerto Rican	AMR	American Ancestry	PUR	1000 Genomes on GRCh38,1000 Genomes 30x on GRCh38,1KG_ONT_VIENNA,MAGE RNA-seq,1000 Genomes phase 3 release,1000 Genomes phase 1 release
HG01074	M	SAME124070	PUR	Puerto Rican	AMR	American Ancestry	PUR	1000 Genomes 30x on GRCh38,Human Pangenome Reference Consortium, Phase 2,1000 Genomes phase 3 release
HG01075	M	SAME124071	PUR	Puerto Rican	AMR	American Ancestry	PUR	1000 Genomes on GRCh38,1000 Genomes 30x on GRCh38,1000 Genomes phase 3 release,1000 Genomes phase 1 release
HG01077	F	SAME1839581	PUR	Puerto Rican	AMR	American Ancestry	PUR	1000 Genomes on GRCh38,1000 Genomes 30x on GRCh38,1000 Genomes phase 3 release
HG01079	M	SAME123013	PUR	Puerto Rican	AMR	American Ancestry	PUR	1000 Genomes on GRCh38,1000 Genomes 30x on GRCh38,1000 Genomes phase 3 release,1000 Genomes phase 1 release
HG01080	F	SAME125333	PUR	Puerto Rican	AMR	American Ancestry	PUR	1000 Genomes on GRCh38,1000 Genomes 30x on GRCh38,1000 Genomes phase 3 release,1000 Genomes phase 1 release
HG01081	F	SAME125395	PUR	Puerto Rican	AMR	American Ancestry	PUR	1000 Genomes 30x on GRCh38,Human Pangenome Reference Consortium, Phase 2,1000 Genomes phase 3 release
HG01082	M	SAME125398	PUR	Puerto Rican	AMR	American Ancestry	PUR	1000 Genomes on GRCh38,1000 Genomes 30x on GRCh38,1000 Genomes phase 3 release,1000 Genomes phase 1 release
HG01083	F	SAME125397	PUR	Puerto Rican	AMR	American Ancestry	PUR	1000 Genomes on GRCh38,1000 Genomes 30x on GRCh38,1000 Genomes phase 3 release,1000 Genomes phase 1 release
HG01084	F	SAME125392	PUR	Puerto Rican	AMR	American Ancestry	PUR	1000 Genomes 30x on GRCh38,1000 Genomes phase 3 release
HG01085	M	SAME125391	PUR	Puerto Rican	AMR	American Ancestry	PUR	1000 Genomes on GRCh38,1000 Genomes 30x on GRCh38,1KG_ONT_VIENNA,1000 Genomes phase 3 release,1000 Genomes phase 1 release
HG01086	F	SAME125394	PUR	Puerto Rican	AMR	American Ancestry	PUR	1000 Genomes on GRCh38,1000 Genomes 30x on GRCh38,1KG_ONT_VIENNA,1000 Genomes phase 3 release,1000 Genomes phase 1 release
HG01087	F	SAME125393	PUR	Puerto Rican	AMR	American Ancestry	PUR	1000 Genomes 30x on GRCh38,1000 Genomes phase 3 release
HG01088	M	SAME1839361	PUR	Puerto Rican	AMR	American Ancestry	PUR	1000 Genomes on GRCh38,1000 Genomes 30x on GRCh38,1000 Genomes phase 3 release
HG01089	F	SAME1839432	PUR	Puerto Rican	AMR	American Ancestry	PUR	1000 Genomes on GRCh38,1000 Genomes 30x on GRCh38,1KG_ONT_VIENNA,1000 Genomes phase 3 release
HG01092	F	SAME1839489	PUR	Puerto Rican	AMR	American Ancestry	PUR	1000 Genomes on GRCh38,1000 Genomes 30x on GRCh38,MAGE RNA-seq,1000 Genomes phase 3 release
HG01094	M	SAME122925	PUR	Puerto Rican	AMR	American Ancestry	PUR	1000 Genomes on GRCh38,1000 Genomes 30x on GRCh38,1000 Genomes phase 3 release,1000 Genomes phase 1 release
HG01095	F	SAME122926	PUR	Puerto Rican	AMR	American Ancestry	PUR	1000 Genomes on GRCh38,1000 Genomes 30x on GRCh38,1000 Genomes phase 3 release,1000 Genomes phase 1 release
HG01096	M	SAME123776	PUR	Puerto Rican	AMR	American Ancestry	PUR	1000 Genomes 30x on GRCh38,1000 Genomes phase 3 release
HG01097	M	SAME122924	PUR	Puerto Rican	AMR	American Ancestry	PUR	1000 Genomes on GRCh38,1000 Genomes 30x on GRCh38,1000 Genomes phase 3 release,1000 Genomes phase 1 release
HG01098	F	SAME123490	PUR	Puerto Rican	AMR	American Ancestry	PUR	1000 Genomes on GRCh38,1000 Genomes 30x on GRCh38,1000 Genomes phase 3 release,1000 Genomes phase 1 release
HG01099	M	SAME123771	PUR	Puerto Rican	AMR	American Ancestry	PUR	1000 Genomes 30x on GRCh38,Human Pangenome Reference Consortium, Phase 2,1000 Genomes phase 3 release
HG01100	F	SAME123676	PUR	Puerto Rican	AMR	American Ancestry	PUR	1000 Genomes 30x on GRCh38,1000 Genomes phase 3 release
HG01101	M	SAME123677	PUR	Puerto Rican	AMR	American Ancestry	PUR	1000 Genomes on GRCh38,1000 Genomes 30x on GRCh38,1KG_ONT_VIENNA,1000 Genomes phase 3 release,1000 Genomes phase 1 release
HG01102	F	SAME123678	PUR	Puerto Rican	AMR	American Ancestry	PUR	1000 Genomes on GRCh38,1000 Genomes 30x on GRCh38,1KG_ONT_VIENNA,1000 Genomes phase 3 release,1000 Genomes phase 1 release
HG01103	F	SAME123679	PUR	Puerto Rican	AMR	American Ancestry	PUR	1000 Genomes 30x on GRCh38,1000 Genomes phase 3 release
HG01104	M	SAME123672	PUR	Puerto Rican	AMR	American Ancestry	PUR	1000 Genomes on GRCh38,1000 Genomes 30x on GRCh38,1KG_ONT_VIENNA,1000 Genomes phase 3 release,1000 Genomes phase 1 release
HG01105	F	SAME123673	PUR	Puerto Rican	AMR	American Ancestry	PUR	1000 Genomes on GRCh38,1000 Genomes 30x on GRCh38,1000 Genomes phase 3 release,1000 Genomes phase 1 release
HG01106	M	SAME123674	PUR	Puerto Rican	AMR	American Ancestry	PUR	1000 Genomes 30x on GRCh38,Human Pangenome Reference Consortium, Phase 2,1000 Genomes phase 3 release
HG01107	M	SAME123675	PUR	Puerto Rican	AMR	American Ancestry	PUR	1000 Genomes on GRCh38,1000 Genomes 30x on GRCh38,1KG_ONT_VIENNA,1000 Genomes phase 3 release,1000 Genomes phase 1 release
HG01108	F	SAME123103	PUR	Puerto Rican	AMR	American Ancestry	PUR	1000 Genomes on GRCh38,1000 Genomes 30x on GRCh38,1KG_ONT_VIENNA,MAGE RNA-seq,1000 Genomes phase 3 release,1000 Genomes phase 1 release
HG01109	M	SAME123669	PUR	Puerto Rican	AMR	American Ancestry	PUR	1000 Genomes 30x on GRCh38,Human Pangenome Reference Consortium, Phase 2,1000 Genomes phase 3 release
HG01110	M	SAME123487	PUR	Puerto Rican	AMR	American Ancestry	PUR	1000 Genomes on GRCh38,1000 Genomes 30x on GRCh38,1000 Genomes phase 3 release,1000 Genomes phase 1 release
HG01111	F	SAME123486	PUR	Puerto Rican	AMR	American Ancestry	PUR	1000 Genomes on GRCh38,1000 Genomes 30x on GRCh38,1000 Genomes phase 3 release,1000 Genomes phase 1 release
HG01112	M	SAME123485	CLM	Colombian	AMR	American Ancestry	CLM	1000 Genomes on GRCh38,1000 Genomes 30x on GRCh38,1000 Genomes phase 3 release,1000 Genomes phase 1 release
HG01113	F	SAME123484	CLM	Colombian	AMR	American Ancestry	CLM	1000 Genomes on GRCh38,1000 Genomes 30x on GRCh38,MAGE RNA-seq,1000 Genomes phase 3 release,1000 Genomes phase 1 release
HG01114	F	SAME123483	CLM	Colombian	AMR	American Ancestry	CLM	1000 Genomes 30x on GRCh38,Human Genome Structural Variation Consortium, Phase 2,Human Genome Structural Variation Consortium, Phase 3,1000 Genomes phase 3 release
HG01119	F	SAME1840402	CLM	Colombian	AMR	American Ancestry	CLM	1000 Genomes on GRCh38,1000 Genomes 30x on GRCh38,1KG_ONT_VIENNA,1000 Genomes phase 3 release
HG01121	M	SAME1840127	CLM	Colombian	AMR	American Ancestry	CLM	1000 Genomes on GRCh38,1000 Genomes 30x on GRCh38,1KG_ONT_VIENNA,1000 Genomes phase 3 release
HG01122	F	SAME1840203	CLM	Colombian	AMR	American Ancestry	CLM	1000 Genomes on GRCh38,1000 Genomes 30x on GRCh38,1000 Genomes phase 3 release
HG01124	M	SAME124053	CLM	Colombian	AMR	American Ancestry	CLM	1000 Genomes on GRCh38,1000 Genomes 30x on GRCh38,1KG_ONT_VIENNA,1000 Genomes phase 3 release,1000 Genomes phase 1 release
HG01125	F	SAME124054	CLM	Colombian	AMR	American Ancestry	CLM	1000 Genomes on GRCh38,1000 Genomes 30x on GRCh38,MAGE RNA-seq,1000 Genomes phase 3 release,1000 Genomes phase 1 release
HG01126	M	SAME124052	CLM	Colombian	AMR	American Ancestry	CLM	1000 Genomes 30x on GRCh38,1000 Genomes phase 3 release
HG01130	M	SAME1839995	CLM	Colombian	AMR	American Ancestry	CLM	1000 Genomes on GRCh38,1000 Genomes 30x on GRCh38,1KG_ONT_VIENNA,1000 Genomes phase 3 release
HG01131	F	SAME1839985	CLM	Colombian	AMR	American Ancestry	CLM	1000 Genomes on GRCh38,1000 Genomes 30x on GRCh38,1KG_ONT_VIENNA,MAGE RNA-seq,1000 Genomes phase 3 release
HG01133	M	SAME123884	CLM	Colombian	AMR	American Ancestry	CLM	1000 Genomes on GRCh38,1000 Genomes 30x on GRCh38,1KG_ONT_VIENNA,1000 Genomes phase 3 release,1000 Genomes phase 1 release
HG01134	F	SAME123887	CLM	Colombian	AMR	American Ancestry	CLM	1000 Genomes on GRCh38,1000 Genomes 30x on GRCh38,1KG_ONT_VIENNA,1000 Genomes phase 3 release,1000 Genomes phase 1 release
HG01135	M	SAME123886	CLM	Colombian	AMR	American Ancestry	CLM	1000 Genomes 30x on GRCh38,1000 Genomes phase 3 release
HG01136	M	SAME123889	CLM	Colombian	AMR	American Ancestry	CLM	1000 Genomes on GRCh38,1000 Genomes 30x on GRCh38,1KG_ONT_VIENNA,1000 Genomes phase 3 release,1000 Genomes phase 1 release
HG01137	F	SAME123888	CLM	Colombian	AMR	American Ancestry	CLM	1000 Genomes on GRCh38,1000 Genomes 30x on GRCh38,1KG_ONT_VIENNA,MAGE RNA-seq,1000 Genomes phase 3 release,1000 Genomes phase 1 release
HG01138	M	SAME123877	CLM	Colombian	AMR	American Ancestry	CLM	1000 Genomes 30x on GRCh38,1000 Genomes phase 3 release
HG01139	M	SAME123876	CLM	Colombian	AMR	American Ancestry	CLM	1000 Genomes on GRCh38,1000 Genomes 30x on GRCh38,1000 Genomes phase 3 release,1000 Genomes phase 1 release
HG01140	F	SAME124422	CLM	Colombian	AMR	American Ancestry	CLM	1000 Genomes on GRCh38,1000 Genomes 30x on GRCh38,1000 Genomes phase 3 release,1000 Genomes phase 1 release
HG01141	F	SAME124423	CLM	Colombian	AMR	American Ancestry	CLM	1000 Genomes 30x on GRCh38,1000 Genomes phase 3 release
HG01142	M	SAME1839731	CLM	Colombian	AMR	American Ancestry	CLM	1000 Genomes on GRCh38,1000 Genomes 30x on GRCh38,1KG_ONT_VIENNA,1000 Genomes phase 3 release
HG01148	M	SAME124424	CLM	Colombian	AMR	American Ancestry	CLM	1000 Genomes on GRCh38,1000 Genomes 30x on GRCh38,1KG_ONT_VIENNA,1000 Genomes phase 3 release,1000 Genomes phase 1 release
HG01149	F	SAME124425	CLM	Colombian	AMR	American Ancestry	CLM	1000 Genomes on GRCh38,1000 Genomes 30x on GRCh38,1000 Genomes phase 3 release,1000 Genomes phase 1 release
HG01150	F	SAME124216	CLM	Colombian	AMR	American Ancestry	CLM	1000 Genomes 30x on GRCh38,Human Pangenome Reference Consortium, Phase 2,1000 Genomes phase 3 release
HG01161	M	SAME1839615	PUR	Puerto Rican	AMR	American Ancestry	PUR	1000 Genomes on GRCh38,1000 Genomes 30x on GRCh38,MAGE RNA-seq,1000 Genomes phase 3 release
HG01162	F	SAME1839707	PUR	Puerto Rican	AMR	American Ancestry	PUR	1000 Genomes on GRCh38,1000 Genomes 30x on GRCh38,MAGE RNA-seq,1000 Genomes phase 3 release
HG01164	M	SAME1839690	PUR	Puerto Rican	AMR	American Ancestry	PUR	1000 Genomes on GRCh38,1000 Genomes 30x on GRCh38,MAGE RNA-seq,1000 Genomes phase 3 release
HG01167	M	SAME124798	PUR	Puerto Rican	AMR	American Ancestry	PUR	1000 Genomes on GRCh38,1000 Genomes 30x on GRCh38,1KG_ONT_VIENNA,Human Pangenome Reference Consortium, Phase 2,1000 Genomes phase 3 release,1000 Genomes phase 1 release
HG01168	F	SAME124796	PUR	Puerto Rican	AMR	American Ancestry	PUR	1000 Genomes on GRCh38,1000 Genomes 30x on GRCh38,1KG_ONT_VIENNA,1000 Genomes phase 3 release,1000 Genomes phase 1 release
HG01169	F	SAME124797	PUR	Puerto Rican	AMR	American Ancestry	PUR	1000 Genomes 30x on GRCh38,1000 Genomes phase 3 release
HG01170	M	SAME124623	PUR	Puerto Rican	AMR	American Ancestry	PUR	1000 Genomes on GRCh38,1000 Genomes 30x on GRCh38,MAGE RNA-seq,1000 Genomes phase 3 release,1000 Genomes phase 1 release
HG01171	F	SAME124622	PUR	Puerto Rican	AMR	American Ancestry	PUR	1000 Genomes on GRCh38,1000 Genomes 30x on GRCh38,1000 Genomes phase 3 release,1000 Genomes phase 1 release
HG01172	M	SAME124625	PUR	Puerto Rican	AMR	American Ancestry	PUR	1000 Genomes 30x on GRCh38,1000 Genomes phase 3 release
HG01173	M	SAME124624	PUR	Puerto Rican	AMR	American Ancestry	PUR	1000 Genomes on GRCh38,1000 Genomes 30x on GRCh38,MAGE RNA-seq,1000 Genomes phase 3 release,1000 Genomes phase 1 release
HG01174	F	SAME124619	PUR	Puerto Rican	AMR	American Ancestry	PUR	1000 Genomes on GRCh38,1000 Genomes 30x on GRCh38,1KG_ONT_VIENNA,MAGE RNA-seq,1000 Genomes phase 3 release,1000 Genomes phase 1 release
HG01175	F	SAME124618	PUR	Puerto Rican	AMR	American Ancestry	PUR	1000 Genomes 30x on GRCh38,Human Pangenome Reference Consortium, Phase 2,1000 Genomes phase 3 release
HG01176	M	SAME124621	PUR	Puerto Rican	AMR	American Ancestry	PUR	1000 Genomes on GRCh38,1000 Genomes 30x on GRCh38,1000 Genomes phase 3 release,1000 Genomes phase 1 release
HG01177	F	SAME124620	PUR	Puerto Rican	AMR	American Ancestry	PUR	1000 Genomes on GRCh38,1000 Genomes 30x on GRCh38,1000 Genomes phase 3 release,1000 Genomes phase 1 release
HG01178	M	SAME124616	PUR	Puerto Rican	AMR	American Ancestry	PUR	1000 Genomes 30x on GRCh38,1000 Genomes phase 3 release
HG01182	M	SAME124789	PUR	Puerto Rican	AMR	American Ancestry	PUR	1000 Genomes on GRCh38,1000 Genomes 30x on GRCh38,1000 Genomes phase 3 release
HG01183	F	SAME124792	PUR	Puerto Rican	AMR	American Ancestry	PUR	1000 Genomes on GRCh38,1000 Genomes 30x on GRCh38,1000 Genomes phase 3 release,1000 Genomes phase 1 release
HG01184	F	SAME124321	PUR	Puerto Rican	AMR	American Ancestry	PUR	1000 Genomes 30x on GRCh38,1000 Genomes phase 3 release
HG01187	M	SAME124783	PUR	Puerto Rican	AMR	American Ancestry	PUR	1000 Genomes on GRCh38,1000 Genomes 30x on GRCh38,1KG_ONT_VIENNA,1000 Genomes phase 3 release,1000 Genomes phase 1 release
HG01188	F	SAME124927	PUR	Puerto Rican	AMR	American Ancestry	PUR	1000 Genomes on GRCh38,1000 Genomes 30x on GRCh38,1KG_ONT_VIENNA,MAGE RNA-seq,1000 Genomes phase 3 release,1000 Genomes phase 1 release
HG01189	M	SAME124878	PUR	Puerto Rican	AMR	American Ancestry	PUR	1000 Genomes 30x on GRCh38,1000 Genomes phase 3 release
HG01190	M	SAME123654	PUR	Puerto Rican	AMR	American Ancestry	PUR	1000 Genomes on GRCh38,1000 Genomes 30x on GRCh38,MAGE RNA-seq,1000 Genomes phase 3 release,1000 Genomes phase 1 release
HG01191	F	SAME123651	PUR	Puerto Rican	AMR	American Ancestry	PUR	1000 Genomes on GRCh38,1000 Genomes 30x on GRCh38,1000 Genomes phase 3 release,1000 Genomes phase 1 release
HG01192	M	SAME124298	PUR	Puerto Rican	AMR	American Ancestry	PUR	1000 Genomes 30x on GRCh38,Human Pangenome Reference Consortium, Phase 2,1000 Genomes phase 3 release
HG01197	M	SAME124237	PUR	Puerto Rican	AMR	American Ancestry	PUR	1000 Genomes on GRCh38,1000 Genomes 30x on GRCh38,1KG_ONT_VIENNA,1000 Genomes phase 3 release,1000 Genomes phase 1 release
HG01198	F	SAME125228	PUR	Puerto Rican	AMR	American Ancestry	PUR	1000 Genomes on GRCh38,1000 Genomes 30x on GRCh38,1KG_ONT_VIENNA,1000 Genomes phase 3 release,1000 Genomes phase 1 release
HG01199	M	SAME124366	PUR	Puerto Rican	AMR	American Ancestry	PUR	1000 Genomes 30x on GRCh38,1000 Genomes phase 3 release
HG01200	M	SAME1840109	PUR	Puerto Rican	AMR	American Ancestry	PUR	1000 Genomes on GRCh38,1000 Genomes 30x on GRCh38,1000 Genomes phase 3 release
HG01204	M	SAME124297	PUR	Puerto Rican	AMR	American Ancestry	PUR	1000 Genomes on GRCh38,1000 Genomes 30x on GRCh38,MAGE RNA-seq,1000 Genomes phase 3 release,1000 Genomes phase 1 release
HG01205	F	SAME124296	PUR	Puerto Rican	AMR	American Ancestry	PUR	1000 Genomes on GRCh38,1000 Genomes 30x on GRCh38,1000 Genomes phase 3 release,1000 Genomes phase 1 release
HG01206	M	SAME124295	PUR	Puerto Rican	AMR	American Ancestry	PUR	1000 Genomes 30x on GRCh38,1000 Genomes phase 3 release
HG01241	M	SAME125065	PUR	Puerto Rican	AMR	American Ancestry	PUR	1000 Genomes on GRCh38,1000 Genomes 30x on GRCh38,1KG_ONT_VIENNA,1000 Genomes phase 3 release,1000 Genomes phase 1 release
HG01242	F	SAME125064	PUR	Puerto Rican	AMR	American Ancestry	PUR	1000 Genomes on GRCh38,1000 Genomes 30x on GRCh38,1KG_ONT_VIENNA,MAGE RNA-seq,1000 Genomes phase 3 release,1000 Genomes phase 1 release
HG01243	M	SAME125063	PUR	Puerto Rican	AMR	American Ancestry	PUR	1000 Genomes 30x on GRCh38,Human Pangenome Reference Consortium, Phase 2,1000 Genomes phase 3 release
HG01247	M	SAME125067	PUR	Puerto Rican	AMR	American Ancestry	PUR	1000 Genomes on GRCh38,1000 Genomes 30x on GRCh38,1000 Genomes phase 3 release,1000 Genomes phase 1 release
HG01248	F	SAME125058	PUR	Puerto Rican	AMR	American Ancestry	PUR	1000 Genomes on GRCh38,1000 Genomes 30x on GRCh38,Human Pangenome Reference Consortium, Phase 2,1000 Genomes phase 3 release,1000 Genomes phase 1 release
HG01249	F	SAME125057	PUR	Puerto Rican	AMR	American Ancestry	PUR	1000 Genomes 30x on GRCh38,1000 Genomes phase 3 release
HG01250	M	SAME125281	CLM	Colombian	AMR	American Ancestry	CLM	1000 Genomes on GRCh38,1000 Genomes 30x on GRCh38,MAGE RNA-seq,1000 Genomes phase 3 release,1000 Genomes phase 1 release
HG01251	F	SAME125282	CLM	Colombian	AMR	American Ancestry	CLM	1000 Genomes on GRCh38,1000 Genomes 30x on GRCh38,MAGE RNA-seq,1000 Genomes phase 3 release,1000 Genomes phase 1 release
HG01252	M	SAME125283	CLM	Colombian	AMR	American Ancestry	CLM	1000 Genomes 30x on GRCh38,Human Pangenome Reference Consortium, Phase 2,1000 Genomes phase 3 release
HG01253	M	SAME125284	CLM	Colombian	AMR	American Ancestry	CLM	1000 Genomes on GRCh38,1000 Genomes 30x on GRCh38,1000 Genomes phase 3 release,1000 Genomes phase 1 release
HG01254	F	SAME125285	CLM	Colombian	AMR	American Ancestry	CLM	1000 Genomes on GRCh38,1000 Genomes 30x on GRCh38,1000 Genomes phase 3 release,1000 Genomes phase 1 release
HG01255	M	SAME125286	CLM	Colombian	AMR	American Ancestry	CLM	1000 Genomes 30x on GRCh38,Human Pangenome Reference Consortium, Phase 2,1000 Genomes phase 3 release
HG01256	M	SAME125287	CLM	Colombian	AMR	American Ancestry	CLM	1000 Genomes on GRCh38,1000 Genomes 30x on GRCh38,1KG_ONT_VIENNA,1000 Genomes phase 3 release,1000 Genomes phase 1 release
HG01257	F	SAME125288	CLM	Colombian	AMR	American Ancestry	CLM	1000 Genomes on GRCh38,1000 Genomes 30x on GRCh38,1KG_ONT_VIENNA,1000 Genomes phase 3 release,1000 Genomes phase 1 release
HG01258	M	SAME125279	CLM	Colombian	AMR	American Ancestry	CLM	1000 Genomes 30x on GRCh38,1KG_ONT_VIENNA,Human Pangenome Reference Consortium, Phase 2,1000 Genomes phase 3 release
HG01259	M	SAME125280	CLM	Colombian	AMR	American Ancestry	CLM	1000 Genomes on GRCh38,1000 Genomes 30x on GRCh38,1KG_ONT_VIENNA,1000 Genomes phase 3 release,1000 Genomes phase 1 release
HG01260	F	SAME122815	CLM	Colombian	AMR	American Ancestry	CLM	1000 Genomes on GRCh38,1000 Genomes 30x on GRCh38,MAGE RNA-seq,1000 Genomes phase 3 release,1000 Genomes phase 1 release
HG01261	M	SAME122814	CLM	Colombian	AMR	American Ancestry	CLM	1000 Genomes 30x on GRCh38,Human Pangenome Reference Consortium, Phase 2,1000 Genomes phase 3 release
HG01269	F	SAME1839257	CLM	Colombian	AMR	American Ancestry	CLM	1000 Genomes on GRCh38,1000 Genomes 30x on GRCh38,1KG_ONT_VIENNA,1000 Genomes phase 3 release
HG01271	M	SAME122998	CLM	Colombian	AMR	American Ancestry	CLM	1000 Genomes on GRCh38,1000 Genomes 30x on GRCh38,MAGE RNA-seq,1000 Genomes phase 3 release,1000 Genomes phase 1 release
HG01272	F	SAME122996	CLM	Colombian	AMR	American Ancestry	CLM	1000 Genomes on GRCh38,1000 Genomes 30x on GRCh38,1000 Genomes phase 3 release,1000 Genomes phase 1 release
HG01273	M	SAME124046	CLM	Colombian	AMR	American Ancestry	CLM	1000 Genomes 30x on GRCh38,1000 Genomes phase 3 release
HG01274	M	SAME123001	CLM	Colombian	AMR	American Ancestry	CLM	1000 Genomes on GRCh38,1000 Genomes 30x on GRCh38,1000 Genomes phase 3 release,1000 Genomes phase 1 release
HG01275	F	SAME123002	CLM	Colombian	AMR	American Ancestry	CLM	1000 Genomes on GRCh38,1000 Genomes 30x on GRCh38,1KG_ONT_VIENNA,1000 Genomes phase 3 release,1000 Genomes phase 1 release
HG01276	F	SAME122999	CLM	Colombian	AMR	American Ancestry	CLM	1000 Genomes 30x on GRCh38,1000 Genomes phase 3 release
HG01277	M	SAME123000	CLM	Colombian	AMR	American Ancestry	CLM	1000 Genomes on GRCh38,1000 Genomes 30x on GRCh38,MAGE RNA-seq,1000 Genomes phase 3 release,1000 Genomes phase 1 release
HG01278	F	SAME123003	CLM	Colombian	AMR	American Ancestry	CLM	1000 Genomes on GRCh38,1000 Genomes 30x on GRCh38,1KG_ONT_VIENNA,1000 Genomes phase 3 release,1000 Genomes phase 1 release
HG01279	F	SAME123004	CLM	Colombian	AMR	American Ancestry	CLM	1000 Genomes 30x on GRCh38,1000 Genomes phase 3 release
HG01280	M	SAME1839113	CLM	Colombian	AMR	American Ancestry	CLM	1000 Genomes on GRCh38,1000 Genomes 30x on GRCh38,1000 Genomes phase 3 release
HG01281	F	SAME1839107	CLM	Colombian	AMR	American Ancestry	CLM	1000 Genomes on GRCh38,1000 Genomes 30x on GRCh38,1000 Genomes phase 3 release
HG01284	F	SAME1839191	CLM	Colombian	AMR	American Ancestry	CLM	1000 Genomes on GRCh38,1000 Genomes 30x on GRCh38,1KG_ONT_VIENNA,MAGE RNA-seq,1000 Genomes phase 3 release
HG01286	M	SAME1839176	PUR	Puerto Rican	AMR	American Ancestry	PUR	1000 Genomes on GRCh38,1000 Genomes 30x on GRCh38,1KG_ONT_VIENNA,1000 Genomes phase 3 release
HG01302	M	SAME1840038	PUR	Puerto Rican	AMR	American Ancestry	PUR	1000 Genomes on GRCh38,1000 Genomes 30x on GRCh38,1KG_ONT_VIENNA,1000 Genomes phase 3 release
HG01303	F	SAME1840027	PUR	Puerto Rican	AMR	American Ancestry	PUR	1000 Genomes on GRCh38,1000 Genomes 30x on GRCh38,1000 Genomes phase 3 release
HG01305	M	SAME1840020	PUR	Puerto Rican	AMR	American Ancestry	PUR	1000 Genomes on GRCh38,1000 Genomes 30x on GRCh38,1000 Genomes phase 3 release
HG01308	M	SAME1840002	PUR	Puerto Rican	AMR	American Ancestry	PUR	1000 Genomes on GRCh38,1000 Genomes 30x on GRCh38,1KG_ONT_VIENNA,1000 Genomes phase 3 release
HG01311	M	SAME1839796	PUR	Puerto Rican	AMR	American Ancestry	PUR	1000 Genomes on GRCh38,1000 Genomes 30x on GRCh38,1KG_ONT_VIENNA,1000 Genomes phase 3 release
HG01312	F	SAME1839791	PUR	Puerto Rican	AMR	American Ancestry	PUR	1000 Genomes on GRCh38,1000 Genomes 30x on GRCh38,MAGE RNA-seq,1000 Genomes phase 3 release
HG01323	F	SAME1839534	PUR	Puerto Rican	AMR	American Ancestry	PUR	1000 Genomes on GRCh38,1000 Genomes 30x on GRCh38,1000 Genomes phase 3 release
HG01325	M	SAME1839604	PUR	Puerto Rican	AMR	American Ancestry	PUR	1000 Genomes on GRCh38,1000 Genomes 30x on GRCh38,1000 Genomes phase 3 release
HG01326	F	SAME1839598	PUR	Puerto Rican	AMR	American Ancestry	PUR	1000 Genomes on GRCh38,1000 Genomes 30x on GRCh38,1000 Genomes phase 3 release
HG01334	M	SAME123533	GBR	British	EUR	European Ancestry	GBR	1000 Genomes on GRCh38,1000 Genomes 30x on GRCh38,1000 Genomes phase 3 release,1000 Genomes phase 1 release,Geuvadis
HG01341	M	SAME124859	CLM	Colombian	AMR	American Ancestry	CLM	1000 Genomes on GRCh38,1000 Genomes 30x on GRCh38,1KG_ONT_VIENNA,MAGE RNA-seq,1000 Genomes phase 3 release,1000 Genomes phase 1 release
HG01342	F	SAME124856	CLM	Colombian	AMR	American Ancestry	CLM	1000 Genomes on GRCh38,1000 Genomes 30x on GRCh38,MAGE RNA-seq,1000 Genomes phase 3 release,1000 Genomes phase 1 release
HG01343	F	SAME124857	CLM	Colombian	AMR	American Ancestry	CLM	1000 Genomes 30x on GRCh38,1000 Genomes phase 3 release
HG01344	M	SAME124862	CLM	Colombian	AMR	American Ancestry	CLM	1000 Genomes on GRCh38,1000 Genomes 30x on GRCh38,1KG_ONT_VIENNA,1000 Genomes phase 3 release,1000 Genomes phase 1 release
HG01345	F	SAME124863	CLM	Colombian	AMR	American Ancestry	CLM	1000 Genomes on GRCh38,1000 Genomes 30x on GRCh38,1KG_ONT_VIENNA,MAGE RNA-seq,1000 Genomes phase 3 release,1000 Genomes phase 1 release
HG01346	F	SAME124860	CLM	Colombian	AMR	American Ancestry	CLM	1000 Genomes 30x on GRCh38,Human Pangenome Reference Consortium, Phase 2,1000 Genomes phase 3 release
HG01347	M	SAME124861	CLM	Colombian	AMR	American Ancestry	CLM	1000 Genomes on GRCh38,1000 Genomes 30x on GRCh38,1KG_ONT_VIENNA,1000 Genomes phase 3 release,1000 Genomes phase 1 release
HG01348	F	SAME124864	CLM	Colombian	AMR	American Ancestry	CLM	1000 Genomes on GRCh38,1000 Genomes 30x on GRCh38,1KG_ONT_VIENNA,MAGE RNA-seq,1000 Genomes phase 3 release
HG01349	F	SAME124865	CLM	Colombian	AMR	American Ancestry	CLM	1000 Genomes 30x on GRCh38,1000 Genomes phase 3 release
HG01350	M	SAME124684	CLM	Colombian	AMR	American Ancestry	CLM	1000 Genomes on GRCh38,1000 Genomes 30x on GRCh38,1000 Genomes phase 3 release,1000 Genomes phase 1 release
HG01351	F	SAME124683	CLM	Colombian	AMR	American Ancestry	CLM	1000 Genomes on GRCh38,1000 Genomes 30x on GRCh38,1000 Genomes phase 3 release,1000 Genomes phase 1 release
HG01352	F	SAME124686	CLM	Colombian	AMR	American Ancestry	CLM	1000 Genomes 30x on GRCh38,Human Genome Structural Variation Consortium, Phase 2,Human Genome Structural Variation Consortium, Phase 3,1000 Genomes phase 3 release
HG01353	M	SAME124685	CLM	Colombian	AMR	American Ancestry	CLM	1000 Genomes on GRCh38,1000 Genomes 30x on GRCh38,1000 Genomes phase 3 release,1000 Genomes phase 1 release
HG01354	F	SAME124680	CLM	Colombian	AMR	American Ancestry	CLM	1000 Genomes on GRCh38,1000 Genomes 30x on GRCh38,1000 Genomes phase 3 release,1000 Genomes phase 1 release
HG01355	F	SAME124679	CLM	Colombian	AMR	American Ancestry	CLM	1000 Genomes 30x on GRCh38,1000 Genomes phase 3 release
HG01356	M	SAME124682	CLM	Colombian	AMR	American Ancestry	CLM	1000 Genomes on GRCh38,1000 Genomes 30x on GRCh38,1KG_ONT_VIENNA,1000 Genomes phase 3 release,1000 Genomes phase 1 release
HG01357	F	SAME124681	CLM	Colombian	AMR	American Ancestry	CLM	1000 Genomes on GRCh38,1000 Genomes 30x on GRCh38,1000 Genomes phase 3 release,1000 Genomes phase 1 release
HG01358	M	SAME124688	CLM	Colombian	AMR	American Ancestry	CLM	1000 Genomes 30x on GRCh38,Human Pangenome Reference Consortium, Phase 2,1000 Genomes phase 3 release
HG01359	M	SAME124687	CLM	Colombian	AMR	American Ancestry	CLM	1000 Genomes on GRCh38,1000 Genomes 30x on GRCh38,1000 Genomes phase 3 release,1000 Genomes phase 1 release
HG01360	F	SAME122855	CLM	Colombian	AMR	American Ancestry	CLM	1000 Genomes on GRCh38,1000 Genomes 30x on GRCh38,1000 Genomes phase 3 release,1000 Genomes phase 1 release
HG01361	F	SAME124504	CLM	Colombian	AMR	American Ancestry	CLM	1000 Genomes 30x on GRCh38,Human Pangenome Reference Consortium, Phase 2,1000 Genomes phase 3 release
HG01362	M	SAME1839066	CLM	Colombian	AMR	American Ancestry	CLM	1000 Genomes on GRCh38,1000 Genomes 30x on GRCh38,1KG_ONT_VIENNA,1000 Genomes phase 3 release
HG01363	F	SAME1839059	CLM	Colombian	AMR	American Ancestry	CLM	1000 Genomes on GRCh38,1000 Genomes 30x on GRCh38,MAGE RNA-seq,1000 Genomes phase 3 release
HG01365	M	SAME124508	CLM	Colombian	AMR	American Ancestry	CLM	1000 Genomes on GRCh38,1000 Genomes 30x on GRCh38,MAGE RNA-seq,1000 Genomes phase 3 release,1000 Genomes phase 1 release
HG01366	F	SAME125265	CLM	Colombian	AMR	American Ancestry	CLM	1000 Genomes on GRCh38,1000 Genomes 30x on GRCh38,1KG_ONT_VIENNA,1000 Genomes phase 3 release,1000 Genomes phase 1 release
HG01367	F	SAME125266	CLM	Colombian	AMR	American Ancestry	CLM	1000 Genomes 30x on GRCh38,1000 Genomes phase 3 release
HG01369	F	SAME1839124	CLM	Colombian	AMR	American Ancestry	CLM	1000 Genomes on GRCh38,1000 Genomes 30x on GRCh38,1000 Genomes phase 3 release
HG01372	F	SAME1840339	CLM	Colombian	AMR	American Ancestry	CLM	1000 Genomes on GRCh38,1000 Genomes 30x on GRCh38,MAGE RNA-seq,1000 Genomes phase 3 release
HG01374	M	SAME124291	CLM	Colombian	AMR	American Ancestry	CLM	1000 Genomes on GRCh38,1000 Genomes 30x on GRCh38,1000 Genomes phase 3 release,1000 Genomes phase 1 release
HG01375	F	SAME124290	CLM	Colombian	AMR	American Ancestry	CLM	1000 Genomes on GRCh38,1000 Genomes 30x on GRCh38,1KG_ONT_VIENNA,1000 Genomes phase 3 release,1000 Genomes phase 1 release
HG01376	F	SAME124289	CLM	Colombian	AMR	American Ancestry	CLM	1000 Genomes 30x on GRCh38,1000 Genomes phase 3 release
HG01377	M	SAME124288	CLM	Colombian	AMR	American Ancestry	CLM	1000 Genomes on GRCh38,1000 Genomes 30x on GRCh38,1KG_ONT_VIENNA,1000 Genomes phase 3 release,1000 Genomes phase 1 release
HG01378	F	SAME124076	CLM	Colombian	AMR	American Ancestry	CLM	1000 Genomes on GRCh38,1000 Genomes 30x on GRCh38,1000 Genomes phase 3 release,1000 Genomes phase 1 release
HG01379	F	SAME124283	CLM	Colombian	AMR	American Ancestry	CLM	1000 Genomes 30x on GRCh38,1000 Genomes phase 3 release
HG01383	M	SAME122971	CLM	Colombian	AMR	American Ancestry	CLM	1000 Genomes on GRCh38,1000 Genomes 30x on GRCh38,MAGE RNA-seq,1000 Genomes phase 3 release,1000 Genomes phase 1 release
HG01384	F	SAME122969	CLM	Colombian	AMR	American Ancestry	CLM	1000 Genomes on GRCh38,1000 Genomes 30x on GRCh38,1KG_ONT_VIENNA,1000 Genomes phase 3 release,1000 Genomes phase 1 release
HG01385	F	SAME122970	CLM	Colombian	AMR	American Ancestry	CLM	1000 Genomes 30x on GRCh38,1000 Genomes phase 3 release
HG01389	M	SAME122972	CLM	Colombian	AMR	American Ancestry	CLM	1000 Genomes on GRCh38,1000 Genomes 30x on GRCh38,1KG_ONT_VIENNA,MAGE RNA-seq,1000 Genomes phase 3 release,1000 Genomes phase 1 release
HG01390	F	SAME122805	CLM	Colombian	AMR	American Ancestry	CLM	1000 Genomes on GRCh38,1000 Genomes 30x on GRCh38,1KG_ONT_VIENNA,MAGE RNA-seq,1000 Genomes phase 3 release,1000 Genomes phase 1 release
HG01391	F	SAME122804	CLM	Colombian	AMR	American Ancestry	CLM	1000 Genomes 30x on GRCh38,1000 Genomes phase 3 release
HG01392	M	SAME1840234	PUR	Puerto Rican	AMR	American Ancestry	PUR	1000 Genomes on GRCh38,1000 Genomes 30x on GRCh38,1KG_ONT_VIENNA,MAGE RNA-seq,1000 Genomes phase 3 release
HG01393	F	SAME1840222	PUR	Puerto Rican	AMR	American Ancestry	PUR	1000 Genomes on GRCh38,1000 Genomes 30x on GRCh38,MAGE RNA-seq,1000 Genomes phase 3 release
HG01395	M	SAME1840207	PUR	Puerto Rican	AMR	American Ancestry	PUR	1000 Genomes on GRCh38,1000 Genomes 30x on GRCh38,MAGE RNA-seq,1000 Genomes phase 3 release
HG01396	F	SAME1839954	PUR	Puerto Rican	AMR	American Ancestry	PUR	1000 Genomes on GRCh38,1000 Genomes 30x on GRCh38,1KG_ONT_VIENNA,1000 Genomes phase 3 release
HG01398	M	SAME1839950	PUR	Puerto Rican	AMR	American Ancestry	PUR	1000 Genomes on GRCh38,1000 Genomes 30x on GRCh38,1KG_ONT_VIENNA,1000 Genomes phase 3 release
HG01402	M	SAME1839873	PUR	Puerto Rican	AMR	American Ancestry	PUR	1000 Genomes on GRCh38,1000 Genomes 30x on GRCh38,1000 Genomes phase 3 release
HG01403	F	SAME1839867	PUR	Puerto Rican	AMR	American Ancestry	PUR	1000 Genomes on GRCh38,1000 Genomes 30x on GRCh38,1000 Genomes phase 3 release
HG01405	M	SAME1839863	PUR	Puerto Rican	AMR	American Ancestry	PUR	1000 Genomes on GRCh38,1000 Genomes 30x on GRCh38,1000 Genomes phase 3 release
HG01412	M	SAME1839619	PUR	Puerto Rican	AMR	American Ancestry	PUR	1000 Genomes on GRCh38,1000 Genomes 30x on GRCh38,1KG_ONT_VIENNA,1000 Genomes phase 3 release
HG01413	M	SAME1839612	PUR	Puerto Rican	AMR	American Ancestry	PUR	1000 Genomes on GRCh38,1000 Genomes 30x on GRCh38,1000 Genomes phase 3 release
HG01414	F	SAME1839703	PUR	Puerto Rican	AMR	American Ancestry	PUR	1000 Genomes on GRCh38,1000 Genomes 30x on GRCh38,1000 Genomes phase 3 release
HG01431	M	SAME1839260	CLM	Colombian	AMR	American Ancestry	CLM	1000 Genomes on GRCh38,1000 Genomes 30x on GRCh38,1000 Genomes phase 3 release
HG01432	F	SAME1839256	CLM	Colombian	AMR	American Ancestry	CLM	1000 Genomes on GRCh38,1000 Genomes 30x on GRCh38,1000 Genomes phase 3 release
HG01435	F	SAME1839239	CLM	Colombian	AMR	American Ancestry	CLM	1000 Genomes on GRCh38,1000 Genomes 30x on GRCh38,1000 Genomes phase 3 release
HG01437	M	SAME124966	CLM	Colombian	AMR	American Ancestry	CLM	1000 Genomes on GRCh38,1000 Genomes 30x on GRCh38,1000 Genomes phase 3 release,1000 Genomes phase 1 release
HG01438	F	SAME124971	CLM	Colombian	AMR	American Ancestry	CLM	1000 Genomes on GRCh38,1000 Genomes 30x on GRCh38,1000 Genomes phase 3 release,1000 Genomes phase 1 release
HG01439	F	SAME124972	CLM	Colombian	AMR	American Ancestry	CLM	1000 Genomes 30x on GRCh38,1000 Genomes phase 3 release
HG01440	M	SAME123237	CLM	Colombian	AMR	American Ancestry	CLM	1000 Genomes on GRCh38,1000 Genomes 30x on GRCh38,1000 Genomes phase 3 release,1000 Genomes phase 1 release
HG01441	F	SAME123236	CLM	Colombian	AMR	American Ancestry	CLM	1000 Genomes on GRCh38,1000 Genomes 30x on GRCh38,1000 Genomes phase 3 release,1000 Genomes phase 1 release
HG01442	M	SAME123238	CLM	Colombian	AMR	American Ancestry	CLM	Human Pangenome Reference Consortium, Phase 2,1000 Genomes phase 3 release
HG01443	M	SAME1839032	CLM	Colombian	AMR	American Ancestry	CLM	1000 Genomes on GRCh38,1000 Genomes 30x on GRCh38,1000 Genomes phase 3 release
HG01444	F	SAME1839026	CLM	Colombian	AMR	American Ancestry	CLM	1000 Genomes on GRCh38,1000 Genomes 30x on GRCh38,1000 Genomes phase 3 release
HG01447	F	SAME1839099	CLM	Colombian	AMR	American Ancestry	CLM	1000 Genomes on GRCh38,1000 Genomes 30x on GRCh38,1KG_ONT_VIENNA,MAGE RNA-seq,1000 Genomes phase 3 release
HG01455	M	SAME123429	CLM	Colombian	AMR	American Ancestry	CLM	1000 Genomes on GRCh38,1000 Genomes 30x on GRCh38,1KG_ONT_VIENNA,1000 Genomes phase 3 release,1000 Genomes phase 1 release
HG01456	F	SAME123427	CLM	Colombian	AMR	American Ancestry	CLM	1000 Genomes on GRCh38,1000 Genomes 30x on GRCh38,1000 Genomes phase 3 release,1000 Genomes phase 1 release
HG01457	M	SAME123428	CLM	Colombian	AMR	American Ancestry	CLM	1000 Genomes 30x on GRCh38,Human Genome Structural Variation Consortium, Phase 3,1000 Genomes phase 3 release
HG01459	F	SAME1840278	CLM	Colombian	AMR	American Ancestry	CLM	1000 Genomes on GRCh38,1000 Genomes 30x on GRCh38,1000 Genomes phase 3 release
HG01461	M	SAME122879	CLM	Colombian	AMR	American Ancestry	CLM	1000 Genomes on GRCh38,1000 Genomes 30x on GRCh38,MAGE RNA-seq,1000 Genomes phase 3 release,1000 Genomes phase 1 release
HG01462	F	SAME123539	CLM	Colombian	AMR	American Ancestry	CLM	1000 Genomes on GRCh38,1000 Genomes 30x on GRCh38,1000 Genomes phase 3 release,1000 Genomes phase 1 release
HG01463	F	SAME123537	CLM	Colombian	AMR	American Ancestry	CLM	1000 Genomes 30x on GRCh38,1000 Genomes phase 3 release
HG01464	M	SAME122883	CLM	Colombian	AMR	American Ancestry	CLM	1000 Genomes on GRCh38,1000 Genomes 30x on GRCh38,1KG_ONT_VIENNA,1000 Genomes phase 3 release,1000 Genomes phase 1 release
HG01465	F	SAME122882	CLM	Colombian	AMR	American Ancestry	CLM	1000 Genomes on GRCh38,1000 Genomes 30x on GRCh38,1KG_ONT_VIENNA,1000 Genomes phase 3 release,1000 Genomes phase 1 release
HG01466	F	SAME122881	CLM	Colombian	AMR	American Ancestry	CLM	1000 Genomes 30x on GRCh38,1000 Genomes phase 3 release
HG01468	F	SAME1840382	CLM	Colombian	AMR	American Ancestry	CLM	1000 Genomes on GRCh38,1000 Genomes 30x on GRCh38,MAGE RNA-seq,1000 Genomes phase 3 release
HG01474	F	SAME1840189	CLM	Colombian	AMR	American Ancestry	CLM	1000 Genomes on GRCh38,1000 Genomes 30x on GRCh38,1KG_ONT_VIENNA,1000 Genomes phase 3 release
HG01479	M	SAME1840251	CLM	Colombian	AMR	American Ancestry	CLM	1000 Genomes on GRCh38,1000 Genomes 30x on GRCh38,1KG_ONT_VIENNA,MAGE RNA-seq,1000 Genomes phase 3 release
HG01485	M	SAME1840047	CLM	Colombian	AMR	American Ancestry	CLM	1000 Genomes on GRCh38,1000 Genomes 30x on GRCh38,1000 Genomes phase 3 release
HG01486	F	SAME1840048	CLM	Colombian	AMR	American Ancestry	CLM	1000 Genomes on GRCh38,1000 Genomes 30x on GRCh38,1000 Genomes phase 3 release
HG01488	M	SAME123973	CLM	Colombian	AMR	American Ancestry	CLM	1000 Genomes on GRCh38,1000 Genomes 30x on GRCh38,MAGE RNA-seq,1000 Genomes phase 3 release,1000 Genomes phase 1 release
HG01489	F	SAME123972	CLM	Colombian	AMR	American Ancestry	CLM	1000 Genomes on GRCh38,1000 Genomes 30x on GRCh38,1KG_ONT_VIENNA,MAGE RNA-seq,1000 Genomes phase 3 release,1000 Genomes phase 1 release
HG01490	F	SAME124139	CLM	Colombian	AMR	American Ancestry	CLM	1000 Genomes 30x on GRCh38,1000 Genomes phase 3 release
HG01491	M	SAME124140	CLM	Colombian	AMR	American Ancestry	CLM	1000 Genomes on GRCh38,1000 Genomes 30x on GRCh38,1000 Genomes phase 3 release,1000 Genomes phase 1 release
HG01492	F	SAME124137	CLM	Colombian	AMR	American Ancestry	CLM	1000 Genomes on GRCh38,1000 Genomes 30x on GRCh38,1KG_ONT_VIENNA,MAGE RNA-seq,1000 Genomes phase 3 release,1000 Genomes phase 1 release
HG01493	F	SAME124138	CLM	Colombian	AMR	American Ancestry	CLM	1000 Genomes 30x on GRCh38,1000 Genomes phase 3 release
HG01494	M	SAME124135	CLM	Colombian	AMR	American Ancestry	CLM	1000 Genomes on GRCh38,1000 Genomes 30x on GRCh38,1KG_ONT_VIENNA,MAGE RNA-seq,1000 Genomes phase 3 release,1000 Genomes phase 1 release
HG01495	F	SAME124136	CLM	Colombian	AMR	American Ancestry	CLM	1000 Genomes on GRCh38,1000 Genomes 30x on GRCh38,1000 Genomes phase 3 release,1000 Genomes phase 1 release
HG01496	F	SAME124133	CLM	Colombian	AMR	American Ancestry	CLM	1000 Genomes 30x on GRCh38,Human Pangenome Reference Consortium, Phase 2,1000 Genomes phase 3 release
HG01497	M	SAME124134	CLM	Colombian	AMR	American Ancestry	CLM	1000 Genomes on GRCh38,1000 Genomes 30x on GRCh38,1000 Genomes phase 3 release,1000 Genomes phase 1 release
HG01498	F	SAME124142	CLM	Colombian	AMR	American Ancestry	CLM	1000 Genomes on GRCh38,1000 Genomes 30x on GRCh38,1000 Genomes phase 3 release,1000 Genomes phase 1 release
HG01499	M	SAME124143	CLM	Colombian	AMR	American Ancestry	CLM	1000 Genomes 30x on GRCh38,1000 Genomes phase 3 release
HG01500	M	SAME124941	IBS	Iberian	EUR	European Ancestry	IBS	1000 Genomes on GRCh38,1000 Genomes 30x on GRCh38,1KG_ONT_VIENNA,1000 Genomes phase 3 release
HG01501	F	SAME124942	IBS	Iberian	EUR	European Ancestry	IBS	1000 Genomes on GRCh38,1000 Genomes 30x on GRCh38,MAGE RNA-seq,1000 Genomes phase 3 release
HG01502	M	SAME124943	IBS	Iberian	EUR	European Ancestry	IBS	1000 Genomes 30x on GRCh38,1000 Genomes phase 3 release
HG01503	M	SAME124944	IBS	Iberian,Spanish	EUR	European Ancestry,West Eurasia (SGDP)	IBS,SpanishSGDP	1000 Genomes on GRCh38,Simons Genome Diversity Project,1000 Genomes 30x on GRCh38,MAGE RNA-seq,1000 Genomes phase 3 release
HG01504	F	SAME124945	IBS	Iberian,Spanish	EUR	European Ancestry,West Eurasia (SGDP)	IBS,SpanishSGDP	1000 Genomes on GRCh38,Simons Genome Diversity Project,1000 Genomes 30x on GRCh38,1KG_ONT_VIENNA,1000 Genomes phase 3 release
HG01505	M	SAME124946	IBS	Iberian	EUR	European Ancestry	IBS	1000 Genomes 30x on GRCh38,Human Genome Structural Variation Consortium, Phase 2,Human Genome Structural Variation Consortium, Phase 3,1000 Genomes phase 3 release
HG01506	M	SAME124947	IBS	Iberian	EUR	European Ancestry	IBS	1000 Genomes on GRCh38,1000 Genomes 30x on GRCh38,1KG_ONT_VIENNA,MAGE RNA-seq,1000 Genomes phase 3 release
HG01507	F	SAME124948	IBS	Iberian	EUR	European Ancestry	IBS	1000 Genomes on GRCh38,1000 Genomes 30x on GRCh38,1KG_ONT_VIENNA,1000 Genomes phase 3 release
HG01508	M	SAME124939	IBS	Iberian	EUR	European Ancestry	IBS	1000 Genomes 30x on GRCh38,1000 Genomes phase 3 release
HG01509	M	SAME124940	IBS	Iberian	EUR	European Ancestry	IBS	1000 Genomes on GRCh38,1000 Genomes 30x on GRCh38,1KG_ONT_VIENNA,MAGE RNA-seq,1000 Genomes phase 3 release
HG01510	F	SAME124771	IBS	Iberian	EUR	European Ancestry	IBS	1000 Genomes on GRCh38,1000 Genomes 30x on GRCh38,1000 Genomes phase 3 release
HG01511	F	SAME124770	IBS	Iberian	EUR	European Ancestry	IBS	1000 Genomes 30x on GRCh38,1000 Genomes phase 3 release
HG01512	M	SAME124769	IBS	Iberian	EUR	European Ancestry	IBS	1000 Genomes on GRCh38,1000 Genomes 30x on GRCh38,1KG_ONT_VIENNA,1000 Genomes phase 3 release
HG01513	F	SAME124768	IBS	Iberian	EUR	European Ancestry	IBS	1000 Genomes on GRCh38,1000 Genomes 30x on GRCh38,1KG_ONT_VIENNA,1000 Genomes phase 3 release
HG01514	F	SAME124775	IBS	Iberian	EUR	European Ancestry	IBS	1000 Genomes 30x on GRCh38,1000 Genomes phase 3 release
HG01515	M	SAME124774	IBS	Iberian	EUR	European Ancestry	IBS	1000 Genomes on GRCh38,1000 Genomes 30x on GRCh38,MAGE RNA-seq,1000 Genomes phase 3 release,1000 Genomes phase 1 release
HG01516	F	SAME124773	IBS	Iberian	EUR	European Ancestry	IBS	1000 Genomes on GRCh38,1000 Genomes 30x on GRCh38,1000 Genomes phase 3 release,1000 Genomes phase 1 release
HG01517	F	SAME124772	IBS	Iberian	EUR	European Ancestry	IBS	1000 Genomes 30x on GRCh38,1000 Genomes phase 3 release
HG01518	M	SAME124766	IBS	Iberian	EUR	European Ancestry	IBS	1000 Genomes on GRCh38,1000 Genomes 30x on GRCh38,1KG_ONT_VIENNA,MAGE RNA-seq,1000 Genomes phase 3 release,1000 Genomes phase 1 release
HG01519	F	SAME124765	IBS	Iberian	EUR	European Ancestry	IBS	1000 Genomes on GRCh38,1000 Genomes 30x on GRCh38,1KG_ONT_VIENNA,1000 Genomes phase 3 release,1000 Genomes phase 1 release
HG01520	F	SAME125323	IBS	Iberian	EUR	European Ancestry	IBS	1000 Genomes 30x on GRCh38,1000 Genomes phase 3 release
HG01521	M	SAME125324	IBS	Iberian	EUR	European Ancestry	IBS	1000 Genomes on GRCh38,1000 Genomes 30x on GRCh38,1000 Genomes phase 3 release,1000 Genomes phase 1 release
HG01522	F	SAME125321	IBS	Iberian	EUR	European Ancestry	IBS	1000 Genomes on GRCh38,1000 Genomes 30x on GRCh38,MAGE RNA-seq,1000 Genomes phase 3 release,1000 Genomes phase 1 release
HG01523	M	SAME125322	IBS	Iberian	EUR	European Ancestry	IBS	1000 Genomes 30x on GRCh38,1000 Genomes phase 3 release
HG01524	M	SAME125327	IBS	Iberian	EUR	European Ancestry	IBS	1000 Genomes on GRCh38,1000 Genomes 30x on GRCh38,MAGE RNA-seq,1000 Genomes phase 3 release
HG01525	F	SAME125328	IBS	Iberian	EUR	European Ancestry	IBS	1000 Genomes on GRCh38,1000 Genomes 30x on GRCh38,1KG_ONT_VIENNA,1000 Genomes phase 3 release
HG01526	M	SAME125325	IBS	Iberian	EUR	European Ancestry	IBS	1000 Genomes 30x on GRCh38,1000 Genomes phase 3 release
HG01527	M	SAME125326	IBS	Iberian	EUR	European Ancestry	IBS	1000 Genomes on GRCh38,1000 Genomes 30x on GRCh38,1KG_ONT_VIENNA,MAGE RNA-seq,1000 Genomes phase 3 release
HG01528	F	SAME125329	IBS	Iberian	EUR	European Ancestry	IBS	1000 Genomes on GRCh38,1000 Genomes 30x on GRCh38,1000 Genomes phase 3 release
HG01529	M	SAME125330	IBS	Iberian	EUR	European Ancestry	IBS	1000 Genomes 30x on GRCh38,1000 Genomes phase 3 release
HG01530	M	SAME125137	IBS	Iberian	EUR	European Ancestry	IBS	1000 Genomes on GRCh38,1000 Genomes 30x on GRCh38,1KG_ONT_VIENNA,Human Pangenome Reference Consortium, Phase 2,1000 Genomes phase 3 release
HG01531	F	SAME125136	IBS	Iberian	EUR	European Ancestry	IBS	1000 Genomes on GRCh38,1000 Genomes 30x on GRCh38,1000 Genomes phase 3 release
HG01532	M	SAME125138	IBS	Iberian	EUR	European Ancestry	IBS	1000 Genomes 30x on GRCh38,1000 Genomes phase 3 release
HG01536	M	SAME125135	IBS	Iberian	EUR	European Ancestry	IBS	1000 Genomes on GRCh38,1000 Genomes 30x on GRCh38,1000 Genomes phase 3 release
HG01537	F	SAME125134	IBS	Iberian	EUR	European Ancestry	IBS	1000 Genomes on GRCh38,1000 Genomes 30x on GRCh38,1000 Genomes phase 3 release
HG01538	F	SAME125141	IBS	Iberian	EUR	European Ancestry	IBS	1000 Genomes 30x on GRCh38,1000 Genomes phase 3 release
HG01550	M	SAME124009	CLM	Colombian	AMR	American Ancestry	CLM	1000 Genomes on GRCh38,1000 Genomes 30x on GRCh38,1KG_ONT_VIENNA,1000 Genomes phase 3 release,1000 Genomes phase 1 release
HG01551	F	SAME124008	CLM	Colombian	AMR	American Ancestry	CLM	1000 Genomes on GRCh38,1000 Genomes 30x on GRCh38,1KG_ONT_VIENNA,1000 Genomes phase 3 release,1000 Genomes phase 1 release
HG01552	M	SAME124007	CLM	Colombian	AMR	American Ancestry	CLM	1000 Genomes 30x on GRCh38,1000 Genomes phase 3 release
HG01556	M	SAME1840141	CLM	Colombian	AMR	American Ancestry	CLM	1000 Genomes on GRCh38,1000 Genomes 30x on GRCh38,1000 Genomes phase 3 release
HG01565	M	SAME124566	PEL	Peruvian	AMR	American Ancestry	PEL	1000 Genomes on GRCh38,1000 Genomes 30x on GRCh38,1000 Genomes phase 3 release
HG01566	F	SAME124564	PEL	Peruvian	AMR	American Ancestry	PEL	1000 Genomes on GRCh38,1000 Genomes 30x on GRCh38,1KG_ONT_VIENNA,1000 Genomes phase 3 release
HG01567	F	SAME124565	PEL	Peruvian	AMR	American Ancestry	PEL	1000 Genomes 30x on GRCh38,1000 Genomes phase 3 release
HG01571	M	SAME124346	PEL	Peruvian	AMR	American Ancestry	PEL	1000 Genomes on GRCh38,1000 Genomes 30x on GRCh38,1KG_ONT_VIENNA,1000 Genomes phase 3 release
HG01572	F	SAME124705	PEL	Peruvian	AMR	American Ancestry	PEL	1000 Genomes on GRCh38,1000 Genomes 30x on GRCh38,1KG_ONT_VIENNA,1000 Genomes phase 3 release
HG01573	F	SAME124347	PEL	Peruvian	AMR	American Ancestry	PEL	1000 Genomes 30x on GRCh38,Human Genome Structural Variation Consortium, Phase 2,Human Genome Structural Variation Consortium, Phase 3,1000 Genomes phase 3 release
HG01577	M	SAME124349	PEL	Peruvian	AMR	American Ancestry	PEL	1000 Genomes on GRCh38,1000 Genomes 30x on GRCh38,1KG_ONT_VIENNA,1000 Genomes phase 3 release
HG01578	F	SAME124351	PEL	Peruvian	AMR	American Ancestry	PEL	1000 Genomes on GRCh38,1000 Genomes 30x on GRCh38,1KG_ONT_VIENNA,MAGE RNA-seq,1000 Genomes phase 3 release
HG01579	M	SAME124350	PEL	Peruvian	AMR	American Ancestry	PEL	1000 Genomes 30x on GRCh38,1000 Genomes phase 3 release
HG01583	M	SAME1839895	PJL	Punjabi	SAS	South Asian Ancestry	PJL	1000 Genomes on GRCh38,1000 Genomes 30x on GRCh38,1KG_ONT_VIENNA,1000 Genomes phase 3 release
HG01586	M	SAME1839879	PJL	Punjabi	SAS	South Asian Ancestry	PJL	1000 Genomes on GRCh38,1000 Genomes 30x on GRCh38,1KG_ONT_VIENNA,1000 Genomes phase 3 release
HG01589	M	SAME1839859	PJL	Punjabi	SAS	South Asian Ancestry	PJL	1000 Genomes on GRCh38,1000 Genomes 30x on GRCh38,1KG_ONT_VIENNA,MAGE RNA-seq,1000 Genomes phase 3 release
HG01593	F	SAME1839634	PJL	Punjabi	SAS	South Asian Ancestry	PJL	1000 Genomes on GRCh38,1000 Genomes 30x on GRCh38,MAGE RNA-seq,1000 Genomes phase 3 release
HG01595	F	SAME123569	KHV	Kinh Vietnamese	EAS	East Asian Ancestry	KHV	1000 Genomes on GRCh38,1000 Genomes 30x on GRCh38,1KG_ONT_VIENNA,1000 Genomes phase 3 release
HG01596	M	SAME125227	KHV	Kinh Vietnamese	EAS	East Asian Ancestry	KHV	1000 Genomes on GRCh38,1000 Genomes 30x on GRCh38,Human Genome Structural Variation Consortium, Phase 2,Human Genome Structural Variation Consortium, Phase 3,1KG_ONT_VIENNA,1000 Genomes phase 3 release
HG01597	F	SAME125226	KHV	Kinh Vietnamese	EAS	East Asian Ancestry	KHV	1000 Genomes on GRCh38,1000 Genomes 30x on GRCh38,1KG_ONT_VIENNA,MAGE RNA-seq,1000 Genomes phase 3 release
HG01598	F	SAME125239	KHV	Kinh Vietnamese	EAS	East Asian Ancestry	KHV	1000 Genomes on GRCh38,1000 Genomes 30x on GRCh38,1KG_ONT_VIENNA,MAGE RNA-seq,1000 Genomes phase 3 release
HG01599	F	SAME125238	KHV	Kinh Vietnamese	EAS	East Asian Ancestry	KHV	1000 Genomes on GRCh38,1000 Genomes 30x on GRCh38,1000 Genomes phase 3 release
HG01600	F	SAME123456	KHV	Kinh Vietnamese,Kinh	EAS	East Asian Ancestry,East Asia (SGDP)	KHV,KinhSGDP	1000 Genomes on GRCh38,Simons Genome Diversity Project,1000 Genomes 30x on GRCh38,1KG_ONT_VIENNA,MAGE RNA-seq,1000 Genomes phase 3 release
HG01601	M	SAME123455	IBS	Iberian	EUR	European Ancestry	IBS	1000 Genomes 30x on GRCh38,1000 Genomes phase 3 release
HG01602	F	SAME123454	IBS	Iberian	EUR	European Ancestry	IBS	1000 Genomes on GRCh38,1000 Genomes 30x on GRCh38,1KG_ONT_VIENNA,1000 Genomes phase 3 release
HG01603	M	SAME123453	IBS	Iberian	EUR	European Ancestry	IBS	1000 Genomes on GRCh38,1000 Genomes 30x on GRCh38,1000 Genomes phase 3 release
HG01604	F	SAME123460	IBS	Iberian	EUR	European Ancestry	IBS	1000 Genomes 30x on GRCh38,1000 Genomes phase 3 release
HG01605	F	SAME123459	IBS	Iberian	EUR	European Ancestry	IBS	1000 Genomes on GRCh38,1000 Genomes 30x on GRCh38,1KG_ONT_VIENNA,1000 Genomes phase 3 release
HG01606	M	SAME123458	IBS	Iberian	EUR	European Ancestry	IBS	1000 Genomes on GRCh38,1000 Genomes 30x on GRCh38,1KG_ONT_VIENNA,MAGE RNA-seq,1000 Genomes phase 3 release
HG01607	F	SAME123457	IBS	Iberian	EUR	European Ancestry	IBS	1000 Genomes on GRCh38,1000 Genomes 30x on GRCh38,MAGE RNA-seq,1000 Genomes phase 3 release
HG01608	M	SAME123462	IBS	Iberian	EUR	European Ancestry	IBS	1000 Genomes on GRCh38,1000 Genomes 30x on GRCh38,1KG_ONT_VIENNA,1000 Genomes phase 3 release
HG01609	M	SAME123461	IBS	Iberian	EUR	European Ancestry	IBS	1000 Genomes 30x on GRCh38,1000 Genomes phase 3 release
HG01610	M	SAME123623	IBS	Iberian	EUR	European Ancestry	IBS	1000 Genomes on GRCh38,1000 Genomes 30x on GRCh38,MAGE RNA-seq,1000 Genomes phase 3 release
HG01611	M	SAME123624	IBS	Iberian	EUR	European Ancestry	IBS	1000 Genomes 30x on GRCh38,1000 Genomes phase 3 release
HG01612	F	SAME123625	IBS	Iberian	EUR	European Ancestry	IBS	1000 Genomes on GRCh38,1000 Genomes 30x on GRCh38,1KG_ONT_VIENNA,1000 Genomes phase 3 release
HG01613	F	SAME123626	IBS	Iberian	EUR	European Ancestry	IBS	1000 Genomes on GRCh38,1000 Genomes 30x on GRCh38,MAGE RNA-seq,1000 Genomes phase 3 release
HG01614	F	SAME123627	IBS	Iberian	EUR	European Ancestry	IBS	1000 Genomes 30x on GRCh38,1000 Genomes phase 3 release
HG01615	M	SAME123628	IBS	Iberian	EUR	European Ancestry	IBS	1000 Genomes on GRCh38,1000 Genomes 30x on GRCh38,MAGE RNA-seq,1000 Genomes phase 3 release
HG01616	F	SAME123629	IBS	Iberian	EUR	European Ancestry	IBS	1000 Genomes 30x on GRCh38,1000 Genomes phase 3 release
HG01617	M	SAME123630	IBS	Iberian	EUR	European Ancestry	IBS	1000 Genomes on GRCh38,1000 Genomes 30x on GRCh38,1KG_ONT_VIENNA,1000 Genomes phase 3 release,1000 Genomes phase 1 release
HG01618	F	SAME123631	IBS	Iberian	EUR	European Ancestry	IBS	1000 Genomes on GRCh38,1000 Genomes 30x on GRCh38,1000 Genomes phase 3 release,1000 Genomes phase 1 release
HG01619	M	SAME123632	IBS	Iberian	EUR	European Ancestry	IBS	1000 Genomes on GRCh38,1000 Genomes 30x on GRCh38,1000 Genomes phase 3 release,1000 Genomes phase 1 release
HG01620	F	SAME123844	IBS	Iberian	EUR	European Ancestry	IBS	1000 Genomes on GRCh38,1000 Genomes 30x on GRCh38,1000 Genomes phase 3 release,1000 Genomes phase 1 release
HG01621	M	SAME123843	IBS	Iberian	EUR	European Ancestry	IBS	1000 Genomes 30x on GRCh38,1000 Genomes phase 3 release
HG01622	F	SAME123846	IBS	Iberian	EUR	European Ancestry	IBS	1000 Genomes 30x on GRCh38,1000 Genomes phase 3 release
HG01623	F	SAME123845	IBS	Iberian	EUR	European Ancestry	IBS	1000 Genomes on GRCh38,1000 Genomes 30x on GRCh38,1000 Genomes phase 3 release,1000 Genomes phase 1 release
HG01624	M	SAME123840	IBS	Iberian	EUR	European Ancestry	IBS	1000 Genomes on GRCh38,1000 Genomes 30x on GRCh38,1000 Genomes phase 3 release,1000 Genomes phase 1 release
HG01625	M	SAME123839	IBS	Iberian	EUR	European Ancestry	IBS	1000 Genomes on GRCh38,1000 Genomes 30x on GRCh38,1000 Genomes phase 3 release,1000 Genomes phase 1 release
HG01626	F	SAME123842	IBS	Iberian	EUR	European Ancestry	IBS	1000 Genomes on GRCh38,1000 Genomes 30x on GRCh38,1KG_ONT_VIENNA,Human Pangenome Reference Consortium, Phase 2,1000 Genomes phase 3 release,1000 Genomes phase 1 release
HG01627	M	SAME123841	IBS	Iberian	EUR	European Ancestry	IBS	1000 Genomes 30x on GRCh38,1000 Genomes phase 3 release
HG01628	F	SAME123837	IBS	Iberian	EUR	European Ancestry	IBS	1000 Genomes on GRCh38,1000 Genomes 30x on GRCh38,1000 Genomes phase 3 release
HG01629	M	SAME123836	IBS	Iberian	EUR	European Ancestry	IBS	1000 Genomes 30x on GRCh38,1000 Genomes phase 3 release
HG01630	M	SAME124034	IBS	Iberian	EUR	European Ancestry	IBS	1000 Genomes on GRCh38,1000 Genomes 30x on GRCh38,1KG_ONT_VIENNA,MAGE RNA-seq,1000 Genomes phase 3 release
HG01631	M	SAME124035	IBS	Iberian	EUR	European Ancestry	IBS	1000 Genomes on GRCh38,1000 Genomes 30x on GRCh38,1000 Genomes phase 3 release
HG01632	F	SAME124032	IBS	Iberian	EUR	European Ancestry	IBS	1000 Genomes on GRCh38,1000 Genomes 30x on GRCh38,1000 Genomes phase 3 release
HG01633	M	SAME124033	IBS	Iberian	EUR	European Ancestry	IBS	1000 Genomes 30x on GRCh38,1000 Genomes phase 3 release
HG01667	M	SAME123116	IBS	Iberian	EUR	European Ancestry	IBS	1000 Genomes 30x on GRCh38,1000 Genomes phase 3 release
HG01668	F	SAME123111	IBS	Iberian	EUR	European Ancestry	IBS	1000 Genomes on GRCh38,1000 Genomes 30x on GRCh38,1000 Genomes phase 3 release
HG01669	M	SAME123110	IBS	Iberian	EUR	European Ancestry	IBS	1000 Genomes on GRCh38,1000 Genomes 30x on GRCh38,MAGE RNA-seq,1000 Genomes phase 3 release
HG01670	F	SAME123290	IBS	Iberian	EUR	European Ancestry	IBS	1000 Genomes on GRCh38,1000 Genomes 30x on GRCh38,1000 Genomes phase 3 release
HG01671	M	SAME123291	IBS	Iberian	EUR	European Ancestry	IBS	1000 Genomes 30x on GRCh38,1000 Genomes phase 3 release
HG01672	M	SAME123288	IBS	Iberian	EUR	European Ancestry	IBS	1000 Genomes on GRCh38,1000 Genomes 30x on GRCh38,1000 Genomes phase 3 release
HG01673	F	SAME123289	IBS	Iberian	EUR	European Ancestry	IBS	1000 Genomes on GRCh38,1000 Genomes 30x on GRCh38,1KG_ONT_VIENNA,1000 Genomes phase 3 release
HG01674	M	SAME123286	IBS	Iberian	EUR	European Ancestry	IBS	1000 Genomes 30x on GRCh38,1000 Genomes phase 3 release
HG01675	M	SAME123287	IBS	Iberian	EUR	European Ancestry	IBS	1000 Genomes on GRCh38,1000 Genomes 30x on GRCh38,1000 Genomes phase 3 release
HG01676	F	SAME123284	IBS	Iberian	EUR	European Ancestry	IBS	1000 Genomes on GRCh38,1000 Genomes 30x on GRCh38,1KG_ONT_VIENNA,1000 Genomes phase 3 release
HG01677	F	SAME123285	IBS	Iberian	EUR	European Ancestry	IBS	1000 Genomes 30x on GRCh38,1000 Genomes phase 3 release
HG01678	M	SAME123292	IBS	Iberian	EUR	European Ancestry	IBS	1000 Genomes on GRCh38,1000 Genomes 30x on GRCh38,1KG_ONT_VIENNA,1000 Genomes phase 3 release
HG01679	F	SAME123293	IBS	Iberian	EUR	European Ancestry	IBS	1000 Genomes on GRCh38,1000 Genomes 30x on GRCh38,1000 Genomes phase 3 release
HG01680	M	SAME124656	IBS	Iberian	EUR	European Ancestry	IBS	1000 Genomes on GRCh38,1000 Genomes 30x on GRCh38,1KG_ONT_VIENNA,1000 Genomes phase 3 release
HG01681	F	SAME124655	IBS	Iberian	EUR	European Ancestry	IBS	1000 Genomes 30x on GRCh38,1000 Genomes phase 3 release
HG01682	M	SAME124654	IBS	Iberian	EUR	European Ancestry	IBS	1000 Genomes on GRCh38,1000 Genomes 30x on GRCh38,MAGE RNA-seq,1000 Genomes phase 3 release
HG01683	M	SAME124653	IBS	Iberian	EUR	European Ancestry	IBS	1000 Genomes 30x on GRCh38,1000 Genomes phase 3 release
HG01684	F	SAME124660	IBS	Iberian	EUR	European Ancestry	IBS	1000 Genomes on GRCh38,1000 Genomes 30x on GRCh38,1KG_ONT_VIENNA,MAGE RNA-seq,1000 Genomes phase 3 release
HG01685	F	SAME124659	IBS	Iberian	EUR	European Ancestry	IBS	1000 Genomes on GRCh38,1000 Genomes 30x on GRCh38,1000 Genomes phase 3 release
HG01686	M	SAME124658	IBS	Iberian	EUR	European Ancestry	IBS	1000 Genomes on GRCh38,1000 Genomes 30x on GRCh38,MAGE RNA-seq,1000 Genomes phase 3 release
HG01687	F	SAME124657	IBS	Iberian	EUR	European Ancestry	IBS	1000 Genomes 30x on GRCh38,1000 Genomes phase 3 release
HG01694	M	SAME124844	IBS	Iberian	EUR	European Ancestry	IBS	1000 Genomes on GRCh38,1000 Genomes 30x on GRCh38,1KG_ONT_VIENNA,1000 Genomes phase 3 release
HG01695	F	SAME124845	IBS	Iberian	EUR	European Ancestry	IBS	1000 Genomes on GRCh38,1000 Genomes 30x on GRCh38,MAGE RNA-seq,1000 Genomes phase 3 release
HG01696	M	SAME124715	IBS	Iberian	EUR	European Ancestry	IBS	1000 Genomes 30x on GRCh38,1000 Genomes phase 3 release
HG01697	F	SAME1839223	IBS	Iberian	EUR	European Ancestry	IBS	1000 Genomes on GRCh38,1000 Genomes 30x on GRCh38,1000 Genomes phase 3 release
HG01698	M	SAME1839214	IBS	Iberian	EUR	European Ancestry	IBS	1000 Genomes 30x on GRCh38,1000 Genomes phase 3 release
HG01699	M	SAME1839210	IBS	Iberian	EUR	European Ancestry	IBS	1000 Genomes on GRCh38,1000 Genomes 30x on GRCh38,1KG_ONT_VIENNA,1000 Genomes phase 3 release
HG01700	M	SAME123261	IBS	Iberian	EUR	European Ancestry	IBS	1000 Genomes on GRCh38,1000 Genomes 30x on GRCh38,1KG_ONT_VIENNA,1000 Genomes phase 3 release
HG01701	M	SAME123262	IBS	Iberian	EUR	European Ancestry	IBS	1000 Genomes 30x on GRCh38,1000 Genomes phase 3 release
HG01702	F	SAME123259	IBS	Iberian	EUR	European Ancestry	IBS	1000 Genomes on GRCh38,1000 Genomes 30x on GRCh38,1000 Genomes phase 3 release
HG01703	M	SAME123260	IBS	Iberian	EUR	European Ancestry	IBS	1000 Genomes 30x on GRCh38,1000 Genomes phase 3 release
HG01704	F	SAME123265	IBS	Iberian	EUR	European Ancestry	IBS	1000 Genomes on GRCh38,1000 Genomes 30x on GRCh38,1000 Genomes phase 3 release
HG01705	M	SAME123266	IBS	Iberian	EUR	European Ancestry	IBS	1000 Genomes on GRCh38,1000 Genomes 30x on GRCh38,1000 Genomes phase 3 release
HG01706	F	SAME123263	IBS	Iberian	EUR	European Ancestry	IBS	1000 Genomes 30x on GRCh38,1000 Genomes phase 3 release
HG01707	F	SAME123264	IBS	Iberian	EUR	European Ancestry	IBS	1000 Genomes on GRCh38,1000 Genomes 30x on GRCh38,1000 Genomes phase 3 release
HG01708	M	SAME123253	IBS	Iberian	EUR	European Ancestry	IBS	1000 Genomes on GRCh38,1000 Genomes 30x on GRCh38,1000 Genomes phase 3 release
HG01709	M	SAME123229	IBS	Iberian	EUR	European Ancestry	IBS	1000 Genomes on GRCh38,1000 Genomes 30x on GRCh38,1000 Genomes phase 3 release
HG01710	F	SAME123084	IBS	Iberian	EUR	European Ancestry	IBS	1000 Genomes on GRCh38,1000 Genomes 30x on GRCh38,1000 Genomes phase 3 release
HG01711	F	SAME123083	IBS	Iberian	EUR	European Ancestry	IBS	1000 Genomes 30x on GRCh38,1000 Genomes phase 3 release
HG01746	F	SAME125180	IBS	Iberian	EUR	European Ancestry	IBS	1000 Genomes on GRCh38,1000 Genomes 30x on GRCh38,1000 Genomes phase 3 release
HG01747	M	SAME125181	IBS	Iberian	EUR	European Ancestry	IBS	1000 Genomes on GRCh38,1000 Genomes 30x on GRCh38,1000 Genomes phase 3 release
HG01748	M	SAME125191	IBS	Iberian	EUR	European Ancestry	IBS	1000 Genomes 30x on GRCh38,1000 Genomes phase 3 release
HG01755	F	SAME124986	IBS	Iberian	EUR	European Ancestry	IBS	1000 Genomes 30x on GRCh38,1000 Genomes phase 3 release
HG01756	M	SAME124988	IBS	Iberian	EUR	European Ancestry	IBS	1000 Genomes on GRCh38,1000 Genomes 30x on GRCh38,1KG_ONT_VIENNA,1000 Genomes phase 3 release
HG01757	F	SAME124987	IBS	Iberian	EUR	European Ancestry	IBS	1000 Genomes on GRCh38,1000 Genomes 30x on GRCh38,1000 Genomes phase 3 release
HG01761	M	SAME124810	IBS	Iberian	EUR	European Ancestry	IBS	1000 Genomes on GRCh38,1000 Genomes 30x on GRCh38,1000 Genomes phase 3 release
HG01762	F	SAME124811	IBS	Iberian	EUR	European Ancestry	IBS	1000 Genomes on GRCh38,1000 Genomes 30x on GRCh38,MAGE RNA-seq,1000 Genomes phase 3 release
HG01763	F	SAME124812	IBS	Iberian	EUR	European Ancestry	IBS	1000 Genomes 30x on GRCh38,1000 Genomes phase 3 release
HG01765	M	SAME1839681	IBS	Iberian	EUR	European Ancestry	IBS	1000 Genomes on GRCh38,1000 Genomes 30x on GRCh38,1KG_ONT_VIENNA,MAGE RNA-seq,1000 Genomes phase 3 release
HG01766	F	SAME1839673	IBS	Iberian	EUR	European Ancestry	IBS	1000 Genomes on GRCh38,1000 Genomes 30x on GRCh38,1KG_ONT_VIENNA,Human Pangenome Reference Consortium, Phase 2,1000 Genomes phase 3 release
HG01767	M	SAME1839671	IBS	Iberian	EUR	European Ancestry	IBS	1000 Genomes on GRCh38,1000 Genomes 30x on GRCh38,1000 Genomes phase 3 release
HG01768	F	SAME1839665	IBS	Iberian	EUR	European Ancestry	IBS	1000 Genomes on GRCh38,1000 Genomes 30x on GRCh38,1000 Genomes phase 3 release
HG01770	F	SAME124638	IBS	Iberian	EUR	European Ancestry	IBS	1000 Genomes on GRCh38,1000 Genomes 30x on GRCh38,1000 Genomes phase 3 release
HG01771	M	SAME124637	IBS	Iberian	EUR	European Ancestry	IBS	1000 Genomes on GRCh38,1000 Genomes 30x on GRCh38,MAGE RNA-seq,1000 Genomes phase 3 release
HG01772	F	SAME124636	IBS	Iberian	EUR	European Ancestry	IBS	1000 Genomes 30x on GRCh38,1000 Genomes phase 3 release
HG01773	F	SAME124635	IBS	Iberian	EUR	European Ancestry	IBS	1000 Genomes on GRCh38,1000 Genomes 30x on GRCh38,1KG_ONT_VIENNA,1000 Genomes phase 3 release
HG01774	M	SAME124634	IBS	Iberian	EUR	European Ancestry	IBS	1000 Genomes 30x on GRCh38,1000 Genomes phase 3 release
HG01775	M	SAME124633	IBS	Iberian	EUR	European Ancestry	IBS	1000 Genomes on GRCh38,1000 Genomes 30x on GRCh38,1000 Genomes phase 3 release
HG01776	F	SAME124632	IBS	Iberian	EUR	European Ancestry	IBS	1000 Genomes on GRCh38,1000 Genomes 30x on GRCh38,1KG_ONT_VIENNA,1000 Genomes phase 3 release
HG01777	M	SAME124631	IBS	Iberian	EUR	European Ancestry	IBS	1000 Genomes on GRCh38,1000 Genomes 30x on GRCh38,1000 Genomes phase 3 release
HG01778	M	SAME124630	IBS	Iberian	EUR	European Ancestry	IBS	1000 Genomes 30x on GRCh38,1000 Genomes phase 3 release
HG01779	F	SAME124629	IBS	Iberian	EUR	European Ancestry	IBS	1000 Genomes on GRCh38,1000 Genomes 30x on GRCh38,1KG_ONT_VIENNA,1000 Genomes phase 3 release
HG01780	M	SAME124428	IBS	Iberian	EUR	European Ancestry	IBS	1000 Genomes 30x on GRCh38,1000 Genomes phase 3 release
HG01781	M	SAME124921	IBS	Iberian	EUR	European Ancestry	IBS	1000 Genomes on GRCh38,1000 Genomes 30x on GRCh38,1000 Genomes phase 3 release
HG01782	F	SAME124426	IBS	Iberian	EUR	European Ancestry	IBS	1000 Genomes 30x on GRCh38,1000 Genomes phase 3 release
HG01783	M	SAME124427	IBS,MSL	Iberian,Mende	EUR,AFR	European Ancestry,African Ancestry	IBS,MSL	1000 Genomes on GRCh38,1000 Genomes 30x on GRCh38,1000 Genomes phase 3 release
HG01784	F	SAME124431	IBS	Iberian	EUR	European Ancestry	IBS	1000 Genomes on GRCh38,1000 Genomes 30x on GRCh38,Human Pangenome Reference Consortium, Phase 2,1000 Genomes phase 3 release
HG01785	M	SAME1839313	IBS	Iberian	EUR	European Ancestry	IBS	1000 Genomes on GRCh38,1000 Genomes 30x on GRCh38,MAGE RNA-seq,Human Pangenome Reference Consortium, Phase 2,1000 Genomes phase 3 release
HG01786	F	SAME1839312	IBS	Iberian	EUR	European Ancestry	IBS	1000 Genomes on GRCh38,1000 Genomes 30x on GRCh38,1KG_ONT_VIENNA,Human Pangenome Reference Consortium, Phase 2,1000 Genomes phase 3 release
HG01789	M	SAME124433	GBR	British	EUR	European Ancestry	GBR	1000 Genomes on GRCh38,1000 Genomes 30x on GRCh38,1KG_ONT_VIENNA,1000 Genomes phase 3 release,Geuvadis
HG01790	F	SAME124222	GBR	British	EUR	European Ancestry	GBR	1000 Genomes on GRCh38,1000 Genomes 30x on GRCh38,MAGE RNA-seq,1000 Genomes phase 3 release,Geuvadis
HG01791	M	SAME124221	GBR	British	EUR	European Ancestry	GBR	1000 Genomes on GRCh38,1000 Genomes 30x on GRCh38,1KG_ONT_VIENNA,1000 Genomes phase 3 release,Geuvadis
HG01794	F	SAME124218	CDX	Dai Chinese	EAS	East Asian Ancestry	CDX	1000 Genomes on GRCh38,1000 Genomes 30x on GRCh38,1KG_ONT_VIENNA,1000 Genomes phase 3 release
HG01795	F	SAME124217	CDX	Dai Chinese	EAS	East Asian Ancestry	CDX	1000 Genomes on GRCh38,1000 Genomes 30x on GRCh38,1000 Genomes phase 3 release
HG01796	F	SAME124220	CDX	Dai Chinese	EAS	East Asian Ancestry	CDX	1000 Genomes on GRCh38,1000 Genomes 30x on GRCh38,1KG_ONT_VIENNA,1000 Genomes phase 3 release
HG01797	F	SAME124219	CDX	Dai Chinese	EAS	East Asian Ancestry	CDX	1000 Genomes on GRCh38,1000 Genomes 30x on GRCh38,MAGE RNA-seq,1000 Genomes phase 3 release
HG01798	F	SAME124228	CDX	Dai Chinese	EAS	East Asian Ancestry	CDX	1000 Genomes on GRCh38,1000 Genomes 30x on GRCh38,1KG_ONT_VIENNA,Human Pangenome Reference Consortium, Phase 2,1000 Genomes phase 3 release
HG01799	F	SAME124227	CDX	Dai Chinese	EAS	East Asian Ancestry	CDX	1000 Genomes on GRCh38,1000 Genomes 30x on GRCh38,1000 Genomes phase 3 release
HG01800	F	SAME124306	CDX	Dai Chinese	EAS	East Asian Ancestry	CDX	1000 Genomes on GRCh38,1000 Genomes 30x on GRCh38,1KG_ONT_VIENNA,MAGE RNA-seq,1000 Genomes phase 3 release
HG01801	F	SAME124305	CDX	Dai Chinese	EAS	East Asian Ancestry	CDX	1000 Genomes on GRCh38,1000 Genomes 30x on GRCh38,1000 Genomes phase 3 release
HG01802	F	SAME124307	CDX	Dai Chinese	EAS	East Asian Ancestry	CDX	1000 Genomes on GRCh38,1000 Genomes 30x on GRCh38,1000 Genomes phase 3 release
HG01804	F	SAME124302	CDX	Dai Chinese	EAS	East Asian Ancestry	CDX	1000 Genomes on GRCh38,1000 Genomes 30x on GRCh38,1000 Genomes phase 3 release
HG01805	F	SAME124301	CDX	Dai Chinese	EAS	East Asian Ancestry	CDX	1000 Genomes on GRCh38,1000 Genomes 30x on GRCh38,1KG_ONT_VIENNA,1000 Genomes phase 3 release
HG01806	F	SAME124304	CDX	Dai Chinese	EAS	East Asian Ancestry	CDX	1000 Genomes on GRCh38,1000 Genomes 30x on GRCh38,1KG_ONT_VIENNA,MAGE RNA-seq,1000 Genomes phase 3 release
HG01807	F	SAME124303	CDX	Dai Chinese	EAS	East Asian Ancestry	CDX	1000 Genomes on GRCh38,1000 Genomes 30x on GRCh38,1KG_ONT_VIENNA,1000 Genomes phase 3 release
HG01808	F	SAME124300	CDX	Dai Chinese	EAS	East Asian Ancestry	CDX	1000 Genomes on GRCh38,1000 Genomes 30x on GRCh38,1000 Genomes phase 3 release
HG01809	F	SAME124299	CDX	Dai Chinese	EAS	East Asian Ancestry	CDX	1000 Genomes on GRCh38,1000 Genomes 30x on GRCh38,1KG_ONT_VIENNA,MAGE RNA-seq,1000 Genomes phase 3 release
HG01810	M	SAME124519	CDX	Dai Chinese	EAS	East Asian Ancestry	CDX	1000 Genomes on GRCh38,1000 Genomes 30x on GRCh38,1000 Genomes phase 3 release
HG01811	M	SAME125380	CDX	Dai Chinese	EAS	East Asian Ancestry	CDX	1000 Genomes on GRCh38,1000 Genomes 30x on GRCh38,1000 Genomes phase 3 release
HG01812	F	SAME124517	CDX	Dai Chinese	EAS	East Asian Ancestry	CDX	1000 Genomes on GRCh38,1000 Genomes 30x on GRCh38,MAGE RNA-seq,1000 Genomes phase 3 release
HG01813	F	SAME124518	CDX	Dai Chinese	EAS	East Asian Ancestry	CDX	1000 Genomes on GRCh38,1000 Genomes 30x on GRCh38,1KG_ONT_VIENNA,1000 Genomes phase 3 release
HG01815	F	SAME124524	CDX	Dai Chinese	EAS	East Asian Ancestry	CDX	1000 Genomes on GRCh38,1000 Genomes 30x on GRCh38,1KG_ONT_VIENNA,1000 Genomes phase 3 release
HG01816	M	SAME124521	CDX	Dai Chinese	EAS	East Asian Ancestry	CDX	1000 Genomes on GRCh38,1000 Genomes 30x on GRCh38,1000 Genomes phase 3 release
HG01817	F	SAME124522	CDX	Dai Chinese	EAS	East Asian Ancestry	CDX	1000 Genomes on GRCh38,1000 Genomes 30x on GRCh38,1KG_ONT_VIENNA,MAGE RNA-seq,1000 Genomes phase 3 release
HG01840	M	SAME123552	KHV	Kinh Vietnamese	EAS	East Asian Ancestry	KHV	1000 Genomes on GRCh38,1000 Genomes 30x on GRCh38,1KG_ONT_VIENNA,1000 Genomes phase 3 release
HG01841	F	SAME123551	KHV	Kinh Vietnamese	EAS	East Asian Ancestry	KHV	1000 Genomes on GRCh38,1000 Genomes 30x on GRCh38,1000 Genomes phase 3 release
HG01842	M	SAME123554	KHV	Kinh Vietnamese	EAS	East Asian Ancestry	KHV	1000 Genomes on GRCh38,1000 Genomes 30x on GRCh38,1000 Genomes phase 3 release
HG01843	F	SAME123553	KHV	Kinh Vietnamese	EAS	East Asian Ancestry	KHV	1000 Genomes on GRCh38,1000 Genomes 30x on GRCh38,MAGE RNA-seq,1000 Genomes phase 3 release
HG01844	M	SAME123556	KHV	Kinh Vietnamese	EAS	East Asian Ancestry	KHV	1000 Genomes on GRCh38,1000 Genomes 30x on GRCh38,MAGE RNA-seq,1000 Genomes phase 3 release
HG01845	F	SAME123555	KHV	Kinh Vietnamese	EAS	East Asian Ancestry	KHV	1000 Genomes on GRCh38,1000 Genomes 30x on GRCh38,1000 Genomes phase 3 release
HG01846	M	SAME123558	KHV	Kinh Vietnamese,Kinh	EAS	East Asian Ancestry,East Asia (SGDP)	KHV,KinhSGDP	1000 Genomes on GRCh38,Simons Genome Diversity Project,1000 Genomes 30x on GRCh38,1KG_ONT_VIENNA,MAGE RNA-seq,1000 Genomes phase 3 release
HG01847	F	SAME123557	KHV	Kinh Vietnamese	EAS	East Asian Ancestry	KHV	1000 Genomes on GRCh38,1000 Genomes 30x on GRCh38,1000 Genomes phase 3 release
HG01848	F	SAME123548	KHV	Kinh Vietnamese	EAS	East Asian Ancestry	KHV	1000 Genomes on GRCh38,1000 Genomes 30x on GRCh38,1000 Genomes phase 3 release
HG01849	M	SAME125110	KHV	Kinh Vietnamese	EAS	East Asian Ancestry	KHV	1000 Genomes on GRCh38,1000 Genomes 30x on GRCh38,MAGE RNA-seq,1000 Genomes phase 3 release
HG01850	F	SAME123752	KHV	Kinh Vietnamese	EAS	East Asian Ancestry	KHV	1000 Genomes on GRCh38,1000 Genomes 30x on GRCh38,1000 Genomes phase 3 release
HG01851	F	SAME123753	KHV	Kinh Vietnamese	EAS	East Asian Ancestry	KHV	1000 Genomes on GRCh38,1000 Genomes 30x on GRCh38,1KG_ONT_VIENNA,MAGE RNA-seq,1000 Genomes phase 3 release
HG01852	M	SAME123750	KHV	Kinh Vietnamese	EAS	East Asian Ancestry	KHV	1000 Genomes on GRCh38,1000 Genomes 30x on GRCh38,1000 Genomes phase 3 release
HG01853	F	SAME123751	KHV	Kinh Vietnamese	EAS	East Asian Ancestry	KHV	1000 Genomes on GRCh38,1000 Genomes 30x on GRCh38,1KG_ONT_VIENNA,MAGE RNA-seq,1000 Genomes phase 3 release
HG01855	F	SAME123749	KHV	Kinh Vietnamese	EAS	East Asian Ancestry	KHV	1000 Genomes on GRCh38,1000 Genomes 30x on GRCh38,1000 Genomes phase 3 release
HG01857	F	SAME123748	KHV	Kinh Vietnamese	EAS	East Asian Ancestry	KHV	1000 Genomes on GRCh38,1000 Genomes 30x on GRCh38,1000 Genomes phase 3 release
HG01858	F	SAME123754	KHV	Kinh Vietnamese	EAS	East Asian Ancestry	KHV	1000 Genomes on GRCh38,1000 Genomes 30x on GRCh38,MAGE RNA-seq,1000 Genomes phase 3 release
HG01859	F	SAME123535	KHV	Kinh Vietnamese	EAS	East Asian Ancestry	KHV	1000 Genomes on GRCh38,1000 Genomes 30x on GRCh38,1KG_ONT_VIENNA,1000 Genomes phase 3 release
HG01860	M	SAME123201	KHV	Kinh Vietnamese	EAS	East Asian Ancestry	KHV	1000 Genomes on GRCh38,1000 Genomes 30x on GRCh38,1000 Genomes phase 3 release
HG01861	M	SAME123200	KHV	Kinh Vietnamese	EAS	East Asian Ancestry	KHV	1000 Genomes on GRCh38,1000 Genomes 30x on GRCh38,1000 Genomes phase 3 release
HG01862	F	SAME123199	KHV	Kinh Vietnamese	EAS	East Asian Ancestry	KHV	1000 Genomes on GRCh38,1000 Genomes 30x on GRCh38,MAGE RNA-seq,1000 Genomes phase 3 release
HG01863	F	SAME123198	KHV	Kinh Vietnamese	EAS	East Asian Ancestry	KHV	1000 Genomes on GRCh38,1000 Genomes 30x on GRCh38,1KG_ONT_VIENNA,MAGE RNA-seq,1000 Genomes phase 3 release
HG01864	M	SAME123197	KHV	Kinh Vietnamese	EAS	East Asian Ancestry	KHV	1000 Genomes on GRCh38,1000 Genomes 30x on GRCh38,1000 Genomes phase 3 release
HG01865	M	SAME123196	KHV	Kinh Vietnamese	EAS	East Asian Ancestry	KHV	1000 Genomes on GRCh38,1000 Genomes 30x on GRCh38,1KG_ONT_VIENNA,1000 Genomes phase 3 release
HG01866	M	SAME123195	KHV	Kinh Vietnamese	EAS	East Asian Ancestry	KHV	1000 Genomes on GRCh38,1000 Genomes 30x on GRCh38,1KG_ONT_VIENNA,1000 Genomes phase 3 release
HG01867	M	SAME123194	KHV	Kinh Vietnamese	EAS	East Asian Ancestry	KHV	1000 Genomes on GRCh38,1000 Genomes 30x on GRCh38,1000 Genomes phase 3 release
HG01868	F	SAME123193	KHV	Kinh Vietnamese	EAS	East Asian Ancestry	KHV	1000 Genomes on GRCh38,1000 Genomes 30x on GRCh38,1000 Genomes phase 3 release
HG01869	F	SAME123192	KHV	Kinh Vietnamese	EAS	East Asian Ancestry	KHV	1000 Genomes on GRCh38,1000 Genomes 30x on GRCh38,1000 Genomes phase 3 release
HG01870	F	SAME123397	KHV	Kinh Vietnamese	EAS	East Asian Ancestry	KHV	1000 Genomes on GRCh38,1000 Genomes 30x on GRCh38,1KG_ONT_VIENNA,MAGE RNA-seq,1000 Genomes phase 3 release
HG01871	F	SAME123398	KHV	Kinh Vietnamese	EAS	East Asian Ancestry	KHV	1000 Genomes on GRCh38,1000 Genomes 30x on GRCh38,1KG_ONT_VIENNA,1000 Genomes phase 3 release
HG01872	M	SAME123995	KHV	Kinh Vietnamese	EAS	East Asian Ancestry	KHV	1000 Genomes on GRCh38,1000 Genomes 30x on GRCh38,1KG_ONT_VIENNA,MAGE RNA-seq,1000 Genomes phase 3 release
HG01873	M	SAME123400	KHV	Kinh Vietnamese	EAS	East Asian Ancestry	KHV	1000 Genomes on GRCh38,1000 Genomes 30x on GRCh38,1KG_ONT_VIENNA,1000 Genomes phase 3 release
HG01874	F	SAME123396	KHV	Kinh Vietnamese	EAS	East Asian Ancestry	KHV	1000 Genomes on GRCh38,1000 Genomes 30x on GRCh38,1000 Genomes phase 3 release
HG01878	F	SAME123394	KHV	Kinh Vietnamese	EAS	East Asian Ancestry	KHV	1000 Genomes on GRCh38,1000 Genomes 30x on GRCh38,MAGE RNA-seq,1000 Genomes phase 3 release
HG01879	M	SAME1839037	ACB	African Caribbean	AFR	African Ancestry	ACB	1000 Genomes on GRCh38,1000 Genomes 30x on GRCh38,1KG_ONT_VIENNA,MAGE RNA-seq,1000 Genomes phase 3 release
HG01880	F	SAME1839109	ACB	African Caribbean	AFR	African Ancestry	ACB	1000 Genomes on GRCh38,1000 Genomes 30x on GRCh38,1KG_ONT_VIENNA,1000 Genomes phase 3 release
HG01881	F	SAME1839193	ACB	African Caribbean	AFR	African Ancestry	ACB	1000 Genomes 30x on GRCh38,1000 Genomes phase 3 release
HG01882	M	SAME122849	ACB	African Caribbean	AFR	African Ancestry	ACB	1000 Genomes on GRCh38,1000 Genomes 30x on GRCh38,1000 Genomes phase 3 release
HG01883	F	SAME122848	ACB	African Caribbean	AFR	African Ancestry	ACB	1000 Genomes on GRCh38,1000 Genomes 30x on GRCh38,1KG_ONT_VIENNA,1000 Genomes phase 3 release
HG01884	F	SAME122845	ACB	African Caribbean	AFR	African Ancestry	ACB	1000 Genomes 30x on GRCh38,Human Pangenome Reference Consortium, Phase 2,1000 Genomes phase 3 release
HG01885	M	SAME122844	ACB	African Caribbean	AFR	African Ancestry	ACB	1000 Genomes on GRCh38,1000 Genomes 30x on GRCh38,1000 Genomes phase 3 release
HG01886	F	SAME122847	ACB	African Caribbean	AFR	African Ancestry	ACB	1000 Genomes on GRCh38,1000 Genomes 30x on GRCh38,1000 Genomes phase 3 release
HG01887	M	SAME122846	ACB	African Caribbean	AFR	African Ancestry	ACB	1000 Genomes 30x on GRCh38,1000 Genomes phase 3 release
HG01888	M	SAME122852	ACB	African Caribbean	AFR	African Ancestry	ACB	1000 Genomes 30x on GRCh38,1000 Genomes phase 3 release
HG01889	F	SAME122851	ACB	African Caribbean	AFR	African Ancestry	ACB	1000 Genomes on GRCh38,1000 Genomes 30x on GRCh38,1000 Genomes phase 3 release
HG01890	M	SAME123028	ACB	African Caribbean	AFR	African Ancestry	ACB	1000 Genomes on GRCh38,1000 Genomes 30x on GRCh38,Human Genome Structural Variation Consortium, Phase 3,1KG_ONT_VIENNA,MAGE RNA-seq,1000 Genomes phase 3 release
HG01891	F	SAME123029	ACB	African Caribbean	AFR	African Ancestry	ACB	1000 Genomes 30x on GRCh38,Human Pangenome Reference Consortium, Phase 2,1000 Genomes phase 3 release
HG01892	M	SAME123026	PEL	Peruvian	AMR	American Ancestry	PEL	1000 Genomes on GRCh38,1000 Genomes 30x on GRCh38,1000 Genomes phase 3 release
HG01893	F	SAME123027	PEL	Peruvian	AMR	American Ancestry	PEL	1000 Genomes on GRCh38,1000 Genomes 30x on GRCh38,MAGE RNA-seq,1000 Genomes phase 3 release
HG01894	F	SAME1840357	ACB	African Caribbean	AFR	African Ancestry	ACB	1000 Genomes on GRCh38,1000 Genomes 30x on GRCh38,1KG_ONT_VIENNA,Human Pangenome Reference Consortium, Phase 2,1000 Genomes phase 3 release
HG01895	M	SAME1840349	ACB	African Caribbean	AFR	African Ancestry	ACB	1000 Genomes 30x on GRCh38,1000 Genomes phase 3 release
HG01896	F	SAME1840348	ACB	African Caribbean	AFR	African Ancestry	ACB	1000 Genomes on GRCh38,1000 Genomes 30x on GRCh38,1KG_ONT_VIENNA,1000 Genomes phase 3 release
HG01897	M	SAME1840343	ACB	African Caribbean	AFR	African Ancestry	ACB	1000 Genomes 30x on GRCh38,1000 Genomes phase 3 release
HG01898	F	SAME124383	PEL	Peruvian	AMR	American Ancestry	PEL	1000 Genomes 30x on GRCh38,1000 Genomes phase 3 release
HG01912	M	SAME1839779	ACB	African Caribbean	AFR	African Ancestry	ACB	1000 Genomes on GRCh38,1000 Genomes 30x on GRCh38,MAGE RNA-seq,1000 Genomes phase 3 release
HG01914	M	SAME1839768	ACB	African Caribbean	AFR	African Ancestry	ACB	1000 Genomes on GRCh38,1000 Genomes 30x on GRCh38,1000 Genomes phase 3 release
HG01915	F	SAME1839757	ACB	African Caribbean	AFR	African Ancestry	ACB	1000 Genomes on GRCh38,1000 Genomes 30x on GRCh38,1KG_ONT_VIENNA,1000 Genomes phase 3 release
HG01916	F	SAME1839853	ACB	African Caribbean	AFR	African Ancestry	ACB	1000 Genomes 30x on GRCh38,1000 Genomes phase 3 release
HG01917	M	SAME123235	PEL	Peruvian	AMR	American Ancestry	PEL	1000 Genomes on GRCh38,1000 Genomes 30x on GRCh38,1KG_ONT_VIENNA,1000 Genomes phase 3 release
HG01918	F	SAME123240	PEL	Peruvian	AMR	American Ancestry	PEL	1000 Genomes on GRCh38,1000 Genomes 30x on GRCh38,1KG_ONT_VIENNA,MAGE RNA-seq,1000 Genomes phase 3 release
HG01919	F	SAME123239	PEL	Peruvian	AMR	American Ancestry	PEL	1000 Genomes 30x on GRCh38,1000 Genomes phase 3 release
HG01920	M	SAME123789	PEL	Peruvian	AMR	American Ancestry	PEL	1000 Genomes on GRCh38,1000 Genomes 30x on GRCh38,MAGE RNA-seq,1000 Genomes phase 3 release
HG01921	F	SAME123790	PEL	Peruvian	AMR	American Ancestry	PEL	1000 Genomes on GRCh38,1000 Genomes 30x on GRCh38,MAGE RNA-seq,1000 Genomes phase 3 release
HG01922	F	SAME123787	PEL	Peruvian	AMR	American Ancestry	PEL	1000 Genomes 30x on GRCh38,1000 Genomes phase 3 release
HG01923	M	SAME123788	PEL	Peruvian	AMR	American Ancestry	PEL	1000 Genomes on GRCh38,1000 Genomes 30x on GRCh38,1KG_ONT_VIENNA,1000 Genomes phase 3 release
HG01924	F	SAME123785	PEL	Peruvian	AMR	American Ancestry	PEL	1000 Genomes on GRCh38,1000 Genomes 30x on GRCh38,1000 Genomes phase 3 release
HG01925	F	SAME123786	PEL	Peruvian	AMR	American Ancestry	PEL	1000 Genomes 30x on GRCh38,1000 Genomes phase 3 release
HG01926	M	SAME123783	PEL	Peruvian	AMR	American Ancestry	PEL	1000 Genomes on GRCh38,1000 Genomes 30x on GRCh38,1000 Genomes phase 3 release
HG01927	F	SAME123784	PEL	Peruvian	AMR	American Ancestry	PEL	1000 Genomes on GRCh38,1000 Genomes 30x on GRCh38,1000 Genomes phase 3 release
HG01928	M	SAME123782	PEL	Peruvian	AMR	American Ancestry	PEL	1000 Genomes 30x on GRCh38,Human Pangenome Reference Consortium, Phase 2,1000 Genomes phase 3 release
HG01932	M	SAME123587	PEL	Peruvian	AMR	American Ancestry	PEL	1000 Genomes on GRCh38,1000 Genomes 30x on GRCh38,1KG_ONT_VIENNA,MAGE RNA-seq,1000 Genomes phase 3 release
HG01933	F	SAME123586	PEL	Peruvian	AMR	American Ancestry	PEL	1000 Genomes on GRCh38,1000 Genomes 30x on GRCh38,1KG_ONT_VIENNA,1000 Genomes phase 3 release
HG01934	M	SAME123589	PEL	Peruvian	AMR	American Ancestry	PEL	1000 Genomes 30x on GRCh38,Human Pangenome Reference Consortium, Phase 2,1000 Genomes phase 3 release
HG01935	M	SAME123588	PEL	Peruvian	AMR	American Ancestry	PEL	1000 Genomes on GRCh38,1000 Genomes 30x on GRCh38,1KG_ONT_VIENNA,1000 Genomes phase 3 release
HG01936	F	SAME123591	PEL	Peruvian	AMR	American Ancestry	PEL	1000 Genomes on GRCh38,1000 Genomes 30x on GRCh38,1000 Genomes phase 3 release
HG01937	M	SAME123590	PEL	Peruvian	AMR	American Ancestry	PEL	1000 Genomes 30x on GRCh38,1000 Genomes phase 3 release
HG01938	M	SAME123593	PEL	Peruvian	AMR	American Ancestry	PEL	1000 Genomes on GRCh38,1000 Genomes 30x on GRCh38,1000 Genomes phase 3 release
HG01939	F	SAME123592	PEL	Peruvian	AMR	American Ancestry	PEL	1000 Genomes on GRCh38,1000 Genomes 30x on GRCh38,1KG_ONT_VIENNA,MAGE RNA-seq,1000 Genomes phase 3 release
HG01940	F	SAME124148	PEL	Peruvian	AMR	American Ancestry	PEL	1000 Genomes 30x on GRCh38,Human Pangenome Reference Consortium, Phase 2,1000 Genomes phase 3 release
HG01941	M	SAME124149	PEL	Peruvian	AMR	American Ancestry	PEL	1000 Genomes on GRCh38,1000 Genomes 30x on GRCh38,1000 Genomes phase 3 release
HG01942	F	SAME124150	PEL	Peruvian	AMR	American Ancestry	PEL	1000 Genomes on GRCh38,1000 Genomes 30x on GRCh38,1KG_ONT_VIENNA,1000 Genomes phase 3 release
HG01943	M	SAME124151	PEL	Peruvian	AMR	American Ancestry	PEL	1000 Genomes 30x on GRCh38,Human Pangenome Reference Consortium, Phase 2,1000 Genomes phase 3 release
HG01944	M	SAME124152	PEL	Peruvian	AMR	American Ancestry	PEL	1000 Genomes on GRCh38,1000 Genomes 30x on GRCh38,1000 Genomes phase 3 release
HG01945	F	SAME124153	PEL	Peruvian	AMR	American Ancestry	PEL	1000 Genomes on GRCh38,1000 Genomes 30x on GRCh38,1KG_ONT_VIENNA,MAGE RNA-seq,1000 Genomes phase 3 release
HG01946	M	SAME124154	PEL	Peruvian	AMR	American Ancestry	PEL	1000 Genomes 30x on GRCh38,1000 Genomes phase 3 release
HG01947	M	SAME124155	PEL	Peruvian	AMR	American Ancestry	PEL	1000 Genomes on GRCh38,1000 Genomes 30x on GRCh38,1KG_ONT_VIENNA,1000 Genomes phase 3 release
HG01948	F	SAME124144	PEL	Peruvian	AMR	American Ancestry	PEL	1000 Genomes on GRCh38,1000 Genomes 30x on GRCh38,1KG_ONT_VIENNA,1000 Genomes phase 3 release
HG01949	F	SAME124145	PEL	Peruvian	AMR	American Ancestry	PEL	1000 Genomes 30x on GRCh38,1000 Genomes phase 3 release
HG01950	M	SAME123977	PEL	Peruvian	AMR	American Ancestry	PEL	1000 Genomes on GRCh38,1000 Genomes 30x on GRCh38,1KG_ONT_VIENNA,MAGE RNA-seq,1000 Genomes phase 3 release
HG01951	F	SAME123976	PEL	Peruvian	AMR	American Ancestry	PEL	1000 Genomes on GRCh38,1000 Genomes 30x on GRCh38,1KG_ONT_VIENNA,MAGE RNA-seq,1000 Genomes phase 3 release
HG01952	M	SAME123975	PEL	Peruvian	AMR	American Ancestry	PEL	1000 Genomes 30x on GRCh38,Human Pangenome Reference Consortium, Phase 2,1000 Genomes phase 3 release
HG01953	M	SAME123974	PEL	Peruvian	AMR	American Ancestry	PEL	1000 Genomes on GRCh38,1000 Genomes 30x on GRCh38,1KG_ONT_VIENNA,MAGE RNA-seq,1000 Genomes phase 3 release
HG01954	F	SAME123980	PEL	Peruvian	AMR	American Ancestry	PEL	1000 Genomes on GRCh38,1000 Genomes 30x on GRCh38,1000 Genomes phase 3 release
HG01955	F	SAME123979	PEL	Peruvian	AMR	American Ancestry	PEL	1000 Genomes 30x on GRCh38,1000 Genomes phase 3 release
HG01956	F	SAME123978	ACB	African Caribbean	AFR	African Ancestry	ACB	1000 Genomes on GRCh38,1000 Genomes 30x on GRCh38,1000 Genomes phase 3 release
HG01958	F	SAME1839349	ACB	African Caribbean	AFR	African Ancestry	ACB	1000 Genomes on GRCh38,1000 Genomes 30x on GRCh38,1000 Genomes phase 3 release
HG01959	F	SAME1839343	ACB	African Caribbean	AFR	African Ancestry	ACB	1000 Genomes 30x on GRCh38,1000 Genomes phase 3 release
HG01960	F	SAME1839076	ACB	African Caribbean	AFR	African Ancestry	ACB	1000 Genomes 30x on GRCh38,Human Pangenome Reference Consortium, Phase 2,1000 Genomes phase 3 release
HG01961	M	SAME1839067	PEL	Peruvian	AMR	American Ancestry	PEL	1000 Genomes on GRCh38,1000 Genomes 30x on GRCh38,1KG_ONT_VIENNA,1000 Genomes phase 3 release
HG01965	F	SAME1839145	PEL	Peruvian	AMR	American Ancestry	PEL	1000 Genomes on GRCh38,1000 Genomes 30x on GRCh38,1KG_ONT_VIENNA,MAGE RNA-seq,1000 Genomes phase 3 release
HG01967	M	SAME124530	PEL	Peruvian	AMR	American Ancestry	PEL	1000 Genomes on GRCh38,1000 Genomes 30x on GRCh38,1KG_ONT_VIENNA,1000 Genomes phase 3 release
HG01968	F	SAME124532	PEL	Peruvian	AMR	American Ancestry	PEL	1000 Genomes on GRCh38,1000 Genomes 30x on GRCh38,1000 Genomes phase 3 release
HG01969	F	SAME124533	PEL	Peruvian	AMR	American Ancestry	PEL	1000 Genomes 30x on GRCh38,Human Pangenome Reference Consortium, Phase 2,1000 Genomes phase 3 release
HG01970	M	SAME124327	PEL	Peruvian	AMR	American Ancestry	PEL	1000 Genomes on GRCh38,1000 Genomes 30x on GRCh38,MAGE RNA-seq,1000 Genomes phase 3 release
HG01971	F	SAME124326	PEL	Peruvian	AMR	American Ancestry	PEL	1000 Genomes on GRCh38,1000 Genomes 30x on GRCh38,1KG_ONT_VIENNA,1000 Genomes phase 3 release
HG01972	F	SAME124329	PEL	Peruvian	AMR	American Ancestry	PEL	1000 Genomes 30x on GRCh38,1000 Genomes phase 3 release
HG01973	F	SAME124328	PEL	Peruvian	AMR	American Ancestry	PEL	1000 Genomes on GRCh38,1000 Genomes 30x on GRCh38,MAGE RNA-seq,1000 Genomes phase 3 release
HG01974	M	SAME124323	PEL	Peruvian	AMR	American Ancestry	PEL	1000 Genomes on GRCh38,1000 Genomes 30x on GRCh38,1000 Genomes phase 3 release
HG01975	F	SAME124322	PEL	Peruvian	AMR	American Ancestry	PEL	1000 Genomes 30x on GRCh38,Human Pangenome Reference Consortium, Phase 2,1000 Genomes phase 3 release
HG01976	F	SAME124325	PEL	Peruvian	AMR	American Ancestry	PEL	1000 Genomes on GRCh38,1000 Genomes 30x on GRCh38,1000 Genomes phase 3 release
HG01977	M	SAME124324	PEL	Peruvian	AMR	American Ancestry	PEL	1000 Genomes on GRCh38,1000 Genomes 30x on GRCh38,1KG_ONT_VIENNA,1000 Genomes phase 3 release
HG01978	F	SAME124332	PEL	Peruvian	AMR	American Ancestry	PEL	1000 Genomes 30x on GRCh38,Human Pangenome Reference Consortium, Phase 2,1000 Genomes phase 3 release
HG01979	M	SAME124331	PEL	Peruvian	AMR	American Ancestry	PEL	1000 Genomes on GRCh38,1000 Genomes 30x on GRCh38,1000 Genomes phase 3 release
HG01980	F	SAME124917	PEL	Peruvian	AMR	American Ancestry	PEL	1000 Genomes on GRCh38,1000 Genomes 30x on GRCh38,1000 Genomes phase 3 release
HG01981	F	SAME125247	PEL	Peruvian	AMR	American Ancestry	PEL	1000 Genomes 30x on GRCh38,Human Pangenome Reference Consortium, Phase 2,1000 Genomes phase 3 release
HG01982	M	SAME1840111	PEL	Peruvian	AMR	American Ancestry	PEL	1000 Genomes on GRCh38,1000 Genomes 30x on GRCh38,1KG_ONT_VIENNA,1000 Genomes phase 3 release
HG01983	F	SAME1840106	PEL	Peruvian	AMR	American Ancestry	PEL	1000 Genomes on GRCh38,1000 Genomes 30x on GRCh38,1KG_ONT_VIENNA,1000 Genomes phase 3 release
HG01984	M	SAME1840105	PEL	Peruvian	AMR	American Ancestry	PEL	1000 Genomes 30x on GRCh38,1000 Genomes phase 3 release
HG01985	F	SAME1840099	ACB	African Caribbean	AFR	African Ancestry	ACB	1000 Genomes on GRCh38,1000 Genomes 30x on GRCh38,1KG_ONT_VIENNA,1000 Genomes phase 3 release
HG01986	M	SAME1840091	ACB	African Caribbean	AFR	African Ancestry	ACB	1000 Genomes on GRCh38,1000 Genomes 30x on GRCh38,1000 Genomes phase 3 release
HG01987	M	SAME1840089	ACB	African Caribbean	AFR	African Ancestry	ACB	1000 Genomes 30x on GRCh38,1000 Genomes phase 3 release
HG01988	M	SAME1840175	ACB	African Caribbean	AFR	African Ancestry	ACB	1000 Genomes on GRCh38,1000 Genomes 30x on GRCh38,1KG_ONT_VIENNA,MAGE RNA-seq,1000 Genomes phase 3 release
HG01989	F	SAME1840166	ACB	African Caribbean	AFR	African Ancestry	ACB	1000 Genomes on GRCh38,1000 Genomes 30x on GRCh38,1000 Genomes phase 3 release
HG01990	M	SAME1840235	ACB	African Caribbean	AFR	African Ancestry	ACB	1000 Genomes on GRCh38,1000 Genomes 30x on GRCh38,1KG_ONT_VIENNA,1000 Genomes phase 3 release
HG01991	M	SAME124743	PEL	Peruvian	AMR	American Ancestry	PEL	1000 Genomes on GRCh38,1000 Genomes 30x on GRCh38,1KG_ONT_VIENNA,1000 Genomes phase 3 release
HG01992	F	SAME124742	PEL	Peruvian	AMR	American Ancestry	PEL	1000 Genomes on GRCh38,1000 Genomes 30x on GRCh38,1KG_ONT_VIENNA,1000 Genomes phase 3 release
HG01993	F	SAME124741	PEL	Peruvian	AMR	American Ancestry	PEL	1000 Genomes 30x on GRCh38,Human Pangenome Reference Consortium, Phase 2,1000 Genomes phase 3 release
HG01997	F	SAME124740	PEL	Peruvian	AMR	American Ancestry	PEL	1000 Genomes on GRCh38,1000 Genomes 30x on GRCh38,1KG_ONT_VIENNA,1000 Genomes phase 3 release
HG01998	M	SAME124739	PEL	Peruvian	AMR	American Ancestry	PEL	1000 Genomes 30x on GRCh38,1000 Genomes phase 3 release
HG02002	M	SAME123618	PEL	Peruvian	AMR	American Ancestry	PEL	1000 Genomes on GRCh38,1000 Genomes 30x on GRCh38,1000 Genomes phase 3 release
HG02003	F	SAME123619	PEL	Peruvian	AMR	American Ancestry	PEL	1000 Genomes on GRCh38,1000 Genomes 30x on GRCh38,1KG_ONT_VIENNA,1000 Genomes phase 3 release
HG02004	F	SAME123620	PEL	Peruvian	AMR	American Ancestry	PEL	1000 Genomes 30x on GRCh38,Human Pangenome Reference Consortium, Phase 2,1000 Genomes phase 3 release
HG02006	F	SAME1840279	PEL	Peruvian	AMR	American Ancestry	PEL	1000 Genomes on GRCh38,1000 Genomes 30x on GRCh38,1KG_ONT_VIENNA,1000 Genomes phase 3 release
HG02008	M	SAME123621	PEL	Peruvian	AMR	American Ancestry	PEL	1000 Genomes on GRCh38,1000 Genomes 30x on GRCh38,1000 Genomes phase 3 release
HG02009	M	SAME123622	ACB	African Caribbean	AFR	African Ancestry	ACB	1000 Genomes on GRCh38,1000 Genomes 30x on GRCh38,1KG_ONT_VIENNA,1000 Genomes phase 3 release
HG02010	F	SAME123444	ACB	African Caribbean	AFR	African Ancestry	ACB	1000 Genomes on GRCh38,1000 Genomes 30x on GRCh38,1KG_ONT_VIENNA,1000 Genomes phase 3 release
HG02011	M	SAME123443	ACB	African Caribbean	AFR	African Ancestry	ACB	1000 Genomes 30x on GRCh38,Human Genome Structural Variation Consortium, Phase 2,Human Genome Structural Variation Consortium, Phase 3,1000 Genomes phase 3 release
HG02012	F	SAME1840403	ACB	African Caribbean	AFR	African Ancestry	ACB	1000 Genomes on GRCh38,1000 Genomes 30x on GRCh38,1KG_ONT_VIENNA,1000 Genomes phase 3 release
HG02013	M	SAME1840396	ACB	African Caribbean	AFR	African Ancestry	ACB	1000 Genomes on GRCh38,1000 Genomes 30x on GRCh38,1KG_ONT_VIENNA,1000 Genomes phase 3 release
HG02014	M	SAME123448	ACB	African Caribbean	AFR	African Ancestry	ACB	1000 Genomes on GRCh38,1000 Genomes 30x on GRCh38,1KG_ONT_VIENNA,1000 Genomes phase 3 release
HG02015	M	SAME123447	KHV	Kinh Vietnamese	EAS	East Asian Ancestry	KHV	1000 Genomes 30x on GRCh38,Human Pangenome Reference Consortium, Phase 2,1000 Genomes phase 3 release
HG02016	F	SAME123446	KHV	Kinh Vietnamese	EAS	East Asian Ancestry	KHV	1000 Genomes on GRCh38,1000 Genomes 30x on GRCh38,1KG_ONT_VIENNA,1000 Genomes phase 3 release
HG02017	M	SAME123445	KHV	Kinh Vietnamese	EAS	East Asian Ancestry	KHV	1000 Genomes on GRCh38,1000 Genomes 30x on GRCh38,1KG_ONT_VIENNA,1000 Genomes phase 3 release
HG02018	F	SAME123451	KHV	Kinh Vietnamese	EAS	East Asian Ancestry	KHV	1000 Genomes 30x on GRCh38,Human Genome Structural Variation Consortium, Phase 2,Human Genome Structural Variation Consortium, Phase 3,1000 Genomes phase 3 release
HG02019	F	SAME123450	KHV	Kinh Vietnamese	EAS	East Asian Ancestry	KHV	1000 Genomes on GRCh38,1000 Genomes 30x on GRCh38,1000 Genomes phase 3 release
HG02020	M	SAME125168	KHV	Kinh Vietnamese	EAS	East Asian Ancestry	KHV	1000 Genomes on GRCh38,1000 Genomes 30x on GRCh38,1KG_ONT_VIENNA,1000 Genomes phase 3 release
HG02021	M	SAME125171	KHV	Kinh Vietnamese	EAS	East Asian Ancestry	KHV	1000 Genomes phase 3 release
HG02023	M	SAME125307	KHV	Kinh Vietnamese	EAS	East Asian Ancestry	KHV	1000 Genomes on GRCh38,1000 Genomes 30x on GRCh38,MAGE RNA-seq,1000 Genomes phase 3 release
HG02024	F	SAME125182	KHV	Kinh Vietnamese	EAS	East Asian Ancestry	KHV	1000 Genomes on GRCh38,1000 Genomes 30x on GRCh38,1000 Genomes phase 3 release
HG02025	F	SAME125335	KHV	Kinh Vietnamese	EAS	East Asian Ancestry	KHV	1000 Genomes on GRCh38,1000 Genomes 30x on GRCh38,MAGE RNA-seq,1000 Genomes phase 3 release
HG02026	M	SAME125315	KHV	Kinh Vietnamese	EAS	East Asian Ancestry	KHV	1000 Genomes on GRCh38,1000 Genomes 30x on GRCh38,MAGE RNA-seq,1000 Genomes phase 3 release
HG02027	M	SAME125318	KHV	Kinh Vietnamese	EAS	East Asian Ancestry	KHV	1000 Genomes 30x on GRCh38,Human Pangenome Reference Consortium, Phase 2,1000 Genomes phase 3 release
HG02028	F	SAME124020	KHV	Kinh Vietnamese	EAS	East Asian Ancestry	KHV	1000 Genomes on GRCh38,1000 Genomes 30x on GRCh38,1000 Genomes phase 3 release
HG02029	M	SAME124021	KHV	Kinh Vietnamese	EAS	East Asian Ancestry	KHV	1000 Genomes on GRCh38,1000 Genomes 30x on GRCh38,1000 Genomes phase 3 release
HG02030	M	SAME1839966	KHV	Kinh Vietnamese	EAS	East Asian Ancestry	KHV	1000 Genomes 30x on GRCh38,1000 Genomes phase 3 release
HG02031	F	SAME1839964	KHV	Kinh Vietnamese	EAS	East Asian Ancestry	KHV	1000 Genomes on GRCh38,1000 Genomes 30x on GRCh38,1KG_ONT_VIENNA,MAGE RNA-seq,1000 Genomes phase 3 release
HG02032	M	SAME1839959	KHV	Kinh Vietnamese	EAS	East Asian Ancestry	KHV	1000 Genomes on GRCh38,1000 Genomes 30x on GRCh38,1000 Genomes phase 3 release
HG02035	M	SAME1840035	KHV	Kinh Vietnamese	EAS	East Asian Ancestry	KHV	1000 Genomes on GRCh38,1000 Genomes 30x on GRCh38,1000 Genomes phase 3 release
HG02040	M	SAME1839803	KHV	Kinh Vietnamese	EAS	East Asian Ancestry	KHV	1000 Genomes on GRCh38,1000 Genomes 30x on GRCh38,Human Pangenome Reference Consortium, Phase 2,1000 Genomes phase 3 release
HG02046	F	SAME1839777	KHV	Kinh Vietnamese	EAS	East Asian Ancestry	KHV	1000 Genomes on GRCh38,1000 Genomes phase 3 release
HG02047	M	SAME1839772	KHV	Kinh Vietnamese	EAS	East Asian Ancestry	KHV	1000 Genomes on GRCh38,1000 Genomes 30x on GRCh38,1000 Genomes phase 3 release
HG02048	F	SAME123772	KHV	Kinh Vietnamese	EAS	East Asian Ancestry	KHV	1000 Genomes on GRCh38,1000 Genomes 30x on GRCh38,1000 Genomes phase 3 release
HG02049	F	SAME123773	KHV	Kinh Vietnamese	EAS	East Asian Ancestry	KHV	1000 Genomes on GRCh38,1000 Genomes 30x on GRCh38,1000 Genomes phase 3 release
HG02050	M	SAME1839555	KHV	Kinh Vietnamese	EAS	East Asian Ancestry	KHV	1000 Genomes on GRCh38,1000 Genomes 30x on GRCh38,1000 Genomes phase 3 release
HG02051	M	SAME1839549	ACB	African Caribbean	AFR	African Ancestry	ACB	1000 Genomes on GRCh38,1000 Genomes 30x on GRCh38,1000 Genomes phase 3 release
HG02052	F	SAME1839545	ACB	African Caribbean	AFR	African Ancestry	ACB	1000 Genomes on GRCh38,1000 Genomes 30x on GRCh38,MAGE RNA-seq,1000 Genomes phase 3 release
HG02053	M	SAME1839543	ACB	African Caribbean	AFR	African Ancestry	ACB	1000 Genomes on GRCh38,1000 Genomes 30x on GRCh38,1KG_ONT_VIENNA,MAGE RNA-seq,1000 Genomes phase 3 release
HG02054	F	SAME1839538	ACB	African Caribbean	AFR	African Ancestry	ACB	1000 Genomes on GRCh38,1000 Genomes 30x on GRCh38,1000 Genomes phase 3 release
HG02055	M	SAME1839531	ACB	African Caribbean	AFR	African Ancestry	ACB	1000 Genomes 30x on GRCh38,Human Pangenome Reference Consortium, Phase 2,1000 Genomes phase 3 release
HG02056	M	SAME124162	KHV	Kinh Vietnamese	EAS	East Asian Ancestry	KHV	1000 Genomes 30x on GRCh38,Human Pangenome Reference Consortium, Phase 2,1000 Genomes phase 3 release
HG02057	F	SAME124146	KHV	Kinh Vietnamese	EAS	East Asian Ancestry	KHV	1000 Genomes on GRCh38,1000 Genomes 30x on GRCh38,1000 Genomes phase 3 release
HG02058	M	SAME125319	KHV	Kinh Vietnamese	EAS	East Asian Ancestry	KHV	1000 Genomes on GRCh38,1000 Genomes 30x on GRCh38,1KG_ONT_VIENNA,MAGE RNA-seq,1000 Genomes phase 3 release
HG02059	F	SAME1839596	KHV	Kinh Vietnamese	EAS	East Asian Ancestry	KHV	1000 Genomes 30x on GRCh38,Human Genome Structural Variation Consortium, Phase 2,Human Genome Structural Variation Consortium, Phase 3,1000 Genomes phase 3 release
HG02060	F	SAME1839679	KHV	Kinh Vietnamese	EAS	East Asian Ancestry	KHV	1000 Genomes on GRCh38,1000 Genomes 30x on GRCh38,1KG_ONT_VIENNA,1000 Genomes phase 3 release
HG02061	M	SAME1839676	KHV	Kinh Vietnamese	EAS	East Asian Ancestry	KHV	1000 Genomes on GRCh38,1000 Genomes 30x on GRCh38,1000 Genomes phase 3 release
HG02064	M	SAME1839658	KHV	Kinh Vietnamese	EAS	East Asian Ancestry	KHV	1000 Genomes on GRCh38,1000 Genomes 30x on GRCh38,1KG_ONT_VIENNA,1000 Genomes phase 3 release
HG02067	M	SAME1839388	KHV	Kinh Vietnamese	EAS	East Asian Ancestry	KHV	1000 Genomes on GRCh38,1000 Genomes 30x on GRCh38,1KG_ONT_VIENNA,MAGE RNA-seq,1000 Genomes phase 3 release
HG02068	F	SAME123374	KHV	Kinh Vietnamese	EAS	East Asian Ancestry	KHV	1000 Genomes 30x on GRCh38,1000 Genomes phase 3 release
HG02069	F	SAME123375	KHV	Kinh Vietnamese	EAS	East Asian Ancestry	KHV	1000 Genomes on GRCh38,1000 Genomes 30x on GRCh38,1KG_ONT_VIENNA,MAGE RNA-seq,1000 Genomes phase 3 release
HG02070	M	SAME124908	KHV	Kinh Vietnamese	EAS	East Asian Ancestry	KHV	1000 Genomes on GRCh38,1000 Genomes 30x on GRCh38,1000 Genomes phase 3 release
HG02071	M	SAME123102	KHV	Kinh Vietnamese	EAS	East Asian Ancestry	KHV	1000 Genomes 30x on GRCh38,Human Pangenome Reference Consortium, Phase 2,1000 Genomes phase 3 release
HG02072	F	SAME123105	KHV	Kinh Vietnamese	EAS	East Asian Ancestry	KHV	1000 Genomes on GRCh38,1000 Genomes 30x on GRCh38,1KG_ONT_VIENNA,1000 Genomes phase 3 release
HG02073	M	SAME123104	KHV	Kinh Vietnamese	EAS	East Asian Ancestry	KHV	1000 Genomes on GRCh38,1000 Genomes 30x on GRCh38,1000 Genomes phase 3 release
HG02074	M	SAME123107	KHV	Kinh Vietnamese	EAS	East Asian Ancestry	KHV	1000 Genomes 30x on GRCh38,Human Pangenome Reference Consortium, Phase 2,1000 Genomes phase 3 release
HG02075	F	SAME123106	KHV	Kinh Vietnamese	EAS	East Asian Ancestry	KHV	1000 Genomes on GRCh38,1000 Genomes 30x on GRCh38,1000 Genomes phase 3 release
HG02076	M	SAME124913	KHV	Kinh Vietnamese	EAS	East Asian Ancestry	KHV	1000 Genomes on GRCh38,1000 Genomes 30x on GRCh38,1000 Genomes phase 3 release
HG02077	M	SAME123108	KHV	Kinh Vietnamese	EAS	East Asian Ancestry	KHV	1000 Genomes 30x on GRCh38,1000 Genomes phase 3 release
HG02078	F	SAME123099	KHV	Kinh Vietnamese	EAS	East Asian Ancestry	KHV	1000 Genomes on GRCh38,1000 Genomes 30x on GRCh38,1000 Genomes phase 3 release
HG02079	M	SAME123098	KHV	Kinh Vietnamese	EAS	East Asian Ancestry	KHV	1000 Genomes on GRCh38,1000 Genomes 30x on GRCh38,1KG_ONT_VIENNA,1000 Genomes phase 3 release
HG02080	F	SAME124825	KHV	Kinh Vietnamese	EAS	East Asian Ancestry	KHV	1000 Genomes 30x on GRCh38,Human Pangenome Reference Consortium, Phase 2,1000 Genomes phase 3 release
HG02081	F	SAME124826	KHV	Kinh Vietnamese	EAS	East Asian Ancestry	KHV	1000 Genomes on GRCh38,1000 Genomes 30x on GRCh38,1KG_ONT_VIENNA,1000 Genomes phase 3 release
HG02082	M	SAME124950	KHV	Kinh Vietnamese	EAS	East Asian Ancestry	KHV	1000 Genomes on GRCh38,1000 Genomes 30x on GRCh38,1KG_ONT_VIENNA,1000 Genomes phase 3 release
HG02083	M	SAME124962	KHV	Kinh Vietnamese	EAS	East Asian Ancestry	KHV	1000 Genomes 30x on GRCh38,Human Pangenome Reference Consortium, Phase 2,1000 Genomes phase 3 release
HG02084	F	SAME124973	KHV	Kinh Vietnamese	EAS	East Asian Ancestry	KHV	1000 Genomes on GRCh38,1000 Genomes 30x on GRCh38,1000 Genomes phase 3 release
HG02085	M	SAME124979	KHV	Kinh Vietnamese	EAS	East Asian Ancestry	KHV	1000 Genomes on GRCh38,1000 Genomes 30x on GRCh38,1000 Genomes phase 3 release
HG02086	F	SAME124675	KHV	Kinh Vietnamese	EAS	East Asian Ancestry	KHV	1000 Genomes on GRCh38,1000 Genomes 30x on GRCh38,1000 Genomes phase 3 release
HG02087	F	SAME124678	KHV	Kinh Vietnamese	EAS	East Asian Ancestry	KHV	1000 Genomes on GRCh38,1000 Genomes 30x on GRCh38,1KG_ONT_VIENNA,1000 Genomes phase 3 release
HG02088	M	SAME124820	KHV	Kinh Vietnamese	EAS	East Asian Ancestry	KHV	1000 Genomes on GRCh38,1000 Genomes 30x on GRCh38,1000 Genomes phase 3 release
HG02089	F	SAME124821	PEL	Peruvian	AMR	American Ancestry	PEL	1000 Genomes on GRCh38,1000 Genomes 30x on GRCh38,1KG_ONT_VIENNA,MAGE RNA-seq,1000 Genomes phase 3 release
HG02090	M	SAME124651	PEL	Peruvian	AMR	American Ancestry	PEL	1000 Genomes on GRCh38,1000 Genomes 30x on GRCh38,MAGE RNA-seq,1000 Genomes phase 3 release
HG02091	F	SAME124650	PEL	Peruvian	AMR	American Ancestry	PEL	1000 Genomes 30x on GRCh38,1000 Genomes phase 3 release
HG02095	F	SAME1839064	ACB	African Caribbean	AFR	African Ancestry	ACB	1000 Genomes on GRCh38,1000 Genomes 30x on GRCh38,1KG_ONT_VIENNA,1000 Genomes phase 3 release
HG02102	F	SAME1840155	PEL	Peruvian	AMR	American Ancestry	PEL	1000 Genomes on GRCh38,1000 Genomes 30x on GRCh38,MAGE RNA-seq,1000 Genomes phase 3 release
HG02104	M	SAME123874	PEL	Peruvian	AMR	American Ancestry	PEL	1000 Genomes on GRCh38,1000 Genomes 30x on GRCh38,MAGE RNA-seq,1000 Genomes phase 3 release
HG02105	F	SAME123873	PEL	Peruvian	AMR	American Ancestry	PEL	1000 Genomes on GRCh38,1000 Genomes 30x on GRCh38,1KG_ONT_VIENNA,MAGE RNA-seq,1000 Genomes phase 3 release
HG02106	F	SAME123875	PEL	Peruvian	AMR	American Ancestry	PEL	1000 Genomes 30x on GRCh38,Human Genome Structural Variation Consortium, Phase 2,Human Genome Structural Variation Consortium, Phase 3,1000 Genomes phase 3 release
HG02107	M	SAME1840206	ACB	African Caribbean	AFR	African Ancestry	ACB	1000 Genomes on GRCh38,1000 Genomes 30x on GRCh38,1KG_ONT_VIENNA,1000 Genomes phase 3 release
HG02108	F	SAME1840201	ACB	African Caribbean	AFR	African Ancestry	ACB	1000 Genomes on GRCh38,1000 Genomes 30x on GRCh38,1000 Genomes phase 3 release
HG02111	F	SAME1839922	ACB	African Caribbean	AFR	African Ancestry	ACB	1000 Genomes on GRCh38,1000 Genomes 30x on GRCh38,1KG_ONT_VIENNA,1000 Genomes phase 3 release
HG02113	F	SAME124044	KHV	Kinh Vietnamese	EAS	East Asian Ancestry	KHV	1000 Genomes on GRCh38,1000 Genomes 30x on GRCh38,1000 Genomes phase 3 release
HG02116	M	SAME1839990	KHV	Kinh Vietnamese	EAS	East Asian Ancestry	KHV	1000 Genomes on GRCh38,1000 Genomes 30x on GRCh38,1KG_ONT_VIENNA,1000 Genomes phase 3 release
HG02120	M	SAME123480	KHV	Kinh Vietnamese	EAS	East Asian Ancestry	KHV	1000 Genomes 30x on GRCh38,1000 Genomes phase 3 release
HG02121	F	SAME123479	KHV	Kinh Vietnamese	EAS	East Asian Ancestry	KHV	1000 Genomes on GRCh38,1000 Genomes 30x on GRCh38,1KG_ONT_VIENNA,MAGE RNA-seq,1000 Genomes phase 3 release
HG02122	M	SAME123478	KHV	Kinh Vietnamese	EAS	East Asian Ancestry	KHV	1000 Genomes on GRCh38,1000 Genomes 30x on GRCh38,1000 Genomes phase 3 release
HG02126	F	SAME123477	KHV	Kinh Vietnamese	EAS	East Asian Ancestry	KHV	1000 Genomes 30x on GRCh38,1000 Genomes phase 3 release
HG02127	F	SAME123476	KHV	Kinh Vietnamese	EAS	East Asian Ancestry	KHV	1000 Genomes on GRCh38,1000 Genomes 30x on GRCh38,1000 Genomes phase 3 release
HG02128	M	SAME123475	KHV	Kinh Vietnamese	EAS	East Asian Ancestry	KHV	1000 Genomes on GRCh38,1000 Genomes 30x on GRCh38,1KG_ONT_VIENNA,MAGE RNA-seq,1000 Genomes phase 3 release
HG02129	M	SAME1839724	KHV	Kinh Vietnamese	EAS	East Asian Ancestry	KHV	1000 Genomes 30x on GRCh38,Human Pangenome Reference Consortium, Phase 2,1000 Genomes phase 3 release
HG02130	F	SAME1839904	KHV	Kinh Vietnamese	EAS	East Asian Ancestry	KHV	1000 Genomes on GRCh38,1000 Genomes 30x on GRCh38,1KG_ONT_VIENNA,1000 Genomes phase 3 release
HG02131	M	SAME1839896	KHV	Kinh Vietnamese	EAS	East Asian Ancestry	KHV	1000 Genomes on GRCh38,1000 Genomes 30x on GRCh38,1000 Genomes phase 3 release
HG02132	M	SAME1839889	KHV	Kinh Vietnamese	EAS	East Asian Ancestry	KHV	1000 Genomes 30x on GRCh38,Human Pangenome Reference Consortium, Phase 2,1000 Genomes phase 3 release
HG02133	F	SAME1839882	KHV	Kinh Vietnamese	EAS	East Asian Ancestry	KHV	1000 Genomes on GRCh38,1000 Genomes 30x on GRCh38,1KG_ONT_VIENNA,1000 Genomes phase 3 release
HG02134	M	SAME1839875	KHV	Kinh Vietnamese	EAS	East Asian Ancestry	KHV	1000 Genomes on GRCh38,1000 Genomes 30x on GRCh38,MAGE RNA-seq,1000 Genomes phase 3 release
HG02135	M	SAME1839872	KHV	Kinh Vietnamese	EAS	East Asian Ancestry	KHV	1000 Genomes 30x on GRCh38,Human Pangenome Reference Consortium, Phase 2,1000 Genomes phase 3 release
HG02136	F	SAME1839865	KHV	Kinh Vietnamese	EAS	East Asian Ancestry	KHV	1000 Genomes on GRCh38,1000 Genomes 30x on GRCh38,1KG_ONT_VIENNA,MAGE RNA-seq,1000 Genomes phase 3 release
HG02137	M	SAME1839862	KHV	Kinh Vietnamese	EAS	East Asian Ancestry	KHV	1000 Genomes on GRCh38,1000 Genomes 30x on GRCh38,1KG_ONT_VIENNA,1000 Genomes phase 3 release
HG02138	M	SAME123659	KHV	Kinh Vietnamese	EAS	East Asian Ancestry	KHV	1000 Genomes on GRCh38,1000 Genomes 30x on GRCh38,1KG_ONT_VIENNA,1000 Genomes phase 3 release
HG02139	F	SAME123660	KHV	Kinh Vietnamese	EAS	East Asian Ancestry	KHV	1000 Genomes on GRCh38,1000 Genomes 30x on GRCh38,1KG_ONT_VIENNA,1000 Genomes phase 3 release
HG02140	F	SAME124612	KHV	Kinh Vietnamese	EAS	East Asian Ancestry	KHV	1000 Genomes on GRCh38,1000 Genomes 30x on GRCh38,1000 Genomes phase 3 release
HG02141	M	SAME124611	KHV	Kinh Vietnamese	EAS	East Asian Ancestry	KHV	1000 Genomes on GRCh38,1000 Genomes 30x on GRCh38,1000 Genomes phase 3 release
HG02142	F	SAME124614	KHV	Kinh Vietnamese	EAS	East Asian Ancestry	KHV	1000 Genomes on GRCh38,1000 Genomes 30x on GRCh38,MAGE RNA-seq,1000 Genomes phase 3 release
HG02143	M	SAME1839628	ACB	African Caribbean	AFR	African Ancestry	ACB	1000 Genomes on GRCh38,1000 Genomes 30x on GRCh38,1KG_ONT_VIENNA,1000 Genomes phase 3 release
HG02144	F	SAME1839624	ACB	African Caribbean	AFR	African Ancestry	ACB	1000 Genomes on GRCh38,1000 Genomes 30x on GRCh38,1KG_ONT_VIENNA,1000 Genomes phase 3 release
HG02145	M	SAME1839616	ACB	African Caribbean	AFR	African Ancestry	ACB	1000 Genomes 30x on GRCh38,Human Pangenome Reference Consortium, Phase 2,1000 Genomes phase 3 release
HG02146	M	SAME1839613	PEL	Peruvian	AMR	American Ancestry	PEL	1000 Genomes on GRCh38,1000 Genomes 30x on GRCh38,1KG_ONT_VIENNA,1000 Genomes phase 3 release
HG02147	F	SAME1839700	PEL	Peruvian	AMR	American Ancestry	PEL	1000 Genomes on GRCh38,1000 Genomes 30x on GRCh38,1000 Genomes phase 3 release
HG02148	F	SAME1839697	PEL	Peruvian	AMR	American Ancestry	PEL	1000 Genomes 30x on GRCh38,Human Pangenome Reference Consortium, Phase 2,1000 Genomes phase 3 release
HG02150	M	SAME1839407	PEL	Peruvian	AMR	American Ancestry	PEL	1000 Genomes on GRCh38,1000 Genomes 30x on GRCh38,MAGE RNA-seq,1000 Genomes phase 3 release
HG02151	F	SAME1839403	CDX	Dai Chinese	EAS	East Asian Ancestry	CDX	1000 Genomes on GRCh38,1000 Genomes 30x on GRCh38,1000 Genomes phase 3 release
HG02152	F	SAME124790	CDX	Dai Chinese	EAS	East Asian Ancestry	CDX	1000 Genomes on GRCh38,1000 Genomes 30x on GRCh38,1KG_ONT_VIENNA,1000 Genomes phase 3 release
HG02153	F	SAME124791	CDX	Dai Chinese	EAS	East Asian Ancestry	CDX	1000 Genomes on GRCh38,1000 Genomes 30x on GRCh38,1KG_ONT_VIENNA,1000 Genomes phase 3 release
HG02154	F	SAME124794	CDX	Dai Chinese	EAS	East Asian Ancestry	CDX	1000 Genomes on GRCh38,1000 Genomes 30x on GRCh38,1KG_ONT_VIENNA,1000 Genomes phase 3 release
HG02155	F	SAME124795	CDX	Dai Chinese	EAS	East Asian Ancestry	CDX	1000 Genomes on GRCh38,1000 Genomes 30x on GRCh38,1KG_ONT_VIENNA,MAGE RNA-seq,Human Pangenome Reference Consortium, Phase 2,1000 Genomes phase 3 release
HG02156	F	SAME124793	CDX	Dai Chinese	EAS	East Asian Ancestry	CDX	1000 Genomes on GRCh38,1000 Genomes 30x on GRCh38,1KG_ONT_VIENNA,MAGE RNA-seq,1000 Genomes phase 3 release
HG02164	F	SAME124209	CDX	Dai Chinese	EAS	East Asian Ancestry	CDX	1000 Genomes on GRCh38,1000 Genomes 30x on GRCh38,1KG_ONT_VIENNA,1000 Genomes phase 3 release
HG02165	F	SAME124208	CDX	Dai Chinese	EAS	East Asian Ancestry	CDX	1000 Genomes on GRCh38,1000 Genomes 30x on GRCh38,1KG_ONT_VIENNA,MAGE RNA-seq,Human Pangenome Reference Consortium, Phase 2,1000 Genomes phase 3 release
HG02166	F	SAME124207	CDX	Dai Chinese	EAS	East Asian Ancestry	CDX	1000 Genomes on GRCh38,1000 Genomes 30x on GRCh38,MAGE RNA-seq,1000 Genomes phase 3 release
HG02178	F	SAME124414	CDX	Dai Chinese	EAS	East Asian Ancestry	CDX	1000 Genomes on GRCh38,1000 Genomes 30x on GRCh38,1KG_ONT_VIENNA,MAGE RNA-seq,Human Pangenome Reference Consortium, Phase 2,1000 Genomes phase 3 release
HG02179	F	SAME124415	CDX	Dai Chinese	EAS	East Asian Ancestry	CDX	1000 Genomes on GRCh38,1000 Genomes 30x on GRCh38,1000 Genomes phase 3 release
HG02180	F	SAME123208	CDX	Dai Chinese	EAS	East Asian Ancestry	CDX	1000 Genomes on GRCh38,1000 Genomes 30x on GRCh38,1KG_ONT_VIENNA,1000 Genomes phase 3 release
HG02181	F	SAME123206	CDX	Dai Chinese	EAS	East Asian Ancestry	CDX	1000 Genomes on GRCh38,1000 Genomes 30x on GRCh38,1000 Genomes phase 3 release
HG02182	F	SAME125035	CDX	Dai Chinese	EAS	East Asian Ancestry	CDX	1000 Genomes on GRCh38,1000 Genomes 30x on GRCh38,1KG_ONT_VIENNA,MAGE RNA-seq,1000 Genomes phase 3 release
HG02184	F	SAME123216	CDX	Dai Chinese	EAS	East Asian Ancestry	CDX	1000 Genomes on GRCh38,1000 Genomes 30x on GRCh38,1KG_ONT_VIENNA,1000 Genomes phase 3 release
HG02185	F	SAME123215	CDX	Dai Chinese	EAS	East Asian Ancestry	CDX	1000 Genomes on GRCh38,1000 Genomes 30x on GRCh38,MAGE RNA-seq,1000 Genomes phase 3 release
HG02186	F	SAME125039	CDX	Dai Chinese	EAS	East Asian Ancestry	CDX	1000 Genomes on GRCh38,1000 Genomes 30x on GRCh38,1000 Genomes phase 3 release
HG02187	F	SAME125038	CDX	Dai Chinese	EAS	East Asian Ancestry	CDX	1000 Genomes on GRCh38,1000 Genomes 30x on GRCh38,1000 Genomes phase 3 release
HG02188	F	SAME122829	CDX	Dai Chinese	EAS	East Asian Ancestry	CDX	1000 Genomes on GRCh38,1000 Genomes 30x on GRCh38,MAGE RNA-seq,1000 Genomes phase 3 release
HG02189	F	SAME125040	CDX	Dai Chinese	EAS	East Asian Ancestry	CDX	1000 Genomes on GRCh38,1KG_ONT_VIENNA,1000 Genomes phase 3 release
HG02190	F	SAME125259	CDX	Dai Chinese	EAS	East Asian Ancestry	CDX	1000 Genomes on GRCh38,1000 Genomes 30x on GRCh38,1000 Genomes phase 3 release
HG02215	F	SAME123904	GBR	British	EUR	European Ancestry	GBR	1000 Genomes on GRCh38,1000 Genomes 30x on GRCh38,MAGE RNA-seq,1000 Genomes phase 3 release,Geuvadis
HG02219	M	SAME1839813	IBS	Iberian	EUR	European Ancestry	IBS	1000 Genomes on GRCh38,1000 Genomes 30x on GRCh38,1000 Genomes phase 3 release
HG02220	F	SAME123715	IBS	Iberian	EUR	European Ancestry	IBS	1000 Genomes on GRCh38,1000 Genomes 30x on GRCh38,MAGE RNA-seq,1000 Genomes phase 3 release
HG02221	M	SAME123716	IBS	Iberian	EUR	European Ancestry	IBS	1000 Genomes on GRCh38,1000 Genomes 30x on GRCh38,1000 Genomes phase 3 release
HG02222	F	SAME123717	IBS	Iberian	EUR	European Ancestry	IBS	1000 Genomes 30x on GRCh38,1000 Genomes phase 3 release
HG02223	F	SAME1839584	IBS	Iberian	EUR	European Ancestry	IBS	1000 Genomes on GRCh38,1000 Genomes 30x on GRCh38,1KG_ONT_VIENNA,1000 Genomes phase 3 release
HG02224	M	SAME1839579	IBS	Iberian	EUR	European Ancestry	IBS	1000 Genomes on GRCh38,1000 Genomes 30x on GRCh38,1KG_ONT_VIENNA,1000 Genomes phase 3 release
HG02225	F	SAME1839576	IBS	Iberian	EUR	European Ancestry	IBS	1000 Genomes 30x on GRCh38,1000 Genomes phase 3 release
HG02229	F	SAME1839649	IBS	Iberian	EUR	European Ancestry	IBS	1000 Genomes 30x on GRCh38,1000 Genomes phase 3 release
HG02230	F	SAME1839383	IBS	Iberian	EUR	European Ancestry	IBS	1000 Genomes on GRCh38,1000 Genomes 30x on GRCh38,MAGE RNA-seq,1000 Genomes phase 3 release
HG02231	M	SAME1839376	IBS	Iberian	EUR	European Ancestry	IBS	1000 Genomes on GRCh38,1000 Genomes 30x on GRCh38,1KG_ONT_VIENNA,1000 Genomes phase 3 release
HG02232	F	SAME1839374	IBS	Iberian	EUR	European Ancestry	IBS	1000 Genomes on GRCh38,1000 Genomes 30x on GRCh38,MAGE RNA-seq,1000 Genomes phase 3 release
HG02233	M	SAME1839370	IBS	Iberian	EUR	European Ancestry	IBS	1000 Genomes on GRCh38,1000 Genomes 30x on GRCh38,1000 Genomes phase 3 release
HG02234	M	SAME1839367	IBS	Iberian	EUR	European Ancestry	IBS	1000 Genomes 30x on GRCh38,1000 Genomes phase 3 release
HG02235	F	SAME123521	IBS	Iberian	EUR	European Ancestry	IBS	1000 Genomes on GRCh38,1000 Genomes 30x on GRCh38,1000 Genomes phase 3 release
HG02236	M	SAME123520	IBS	Iberian	EUR	European Ancestry	IBS	1000 Genomes on GRCh38,1000 Genomes 30x on GRCh38,MAGE RNA-seq,1000 Genomes phase 3 release
HG02237	F	SAME123519	IBS	Iberian	EUR	European Ancestry	IBS	1000 Genomes 30x on GRCh38,1000 Genomes phase 3 release
HG02238	M	SAME1839423	IBS	Iberian	EUR	European Ancestry	IBS	1000 Genomes on GRCh38,1000 Genomes 30x on GRCh38,1KG_ONT_VIENNA,1000 Genomes phase 3 release
HG02239	F	SAME1839420	IBS	Iberian	EUR	European Ancestry	IBS	1000 Genomes on GRCh38,1000 Genomes 30x on GRCh38,1KG_ONT_VIENNA,1000 Genomes phase 3 release
HG02240	F	SAME1839481	IBS	Iberian	EUR	European Ancestry	IBS	1000 Genomes 30x on GRCh38,1000 Genomes phase 3 release
HG02250	M	SAME1839268	CDX	Dai Chinese	EAS	East Asian Ancestry	CDX	1000 Genomes on GRCh38,1000 Genomes 30x on GRCh38,1KG_ONT_VIENNA,MAGE RNA-seq,1000 Genomes phase 3 release
HG02252	F	SAME1839354	PEL	Peruvian	AMR	American Ancestry	PEL	1000 Genomes on GRCh38,1000 Genomes 30x on GRCh38,1000 Genomes phase 3 release
HG02253	M	SAME1839347	PEL	Peruvian	AMR	American Ancestry	PEL	1000 Genomes on GRCh38,1000 Genomes 30x on GRCh38,1KG_ONT_VIENNA,1000 Genomes phase 3 release
HG02255	M	SAME1839337	ACB	African Caribbean	AFR	African Ancestry	ACB	1000 Genomes on GRCh38,1000 Genomes 30x on GRCh38,1000 Genomes phase 3 release
HG02256	F	SAME1839332	ACB	African Caribbean	AFR	African Ancestry	ACB	1000 Genomes on GRCh38,1000 Genomes 30x on GRCh38,1000 Genomes phase 3 release
HG02257	F	SAME1839326	ACB	African Caribbean	AFR	African Ancestry	ACB	1000 Genomes 30x on GRCh38,Human Pangenome Reference Consortium, Phase 2,1000 Genomes phase 3 release
HG02258	M	SAME1839322	ACB	African Caribbean	AFR	African Ancestry	ACB	1000 Genomes 30x on GRCh38,Human Pangenome Reference Consortium, Phase 2,1000 Genomes phase 3 release
HG02259	M	SAME1839319	PEL	Peruvian	AMR	American Ancestry	PEL	1000 Genomes on GRCh38,1000 Genomes 30x on GRCh38,1000 Genomes phase 3 release
HG02260	F	SAME1839139	PEL	Peruvian	AMR	American Ancestry	PEL	1000 Genomes on GRCh38,1000 Genomes 30x on GRCh38,1000 Genomes phase 3 release
HG02261	M	SAME1839134	PEL	Peruvian	AMR	American Ancestry	PEL	1000 Genomes 30x on GRCh38,1000 Genomes phase 3 release
HG02262	M	SAME1839128	PEL	Peruvian	AMR	American Ancestry	PEL	1000 Genomes on GRCh38,1000 Genomes 30x on GRCh38,1000 Genomes phase 3 release
HG02265	M	SAME1839117	PEL	Peruvian	AMR	American Ancestry	PEL	1000 Genomes on GRCh38,1000 Genomes 30x on GRCh38,1KG_ONT_VIENNA,MAGE RNA-seq,1000 Genomes phase 3 release
HG02266	F	SAME1839110	PEL	Peruvian	AMR	American Ancestry	PEL	1000 Genomes on GRCh38,1000 Genomes 30x on GRCh38,1KG_ONT_VIENNA,1000 Genomes phase 3 release
HG02271	M	SAME1840319	PEL	Peruvian	AMR	American Ancestry	PEL	1000 Genomes on GRCh38,1000 Genomes 30x on GRCh38,1KG_ONT_VIENNA,MAGE RNA-seq,1000 Genomes phase 3 release
HG02272	F	SAME1840314	PEL	Peruvian	AMR	American Ancestry	PEL	1000 Genomes on GRCh38,1000 Genomes 30x on GRCh38,1000 Genomes phase 3 release
HG02273	F	SAME1840309	PEL	Peruvian	AMR	American Ancestry	PEL	1000 Genomes 30x on GRCh38,Human Pangenome Reference Consortium, Phase 2,1000 Genomes phase 3 release
HG02274	M	SAME1840306	PEL	Peruvian	AMR	American Ancestry	PEL	1000 Genomes on GRCh38,1000 Genomes 30x on GRCh38,1KG_ONT_VIENNA,MAGE RNA-seq,1000 Genomes phase 3 release
HG02275	F	SAME1840376	PEL	Peruvian	AMR	American Ancestry	PEL	1000 Genomes on GRCh38,1000 Genomes 30x on GRCh38,1KG_ONT_VIENNA,1000 Genomes phase 3 release
HG02277	M	SAME1840370	PEL	Peruvian	AMR	American Ancestry	PEL	1000 Genomes on GRCh38,1000 Genomes 30x on GRCh38,1KG_ONT_VIENNA,1000 Genomes phase 3 release
HG02278	F	SAME1840367	PEL	Peruvian	AMR	American Ancestry	PEL	1000 Genomes on GRCh38,1000 Genomes 30x on GRCh38,1000 Genomes phase 3 release
HG02279	M	SAME1840362	PEL	Peruvian	AMR	American Ancestry	PEL	1000 Genomes 30x on GRCh38,1000 Genomes phase 3 release
HG02280	F	SAME1840096	ACB	African Caribbean	AFR	African Ancestry	ACB	1000 Genomes 30x on GRCh38,Human Pangenome Reference Consortium, Phase 2,1000 Genomes phase 3 release
HG02281	M	SAME1840094	ACB	African Caribbean	AFR	African Ancestry	ACB	1000 Genomes on GRCh38,1000 Genomes 30x on GRCh38,MAGE RNA-seq,1000 Genomes phase 3 release
HG02282	F	SAME1840177	ACB	African Caribbean	AFR	African Ancestry	ACB	1000 Genomes on GRCh38,1000 Genomes 30x on GRCh38,Human Genome Structural Variation Consortium, Phase 3,MAGE RNA-seq,1000 Genomes phase 3 release
HG02283	M	SAME1840173	ACB	African Caribbean	AFR	African Ancestry	ACB	1000 Genomes on GRCh38,1000 Genomes 30x on GRCh38,1KG_ONT_VIENNA,MAGE RNA-seq,1000 Genomes phase 3 release
HG02284	M	SAME1840168	ACB	African Caribbean	AFR	African Ancestry	ACB	1000 Genomes on GRCh38,1000 Genomes 30x on GRCh38,1KG_ONT_VIENNA,1000 Genomes phase 3 release
HG02285	M	SAME122914	PEL	Peruvian	AMR	American Ancestry	PEL	1000 Genomes on GRCh38,1000 Genomes 30x on GRCh38,1KG_ONT_VIENNA,1000 Genomes phase 3 release
HG02286	F	SAME122912	PEL	Peruvian	AMR	American Ancestry	PEL	1000 Genomes on GRCh38,1000 Genomes 30x on GRCh38,1000 Genomes phase 3 release
HG02287	F	SAME123755	PEL	Peruvian	AMR	American Ancestry	PEL	1000 Genomes 30x on GRCh38,1000 Genomes phase 3 release
HG02291	M	SAME1839948	PEL	Peruvian	AMR	American Ancestry	PEL	1000 Genomes on GRCh38,1000 Genomes 30x on GRCh38,1KG_ONT_VIENNA,1000 Genomes phase 3 release
HG02292	F	SAME1839943	PEL	Peruvian	AMR	American Ancestry	PEL	1000 Genomes on GRCh38,1000 Genomes 30x on GRCh38,1KG_ONT_VIENNA,MAGE RNA-seq,1000 Genomes phase 3 release
HG02293	F	SAME1839934	PEL	Peruvian	AMR	American Ancestry	PEL	1000 Genomes 30x on GRCh38,Human Pangenome Reference Consortium, Phase 2,1000 Genomes phase 3 release
HG02298	F	SAME1839913	PEL	Peruvian	AMR	American Ancestry	PEL	1000 Genomes on GRCh38,1000 Genomes 30x on GRCh38,1000 Genomes phase 3 release
HG02299	M	SAME1839994	PEL	Peruvian	AMR	American Ancestry	PEL	1000 Genomes on GRCh38,1000 Genomes 30x on GRCh38,1000 Genomes phase 3 release
HG02300	F	SAME1839856	PEL	Peruvian	AMR	American Ancestry	PEL	1000 Genomes 30x on GRCh38,Human Pangenome Reference Consortium, Phase 2,1000 Genomes phase 3 release
HG02301	F	SAME124280	PEL	Peruvian	AMR	American Ancestry	PEL	1000 Genomes on GRCh38,1000 Genomes 30x on GRCh38,MAGE RNA-seq,1000 Genomes phase 3 release
HG02302	M	SAME124279	PEL	Peruvian	AMR	American Ancestry	PEL	1000 Genomes 30x on GRCh38,1000 Genomes phase 3 release
HG02303	F	SAME124278	PEL	Peruvian	AMR	American Ancestry	PEL	1000 Genomes 30x on GRCh38,1000 Genomes phase 3 release
HG02304	M	SAME1839548	PEL	Peruvian	AMR	American Ancestry	PEL	1000 Genomes on GRCh38,1000 Genomes 30x on GRCh38,1000 Genomes phase 3 release
HG02307	M	SAME1839535	ACB	African Caribbean	AFR	African Ancestry	ACB	1000 Genomes on GRCh38,1000 Genomes 30x on GRCh38,1KG_ONT_VIENNA,MAGE RNA-seq,1000 Genomes phase 3 release
HG02308	F	SAME1839529	ACB	African Caribbean	AFR	African Ancestry	ACB	1000 Genomes on GRCh38,1000 Genomes 30x on GRCh38,1KG_ONT_VIENNA,1000 Genomes phase 3 release
HG02309	F	SAME1839525	ACB	African Caribbean	AFR	African Ancestry	ACB	1000 Genomes on GRCh38,1000 Genomes 30x on GRCh38,1KG_ONT_VIENNA,1000 Genomes phase 3 release
HG02312	F	SAME1839684	PEL	Peruvian	AMR	American Ancestry	PEL	1000 Genomes on GRCh38,1000 Genomes 30x on GRCh38,MAGE RNA-seq,1000 Genomes phase 3 release
HG02314	M	SAME1839674	ACB	African Caribbean	AFR	African Ancestry	ACB	1000 Genomes on GRCh38,1000 Genomes 30x on GRCh38,1KG_ONT_VIENNA,1000 Genomes phase 3 release
HG02315	F	SAME1839666	ACB	African Caribbean	AFR	African Ancestry	ACB	1000 Genomes on GRCh38,1000 Genomes 30x on GRCh38,1000 Genomes phase 3 release
HG02316	M	SAME1839661	ACB	African Caribbean	AFR	African Ancestry	ACB	1000 Genomes 30x on GRCh38,1000 Genomes phase 3 release
HG02317	M	SAME1839656	ACB	African Caribbean	AFR	African Ancestry	ACB	1000 Genomes on GRCh38,1000 Genomes 30x on GRCh38,1000 Genomes phase 3 release
HG02318	F	SAME1839391	ACB	African Caribbean	AFR	African Ancestry	ACB	1000 Genomes on GRCh38,1000 Genomes 30x on GRCh38,1KG_ONT_VIENNA,1000 Genomes phase 3 release
HG02321	F	SAME1839446	ACB	African Caribbean	AFR	African Ancestry	ACB	1000 Genomes 30x on GRCh38,1000 Genomes phase 3 release
HG02322	F	SAME1839444	ACB	African Caribbean	AFR	African Ancestry	ACB	1000 Genomes on GRCh38,1000 Genomes 30x on GRCh38,1000 Genomes phase 3 release
HG02323	M	SAME1839440	ACB	African Caribbean	AFR	African Ancestry	ACB	1000 Genomes on GRCh38,1000 Genomes 30x on GRCh38,MAGE RNA-seq,1000 Genomes phase 3 release
HG02325	F	SAME1839521	ACB	African Caribbean	AFR	African Ancestry	ACB	1000 Genomes on GRCh38,1000 Genomes 30x on GRCh38,1KG_ONT_VIENNA,1000 Genomes phase 3 release
HG02330	M	SAME1839237	ACB	African Caribbean	AFR	African Ancestry	ACB	1000 Genomes on GRCh38,1000 Genomes 30x on GRCh38,1000 Genomes phase 3 release
HG02332	M	SAME1839315	ACB	African Caribbean	AFR	African Ancestry	ACB	1000 Genomes on GRCh38,1000 Genomes 30x on GRCh38,1KG_ONT_VIENNA,MAGE RNA-seq,1000 Genomes phase 3 release
HG02334	M	SAME1839307	ACB	African Caribbean	AFR	African Ancestry	ACB	1000 Genomes on GRCh38,1000 Genomes 30x on GRCh38,MAGE RNA-seq,1000 Genomes phase 3 release
HG02337	F	SAME1839296	ACB	African Caribbean	AFR	African Ancestry	ACB	1000 Genomes on GRCh38,1000 Genomes 30x on GRCh38,1KG_ONT_VIENNA,MAGE RNA-seq,1000 Genomes phase 3 release
HG02339	F	SAME1839288	ACB	African Caribbean	AFR	African Ancestry	ACB	1000 Genomes on GRCh38,1000 Genomes 30x on GRCh38,1000 Genomes phase 3 release
HG02343	M	SAME1839091	ACB	African Caribbean	AFR	African Ancestry	ACB	1000 Genomes on GRCh38,1000 Genomes 30x on GRCh38,1000 Genomes phase 3 release
HG02345	F	SAME1839081	PEL	Peruvian	AMR	American Ancestry	PEL	1000 Genomes on GRCh38,1000 Genomes 30x on GRCh38,1000 Genomes phase 3 release
HG02348	F	SAME1839063	PEL	Peruvian	AMR	American Ancestry	PEL	1000 Genomes on GRCh38,1000 Genomes 30x on GRCh38,MAGE RNA-seq,1000 Genomes phase 3 release
HG02351	M	SAME1840284	CDX	Dai Chinese	EAS	East Asian Ancestry	CDX	1000 Genomes on GRCh38,1000 Genomes 30x on GRCh38,1000 Genomes phase 3 release
HG02353	M	SAME1840276	CDX	Dai Chinese	EAS	East Asian Ancestry	CDX	1000 Genomes on GRCh38,1000 Genomes 30x on GRCh38,1000 Genomes phase 3 release
HG02355	M	SAME1840269	CDX	Dai Chinese	EAS	East Asian Ancestry	CDX	1000 Genomes on GRCh38,1000 Genomes 30x on GRCh38,MAGE RNA-seq,1000 Genomes phase 3 release
HG02356	M	SAME1840261	CDX	Dai Chinese	EAS	East Asian Ancestry	CDX	1000 Genomes on GRCh38,1000 Genomes 30x on GRCh38,1000 Genomes phase 3 release
HG02360	M	SAME1840391	CDX	Dai Chinese	EAS	East Asian Ancestry	CDX	1000 Genomes on GRCh38,1000 Genomes 30x on GRCh38,1000 Genomes phase 3 release
HG02363	M	SAME1840379	CDX	Dai Chinese	EAS	East Asian Ancestry	CDX	1000 Genomes on GRCh38,1000 Genomes phase 3 release
HG02364	M	SAME1840125	CDX	Dai Chinese	EAS	East Asian Ancestry	CDX	1000 Genomes on GRCh38,1000 Genomes 30x on GRCh38,1KG_ONT_VIENNA,MAGE RNA-seq,1000 Genomes phase 3 release
HG02367	M	SAME1840113	CDX	Dai Chinese	EAS	East Asian Ancestry	CDX	1000 Genomes on GRCh38,1000 Genomes 30x on GRCh38,1KG_ONT_VIENNA,1000 Genomes phase 3 release
HG02371	M	SAME1840180	CDX	Dai Chinese	EAS	East Asian Ancestry	CDX	1000 Genomes on GRCh38,1000 Genomes 30x on GRCh38,1000 Genomes phase 3 release
HG02372	M	SAME1840258	CDX	Dai Chinese	EAS	East Asian Ancestry	CDX	1000 Genomes on GRCh38,1KG_ONT_VIENNA,1000 Genomes phase 3 release
HG02373	M	SAME124104	CDX	Dai Chinese	EAS	East Asian Ancestry	CDX	1000 Genomes on GRCh38,1000 Genomes 30x on GRCh38,MAGE RNA-seq,1000 Genomes phase 3 release
HG02374	M	SAME1840247	CDX	Dai Chinese	EAS	East Asian Ancestry	CDX	1000 Genomes on GRCh38,1000 Genomes 30x on GRCh38,1000 Genomes phase 3 release
HG02375	M	SAME1840244	CDX	Dai Chinese	EAS	East Asian Ancestry	CDX	1000 Genomes on GRCh38,1000 Genomes 30x on GRCh38,1000 Genomes phase 3 release
HG02377	M	SAME1840228	CDX	Dai Chinese	EAS	East Asian Ancestry	CDX	1000 Genomes on GRCh38,1000 Genomes phase 3 release
HG02379	M	SAME1840217	CDX	Dai Chinese	EAS	East Asian Ancestry	CDX	1000 Genomes on GRCh38,1000 Genomes 30x on GRCh38,1000 Genomes phase 3 release
HG02380	M	SAME1840045	CDX	Dai Chinese	EAS	East Asian Ancestry	CDX	1000 Genomes on GRCh38,1000 Genomes 30x on GRCh38,1000 Genomes phase 3 release
HG02381	M	SAME1840033	CDX	Dai Chinese	EAS	East Asian Ancestry	CDX	1000 Genomes on GRCh38,1000 Genomes phase 3 release
HG02382	M	SAME1840025	CDX	Dai Chinese	EAS	East Asian Ancestry	CDX	1000 Genomes on GRCh38,1000 Genomes 30x on GRCh38,1KG_ONT_VIENNA,1000 Genomes phase 3 release
HG02383	M	SAME1840019	CDX	Dai Chinese	EAS	East Asian Ancestry	CDX	1000 Genomes on GRCh38,1000 Genomes 30x on GRCh38,1000 Genomes phase 3 release
HG02384	M	SAME1840011	CDX	Dai Chinese	EAS	East Asian Ancestry	CDX	1000 Genomes on GRCh38,1000 Genomes 30x on GRCh38,1KG_ONT_VIENNA,1000 Genomes phase 3 release
HG02385	M	SAME1840006	CDX	Dai Chinese	EAS	East Asian Ancestry	CDX	1000 Genomes on GRCh38,1000 Genomes 30x on GRCh38,1000 Genomes phase 3 release
HG02386	M	SAME1840001	CDX	Dai Chinese	EAS	East Asian Ancestry	CDX	1000 Genomes on GRCh38,1000 Genomes 30x on GRCh38,1000 Genomes phase 3 release
HG02387	M	SAME1839998	CDX	Dai Chinese	EAS	East Asian Ancestry	CDX	1000 Genomes on GRCh38,1000 Genomes phase 3 release
HG02388	M	SAME1839997	CDX	Dai Chinese	EAS	East Asian Ancestry	CDX	1000 Genomes on GRCh38,1000 Genomes phase 3 release
HG02389	M	SAME1840085	CDX	Dai Chinese	EAS	East Asian Ancestry	CDX	1000 Genomes on GRCh38,1000 Genomes 30x on GRCh38,MAGE RNA-seq,1000 Genomes phase 3 release
HG02390	M	SAME1839788	CDX	Dai Chinese	EAS	East Asian Ancestry	CDX	1000 Genomes on GRCh38,1000 Genomes 30x on GRCh38,1KG_ONT_VIENNA,1000 Genomes phase 3 release
HG02391	M	SAME1839784	CDX	Dai Chinese	EAS	East Asian Ancestry	CDX	1000 Genomes on GRCh38,1000 Genomes 30x on GRCh38,Human Pangenome Reference Consortium, Phase 2,1000 Genomes phase 3 release
HG02392	M	SAME1839776	CDX	Dai Chinese	EAS	East Asian Ancestry	CDX	1000 Genomes on GRCh38,1000 Genomes 30x on GRCh38,Human Pangenome Reference Consortium, Phase 2,1000 Genomes phase 3 release
HG02394	M	SAME123305	CDX	Dai Chinese	EAS	East Asian Ancestry	CDX	1000 Genomes on GRCh38,1000 Genomes 30x on GRCh38,MAGE RNA-seq,1000 Genomes phase 3 release
HG02395	M	SAME1839754	CDX	Dai Chinese	EAS	East Asian Ancestry	CDX	1000 Genomes on GRCh38,1000 Genomes 30x on GRCh38,1000 Genomes phase 3 release
HG02396	M	SAME125357	CDX	Dai Chinese	EAS	East Asian Ancestry	CDX	1000 Genomes on GRCh38,1000 Genomes 30x on GRCh38,MAGE RNA-seq,1000 Genomes phase 3 release
HG02397	M	SAME123308	CDX	Dai Chinese	EAS	East Asian Ancestry	CDX	1000 Genomes on GRCh38,1000 Genomes 30x on GRCh38,1000 Genomes phase 3 release
HG02398	M	SAME1839845	CDX	Dai Chinese	EAS	East Asian Ancestry	CDX	1000 Genomes on GRCh38,1000 Genomes 30x on GRCh38,1000 Genomes phase 3 release
HG02399	M	SAME1839842	CDX	Dai Chinese	EAS	East Asian Ancestry	CDX	1000 Genomes on GRCh38,1000 Genomes 30x on GRCh38,1000 Genomes phase 3 release
HG02401	M	SAME1839415	CDX	Dai Chinese	EAS	East Asian Ancestry	CDX	1000 Genomes on GRCh38,1000 Genomes 30x on GRCh38,1000 Genomes phase 3 release
HG02402	M	SAME1839412	CDX	Dai Chinese	EAS	East Asian Ancestry	CDX	1000 Genomes on GRCh38,1000 Genomes 30x on GRCh38,1KG_ONT_VIENNA,1000 Genomes phase 3 release
HG02406	M	SAME1839394	CDX	Dai Chinese	EAS	East Asian Ancestry	CDX	1000 Genomes on GRCh38,1000 Genomes 30x on GRCh38,1000 Genomes phase 3 release
HG02407	M	SAME1839464	CDX	Dai Chinese	EAS	East Asian Ancestry	CDX	1000 Genomes on GRCh38,1000 Genomes 30x on GRCh38,1000 Genomes phase 3 release
HG02408	M	SAME1839461	CDX	Dai Chinese	EAS	East Asian Ancestry	CDX	1000 Genomes on GRCh38,1000 Genomes 30x on GRCh38,1000 Genomes phase 3 release
HG02409	M	SAME1839457	CDX	Dai Chinese	EAS	East Asian Ancestry	CDX	1000 Genomes on GRCh38,1000 Genomes 30x on GRCh38,MAGE RNA-seq,1000 Genomes phase 3 release
HG02410	M	SAME1839207	CDX	Dai Chinese	EAS	East Asian Ancestry	CDX	1000 Genomes on GRCh38,1000 Genomes 30x on GRCh38,1KG_ONT_VIENNA,1000 Genomes phase 3 release
HG02419	F	SAME1839244	ACB	African Caribbean	AFR	African Ancestry	ACB	1000 Genomes on GRCh38,1000 Genomes 30x on GRCh38,1000 Genomes phase 3 release
HG02420	M	SAME1839320	ACB	African Caribbean	AFR	African Ancestry	ACB	1000 Genomes on GRCh38,1000 Genomes 30x on GRCh38,1KG_ONT_VIENNA,1000 Genomes phase 3 release
HG02425	F	SAME1839043	PEL	Peruvian	AMR	American Ancestry	PEL	1000 Genomes on GRCh38,1000 Genomes 30x on GRCh38,MAGE RNA-seq,1000 Genomes phase 3 release
HG02427	F	SAME1839036	ACB	African Caribbean	AFR	African Ancestry	ACB	1000 Genomes on GRCh38,1000 Genomes 30x on GRCh38,1000 Genomes phase 3 release
HG02428	M	SAME1839027	ACB	African Caribbean	AFR	African Ancestry	ACB	1000 Genomes phase 3 release
HG02429	M	SAME1839021	ACB	African Caribbean	AFR	African Ancestry	ACB	1000 Genomes on GRCh38,1000 Genomes 30x on GRCh38,1KG_ONT_VIENNA,MAGE RNA-seq,1000 Genomes phase 3 release
HG02433	M	SAME1839175	ACB	African Caribbean	AFR	African Ancestry	ACB	1000 Genomes on GRCh38,1000 Genomes 30x on GRCh38,1000 Genomes phase 3 release
HG02436	M	SAME1839164	ACB	African Caribbean	AFR	African Ancestry	ACB	1000 Genomes on GRCh38,1000 Genomes phase 3 release
HG02439	M	SAME1840297	ACB	African Caribbean	AFR	African Ancestry	ACB	1000 Genomes on GRCh38,1000 Genomes 30x on GRCh38,MAGE RNA-seq,1000 Genomes phase 3 release
HG02442	M	SAME1840352	ACB	African Caribbean	AFR	African Ancestry	ACB	1000 Genomes on GRCh38,1000 Genomes 30x on GRCh38,1KG_ONT_VIENNA,1000 Genomes phase 3 release
HG02445	M	SAME1840341	ACB	African Caribbean	AFR	African Ancestry	ACB	1000 Genomes on GRCh38,1000 Genomes 30x on GRCh38,1KG_ONT_VIENNA,1000 Genomes phase 3 release
HG02449	M	SAME1840404	ACB	African Caribbean	AFR	African Ancestry	ACB	1000 Genomes on GRCh38,1000 Genomes 30x on GRCh38,MAGE RNA-seq,1000 Genomes phase 3 release
HG02450	F	SAME1840144	ACB	African Caribbean	AFR	African Ancestry	ACB	1000 Genomes on GRCh38,1000 Genomes 30x on GRCh38,MAGE RNA-seq,1000 Genomes phase 3 release
HG02451	F	SAME1840138	ACB	African Caribbean	AFR	African Ancestry	ACB	1000 Genomes 30x on GRCh38,Human Pangenome Reference Consortium, Phase 2,1000 Genomes phase 3 release
HG02455	M	SAME1840198	ACB	African Caribbean	AFR	African Ancestry	ACB	1000 Genomes on GRCh38,1000 Genomes 30x on GRCh38,1KG_ONT_VIENNA,1000 Genomes phase 3 release
HG02461	M	SAME1839993	GWD	Gambian Mandinka	AFR	African Ancestry	GWD	1000 Genomes on GRCh38,1000 Genomes 30x on GRCh38,1000 Genomes phase 3 release,Gambian Genome Variation Project (GRCh38)
HG02462	F	SAME1839991	GWD	Gambian Mandinka	AFR	African Ancestry	GWD	1000 Genomes on GRCh38,1000 Genomes 30x on GRCh38,1000 Genomes phase 3 release,Gambian Genome Variation Project (GRCh38)
HG02464	M	SAME1839978	GWD	Gambian Mandinka,Gambian	AFR	African Ancestry,Africa (SGDP)	GWD,GambianSGDP	1000 Genomes on GRCh38,Simons Genome Diversity Project,1000 Genomes 30x on GRCh38,1000 Genomes phase 3 release,Gambian Genome Variation Project (GRCh38)
HG02465	F	SAME1839973	GWD	Gambian Mandinka	AFR	African Ancestry	GWD	1000 Genomes on GRCh38,1000 Genomes 30x on GRCh38,1000 Genomes phase 3 release,Gambian Genome Variation Project (GRCh38)
HG02470	M	SAME1839744	ACB	African Caribbean	AFR	African Ancestry	ACB	1000 Genomes on GRCh38,1000 Genomes 30x on GRCh38,1000 Genomes phase 3 release
HG02471	F	SAME1839741	ACB	African Caribbean	AFR	African Ancestry	ACB	1000 Genomes on GRCh38,1000 Genomes 30x on GRCh38,MAGE RNA-seq,1000 Genomes phase 3 release
HG02476	F	SAME1839717	ACB	African Caribbean	AFR	African Ancestry	ACB	1000 Genomes on GRCh38,1000 Genomes 30x on GRCh38,1000 Genomes phase 3 release
HG02477	F	SAME1839710	ACB	African Caribbean	AFR	African Ancestry	ACB	1000 Genomes on GRCh38,1000 Genomes 30x on GRCh38,1KG_ONT_VIENNA,1000 Genomes phase 3 release
HG02478	M	SAME1839801	ACB	African Caribbean	AFR	African Ancestry	ACB	1000 Genomes on GRCh38,1KG_ONT_VIENNA,1000 Genomes phase 3 release
HG02479	F	SAME1839798	ACB	African Caribbean	AFR	African Ancestry	ACB	1000 Genomes on GRCh38,1000 Genomes 30x on GRCh38,MAGE RNA-seq,1000 Genomes phase 3 release
HG02480	F	SAME1839876	ACB	African Caribbean	AFR	African Ancestry	ACB	1000 Genomes phase 3 release
HG02481	M	SAME1839870	ACB	African Caribbean	AFR	African Ancestry	ACB	1000 Genomes on GRCh38,1000 Genomes 30x on GRCh38,MAGE RNA-seq,1000 Genomes phase 3 release
HG02484	M	SAME1839858	ACB	African Caribbean	AFR	African Ancestry	ACB	1000 Genomes on GRCh38,1000 Genomes 30x on GRCh38,1000 Genomes phase 3 release
HG02485	F	SAME1839564	ACB	African Caribbean	AFR	African Ancestry	ACB	1000 Genomes on GRCh38,1000 Genomes 30x on GRCh38,1KG_ONT_VIENNA,1000 Genomes phase 3 release
HG02486	M	SAME1839558	ACB	African Caribbean	AFR	African Ancestry	ACB	Human Pangenome Reference Consortium, Phase 2,1000 Genomes phase 3 release
HG02489	M	SAME1839546	ACB	African Caribbean	AFR	African Ancestry	ACB	1000 Genomes on GRCh38,1000 Genomes 30x on GRCh38,MAGE RNA-seq,1000 Genomes phase 3 release
HG02490	M	SAME1839625	PJL	Punjabi	SAS	South Asian Ancestry	PJL	1000 Genomes on GRCh38,1000 Genomes 30x on GRCh38,1KG_ONT_VIENNA,1000 Genomes phase 3 release
HG02491	F	SAME1839617	PJL	Punjabi	SAS	South Asian Ancestry	PJL	1000 Genomes on GRCh38,1000 Genomes 30x on GRCh38,MAGE RNA-seq,1000 Genomes phase 3 release
HG02492	M	SAME1839610	PJL	Punjabi	SAS	South Asian Ancestry	PJL	1000 Genomes 30x on GRCh38,Human Genome Structural Variation Consortium, Phase 2,Human Genome Structural Variation Consortium, Phase 3,1000 Genomes phase 3 release
HG02493	M	SAME1839704	PJL	Punjabi	SAS	South Asian Ancestry	PJL	1000 Genomes on GRCh38,1000 Genomes 30x on GRCh38,1KG_ONT_VIENNA,1000 Genomes phase 3 release
HG02494	F	SAME1839698	PJL	Punjabi,Punjabi	SAS	South Asian Ancestry,South Asia (SGDP)	PJL,PunjabiSGDP	1000 Genomes on GRCh38,Simons Genome Diversity Project,1000 Genomes 30x on GRCh38,1KG_ONT_VIENNA,MAGE RNA-seq,1000 Genomes phase 3 release
HG02496	M	SAME1839688	ACB	African Caribbean	AFR	African Ancestry	ACB	1000 Genomes on GRCh38,1000 Genomes 30x on GRCh38,1KG_ONT_VIENNA,1000 Genomes phase 3 release
HG02497	F	SAME1839682	ACB	African Caribbean	AFR	African Ancestry	ACB	1000 Genomes on GRCh38,1000 Genomes 30x on GRCh38,MAGE RNA-seq,1000 Genomes phase 3 release
HG02501	M	SAME1839281	ACB	African Caribbean	AFR	African Ancestry	ACB	1000 Genomes on GRCh38,1000 Genomes 30x on GRCh38,1000 Genomes phase 3 release
HG02502	F	SAME1839272	ACB	African Caribbean	AFR	African Ancestry	ACB	1000 Genomes on GRCh38,1000 Genomes 30x on GRCh38,MAGE RNA-seq,1000 Genomes phase 3 release
HG02505	F	SAME1839351	ACB	African Caribbean	AFR	African Ancestry	ACB	1000 Genomes on GRCh38,1000 Genomes 30x on GRCh38,1000 Genomes phase 3 release
HG02508	F	SAME1839334	ACB	African Caribbean	AFR	African Ancestry	ACB	1000 Genomes on GRCh38,1000 Genomes 30x on GRCh38,1000 Genomes phase 3 release
HG02511	F	SAME1839150	ACB	African Caribbean	AFR	African Ancestry	ACB	1000 Genomes on GRCh38,1000 Genomes 30x on GRCh38,MAGE RNA-seq,1000 Genomes phase 3 release
HG02512	M	SAME1839146	KHV	Kinh Vietnamese	EAS	East Asian Ancestry	KHV	1000 Genomes on GRCh38,1000 Genomes 30x on GRCh38,1000 Genomes phase 3 release
HG02513	F	SAME1839138	KHV	Kinh Vietnamese	EAS	East Asian Ancestry	KHV	1000 Genomes on GRCh38,1000 Genomes 30x on GRCh38,MAGE RNA-seq,1000 Genomes phase 3 release
HG02514	M	SAME1839133	KHV	Kinh Vietnamese	EAS	East Asian Ancestry	KHV	1000 Genomes 30x on GRCh38,Human Pangenome Reference Consortium, Phase 2,1000 Genomes phase 3 release
HG02521	M	SAME1840327	KHV	Kinh Vietnamese	EAS	East Asian Ancestry	KHV	1000 Genomes on GRCh38,1000 Genomes 30x on GRCh38,1KG_ONT_VIENNA,1000 Genomes phase 3 release
HG02522	F	SAME1840326	KHV	Kinh Vietnamese	EAS	East Asian Ancestry	KHV	1000 Genomes on GRCh38,1000 Genomes 30x on GRCh38,1KG_ONT_VIENNA,1000 Genomes phase 3 release
HG02523	F	SAME1840322	KHV	Kinh Vietnamese	EAS	East Asian Ancestry	KHV	1000 Genomes 30x on GRCh38,Human Pangenome Reference Consortium, Phase 2,1000 Genomes phase 3 release
HG02536	M	SAME1840172	ACB	African Caribbean	AFR	African Ancestry	ACB	1000 Genomes on GRCh38,1000 Genomes 30x on GRCh38,MAGE RNA-seq,1000 Genomes phase 3 release
HG02537	F	SAME1840165	ACB	African Caribbean	AFR	African Ancestry	ACB	1000 Genomes on GRCh38,1000 Genomes 30x on GRCh38,1000 Genomes phase 3 release
HG02541	M	SAME1840214	ACB	African Caribbean	AFR	African Ancestry	ACB	1000 Genomes on GRCh38,1000 Genomes 30x on GRCh38,1000 Genomes phase 3 release
HG02545	M	SAME1839939	ACB	African Caribbean	AFR	African Ancestry	ACB	1000 Genomes on GRCh38,1000 Genomes 30x on GRCh38,1KG_ONT_VIENNA,MAGE RNA-seq,1000 Genomes phase 3 release
HG02546	F	SAME1839932	ACB	African Caribbean	AFR	African Ancestry	ACB	1000 Genomes on GRCh38,1000 Genomes 30x on GRCh38,1KG_ONT_VIENNA,1000 Genomes phase 3 release
HG02549	F	SAME1839917	ACB	African Caribbean	AFR	African Ancestry	ACB	1000 Genomes on GRCh38,1000 Genomes 30x on GRCh38,1000 Genomes phase 3 release
HG02554	M	SAME1840075	ACB	African Caribbean	AFR	African Ancestry	ACB	1000 Genomes on GRCh38,1000 Genomes 30x on GRCh38,Human Genome Structural Variation Consortium, Phase 3,1KG_ONT_VIENNA,1000 Genomes phase 3 release
HG02555	F	SAME1840070	ACB	African Caribbean	AFR	African Ancestry	ACB	1000 Genomes on GRCh38,1000 Genomes 30x on GRCh38,1000 Genomes phase 3 release
HG02557	M	SAME1840061	ACB	African Caribbean	AFR	African Ancestry	ACB	1000 Genomes on GRCh38,1000 Genomes 30x on GRCh38,1000 Genomes phase 3 release
HG02558	F	SAME1840057	ACB	African Caribbean	AFR	African Ancestry	ACB	1000 Genomes on GRCh38,1000 Genomes 30x on GRCh38,1KG_ONT_VIENNA,1000 Genomes phase 3 release
HG02561	M	SAME1839838	GWD	Gambian Mandinka	AFR	African Ancestry	GWD	1000 Genomes on GRCh38,1000 Genomes 30x on GRCh38,1KG_ONT_VIENNA,1000 Genomes phase 3 release,Gambian Genome Variation Project (GRCh38)
HG02562	F	SAME1839832	GWD	Gambian Mandinka	AFR	African Ancestry	GWD	1000 Genomes on GRCh38,1000 Genomes 30x on GRCh38,1KG_ONT_VIENNA,1000 Genomes phase 3 release,Gambian Genome Variation Project (GRCh38)
HG02568	F	SAME1839899	GWD	Gambian Mandinka	AFR	African Ancestry	GWD	1000 Genomes on GRCh38,1000 Genomes 30x on GRCh38,1KG_ONT_VIENNA,MAGE RNA-seq,1000 Genomes phase 3 release,Gambian Genome Variation Project (GRCh38)
HG02570	M	SAME1839582	GWD	Gambian Mandinka	AFR	African Ancestry	GWD	1000 Genomes on GRCh38,1000 Genomes 30x on GRCh38,1000 Genomes phase 3 release,Gambian Genome Variation Project (GRCh38)
HG02571	F	SAME1839577	GWD	Gambian Mandinka	AFR	African Ancestry	GWD	1000 Genomes on GRCh38,1000 Genomes 30x on GRCh38,1000 Genomes phase 3 release,Gambian Genome Variation Project (GRCh38)
HG02573	M	SAME1839567	GWD	Gambian Mandinka	AFR	African Ancestry	GWD	1000 Genomes on GRCh38,1000 Genomes 30x on GRCh38,1KG_ONT_VIENNA,1000 Genomes phase 3 release,Gambian Genome Variation Project (GRCh38)
HG02574	F	SAME1839652	GWD	Gambian Mandinka,Gambian	AFR	African Ancestry,Africa (SGDP)	GWD,GambianSGDP	1000 Genomes on GRCh38,Simons Genome Diversity Project,1000 Genomes 30x on GRCh38,MAGE RNA-seq,1000 Genomes phase 3 release,Gambian Genome Variation Project (GRCh38)
HG02577	F	SAME1839642	ACB	African Caribbean	AFR	African Ancestry	ACB	1000 Genomes on GRCh38,1000 Genomes 30x on GRCh38,1KG_ONT_VIENNA,1000 Genomes phase 3 release
HG02580	F	SAME1839366	ACB	African Caribbean	AFR	African Ancestry	ACB	1000 Genomes on GRCh38,1000 Genomes 30x on GRCh38,1KG_ONT_VIENNA,MAGE RNA-seq,1000 Genomes phase 3 release
HG02582	M	SAME1839431	GWD	Gambian Mandinka	AFR	African Ancestry	GWD	1000 Genomes on GRCh38,1000 Genomes 30x on GRCh38,1KG_ONT_VIENNA,1000 Genomes phase 3 release,Gambian Genome Variation Project (GRCh38)
HG02583	F	SAME1839429	GWD	Gambian Mandinka	AFR	African Ancestry	GWD	1000 Genomes on GRCh38,1000 Genomes 30x on GRCh38,MAGE RNA-seq,Human Pangenome Reference Consortium, Phase 2,1000 Genomes phase 3 release,Gambian Genome Variation Project (GRCh38)
HG02585	M	SAME1839418	GWD	Gambian Mandinka	AFR	African Ancestry	GWD	1000 Genomes on GRCh38,1000 Genomes 30x on GRCh38,1KG_ONT_VIENNA,1000 Genomes phase 3 release,Gambian Genome Variation Project (GRCh38)
HG02586	F	SAME1839414	GWD	Gambian Mandinka	AFR	African Ancestry	GWD	1000 Genomes on GRCh38,1000 Genomes 30x on GRCh38,1000 Genomes phase 3 release,Gambian Genome Variation Project (GRCh38)
HG02588	M	SAME1839404	GWD	Gambian Mandinka	AFR	African Ancestry	GWD	1000 Genomes on GRCh38,1000 Genomes 30x on GRCh38,1KG_ONT_VIENNA,1000 Genomes phase 3 release,Gambian Genome Variation Project (GRCh38)
HG02589	F	SAME1839401	GWD	Gambian Mandinka	AFR	African Ancestry	GWD	1000 Genomes on GRCh38,1000 Genomes 30x on GRCh38,1000 Genomes phase 3 release,Gambian Genome Variation Project (GRCh38)
HG02594	M	SAME1839208	GWD	Gambian Mandinka	AFR	African Ancestry	GWD	1000 Genomes on GRCh38,1000 Genomes 30x on GRCh38,1000 Genomes phase 3 release,Gambian Genome Variation Project (GRCh38)
HG02595	F	SAME1839204	GWD	Gambian Mandinka	AFR	African Ancestry	GWD	1000 Genomes on GRCh38,1000 Genomes 30x on GRCh38,1KG_ONT_VIENNA,1000 Genomes phase 3 release,Gambian Genome Variation Project (GRCh38)
HG02597	M	SAME1839199	PJL	Punjabi	SAS	South Asian Ancestry	PJL	1000 Genomes on GRCh38,1000 Genomes 30x on GRCh38,1KG_ONT_VIENNA,MAGE RNA-seq,1000 Genomes phase 3 release
HG02600	M	SAME1840302	PJL	Punjabi	SAS	South Asian Ancestry	PJL	1000 Genomes on GRCh38,1000 Genomes 30x on GRCh38,1KG_ONT_VIENNA,1000 Genomes phase 3 release
HG02601	F	SAME1840293	PJL	Punjabi	SAS	South Asian Ancestry	PJL	1000 Genomes on GRCh38,1000 Genomes 30x on GRCh38,MAGE RNA-seq,1000 Genomes phase 3 release
HG02602	M	SAME1840290	PJL	Punjabi	SAS	South Asian Ancestry	PJL	1000 Genomes 30x on GRCh38,Human Pangenome Reference Consortium, Phase 2,1000 Genomes phase 3 release
HG02603	M	SAME1840287	PJL	Punjabi	SAS	South Asian Ancestry	PJL	1000 Genomes on GRCh38,1000 Genomes 30x on GRCh38,1000 Genomes phase 3 release
HG02604	F	SAME1840282	PJL	Punjabi	SAS	South Asian Ancestry	PJL	1000 Genomes on GRCh38,1000 Genomes 30x on GRCh38,1KG_ONT_VIENNA,1000 Genomes phase 3 release
HG02605	F	SAME1840277	PJL	Punjabi	SAS	South Asian Ancestry	PJL	1000 Genomes 30x on GRCh38,1000 Genomes phase 3 release
HG02610	M	SAME1840405	GWD	Gambian Mandinka	AFR	African Ancestry	GWD	1000 Genomes on GRCh38,1000 Genomes 30x on GRCh38,1000 Genomes phase 3 release,Gambian Genome Variation Project (GRCh38)
HG02611	F	SAME1840401	GWD	Gambian Mandinka	AFR	African Ancestry	GWD	1000 Genomes on GRCh38,1000 Genomes 30x on GRCh38,1KG_ONT_VIENNA,MAGE RNA-seq,1000 Genomes phase 3 release,Gambian Genome Variation Project (GRCh38)
HG02613	M	SAME1840390	GWD	Gambian Mandinka	AFR	African Ancestry	GWD	1000 Genomes on GRCh38,1000 Genomes 30x on GRCh38,MAGE RNA-seq,1000 Genomes phase 3 release,Gambian Genome Variation Project (GRCh38)
HG02614	F	SAME1840385	GWD	Gambian Mandinka	AFR	African Ancestry	GWD	1000 Genomes on GRCh38,1000 Genomes 30x on GRCh38,MAGE RNA-seq,1000 Genomes phase 3 release,Gambian Genome Variation Project (GRCh38)
HG02620	M	SAME1840191	GWD	Gambian Mandinka	AFR	African Ancestry	GWD	1000 Genomes on GRCh38,1000 Genomes 30x on GRCh38,MAGE RNA-seq,1000 Genomes phase 3 release,Gambian Genome Variation Project (GRCh38)
HG02621	F	SAME1840187	GWD	Gambian Mandinka	AFR	African Ancestry	GWD	1000 Genomes on GRCh38,1000 Genomes 30x on GRCh38,1000 Genomes phase 3 release,Gambian Genome Variation Project (GRCh38)
HG02623	M	SAME1840182	GWD	Gambian Mandinka	AFR	African Ancestry	GWD	1000 Genomes on GRCh38,1000 Genomes 30x on GRCh38,MAGE RNA-seq,1000 Genomes phase 3 release,Gambian Genome Variation Project (GRCh38)
HG02624	F	SAME1840259	GWD	Gambian Mandinka	AFR	African Ancestry	GWD	1000 Genomes on GRCh38,1000 Genomes 30x on GRCh38,MAGE RNA-seq,Human Pangenome Reference Consortium, Phase 2,1000 Genomes phase 3 release,Gambian Genome Variation Project (GRCh38)
HG02628	M	SAME1840238	GWD	Gambian Mandinka	AFR	African Ancestry	GWD	1000 Genomes on GRCh38,1000 Genomes 30x on GRCh38,MAGE RNA-seq,1000 Genomes phase 3 release,Gambian Genome Variation Project (GRCh38)
HG02629	F	SAME1840230	GWD	Gambian Mandinka	AFR	African Ancestry	GWD	1000 Genomes on GRCh38,1000 Genomes 30x on GRCh38,1000 Genomes phase 3 release,Gambian Genome Variation Project (GRCh38)
HG02634	M	SAME1840031	GWD	Gambian Mandinka	AFR	African Ancestry	GWD	1000 Genomes on GRCh38,1000 Genomes 30x on GRCh38,1KG_ONT_VIENNA,1000 Genomes phase 3 release,Gambian Genome Variation Project (GRCh38)
HG02635	F	SAME1840023	GWD	Gambian Mandinka	AFR	African Ancestry	GWD	1000 Genomes on GRCh38,1000 Genomes 30x on GRCh38,1KG_ONT_VIENNA,1000 Genomes phase 3 release,Gambian Genome Variation Project (GRCh38)
HG02642	M	SAME1839792	GWD	Gambian Mandinka	AFR	African Ancestry	GWD	1000 Genomes on GRCh38,1000 Genomes 30x on GRCh38,1000 Genomes phase 3 release,Gambian Genome Variation Project (GRCh38)
HG02643	F	SAME1839785	GWD	Gambian Mandinka	AFR	African Ancestry	GWD	1000 Genomes on GRCh38,1000 Genomes 30x on GRCh38,1KG_ONT_VIENNA,MAGE RNA-seq,1000 Genomes phase 3 release,Gambian Genome Variation Project (GRCh38)
HG02645	M	SAME1839774	GWD	Gambian Mandinka	AFR	African Ancestry	GWD	1000 Genomes on GRCh38,1000 Genomes 30x on GRCh38,1000 Genomes phase 3 release,Gambian Genome Variation Project (GRCh38)
HG02646	F	SAME1839770	GWD	Gambian Mandinka	AFR	African Ancestry	GWD	1000 Genomes on GRCh38,1000 Genomes 30x on GRCh38,1000 Genomes phase 3 release,Gambian Genome Variation Project (GRCh38)
HG02648	M	SAME1839751	PJL	Punjabi	SAS	South Asian Ancestry	PJL	1000 Genomes on GRCh38,1000 Genomes 30x on GRCh38,1000 Genomes phase 3 release
HG02649	F	SAME1839852	PJL	Punjabi	SAS	South Asian Ancestry	PJL	1000 Genomes on GRCh38,1000 Genomes 30x on GRCh38,MAGE RNA-seq,1000 Genomes phase 3 release
HG02651	M	SAME1839544	PJL	Punjabi	SAS	South Asian Ancestry	PJL	1000 Genomes on GRCh38,1000 Genomes 30x on GRCh38,1000 Genomes phase 3 release
HG02652	F	SAME1839541	PJL	Punjabi	SAS	South Asian Ancestry	PJL	1000 Genomes on GRCh38,1000 Genomes 30x on GRCh38,1000 Genomes phase 3 release
HG02654	M	SAME1839530	PJL	Punjabi	SAS	South Asian Ancestry	PJL	1000 Genomes on GRCh38,1000 Genomes 30x on GRCh38,MAGE RNA-seq,1000 Genomes phase 3 release
HG02655	F	SAME1839526	PJL	Punjabi	SAS	South Asian Ancestry	PJL	1000 Genomes on GRCh38,1000 Genomes 30x on GRCh38,1000 Genomes phase 3 release
HG02656	M	SAME1839607	PJL	Punjabi	SAS	South Asian Ancestry	PJL	1000 Genomes 30x on GRCh38,1000 Genomes phase 3 release
HG02657	M	SAME1839600	PJL	Punjabi	SAS	South Asian Ancestry	PJL	1000 Genomes on GRCh38,1000 Genomes 30x on GRCh38,1KG_ONT_VIENNA,1000 Genomes phase 3 release
HG02658	F	SAME1839597	PJL	Punjabi	SAS	South Asian Ancestry	PJL	1000 Genomes on GRCh38,1000 Genomes 30x on GRCh38,1000 Genomes phase 3 release
HG02659	F	SAME1839590	PJL	Punjabi	SAS	South Asian Ancestry	PJL	1000 Genomes 30x on GRCh38,1000 Genomes phase 3 release
HG02660	M	SAME1839672	PJL	Punjabi	SAS	South Asian Ancestry	PJL	1000 Genomes on GRCh38,1000 Genomes 30x on GRCh38,MAGE RNA-seq,1000 Genomes phase 3 release
HG02661	F	SAME1839667	PJL	Punjabi	SAS	South Asian Ancestry	PJL	1000 Genomes on GRCh38,1000 Genomes 30x on GRCh38,1KG_ONT_VIENNA,1000 Genomes phase 3 release
HG02662	F	SAME1839662	PJL	Punjabi	SAS	South Asian Ancestry	PJL	1000 Genomes 30x on GRCh38,1000 Genomes phase 3 release
HG02666	M	SAME1839386	GWD	Gambian Mandinka	AFR	African Ancestry	GWD	1000 Genomes on GRCh38,1000 Genomes 30x on GRCh38,Human Genome Structural Variation Consortium, Phase 3,1000 Genomes phase 3 release,Gambian Genome Variation Project (GRCh38)
HG02667	F	SAME1839384	GWD	Gambian Mandinka	AFR	African Ancestry	GWD	1000 Genomes on GRCh38,1000 Genomes 30x on GRCh38,1000 Genomes phase 3 release,Gambian Genome Variation Project (GRCh38)
HG02675	M	SAME1839495	GWD	Gambian Mandinka	AFR	African Ancestry	GWD	1000 Genomes on GRCh38,1000 Genomes 30x on GRCh38,1000 Genomes phase 3 release,Gambian Genome Variation Project (GRCh38)
HG02676	F	SAME1839491	GWD	Gambian Mandinka	AFR	African Ancestry	GWD	1000 Genomes on GRCh38,1000 Genomes 30x on GRCh38,1000 Genomes phase 3 release,Gambian Genome Variation Project (GRCh38)
HG02678	M	SAME1839477	GWD	Gambian Mandinka	AFR	African Ancestry	GWD	1000 Genomes on GRCh38,1000 Genomes 30x on GRCh38,1KG_ONT_VIENNA,MAGE RNA-seq,1000 Genomes phase 3 release,Gambian Genome Variation Project (GRCh38)
HG02679	F	SAME1839471	GWD	Gambian Mandinka	AFR	African Ancestry	GWD	1000 Genomes on GRCh38,1000 Genomes 30x on GRCh38,1KG_ONT_VIENNA,1000 Genomes phase 3 release,Gambian Genome Variation Project (GRCh38)
HG02681	M	SAME1839304	PJL	Punjabi	SAS	South Asian Ancestry	PJL	1000 Genomes on GRCh38,1000 Genomes 30x on GRCh38,1KG_ONT_VIENNA,MAGE RNA-seq,1000 Genomes phase 3 release
HG02682	F	SAME1839300	PJL	Punjabi	SAS	South Asian Ancestry	PJL	1000 Genomes on GRCh38,1000 Genomes 30x on GRCh38,1000 Genomes phase 3 release
HG02684	M	SAME1839292	PJL	Punjabi	SAS	South Asian Ancestry	PJL	1000 Genomes on GRCh38,1000 Genomes 30x on GRCh38,1KG_ONT_VIENNA,1000 Genomes phase 3 release
HG02685	F	SAME1839286	PJL	Punjabi	SAS	South Asian Ancestry	PJL	1000 Genomes on GRCh38,1000 Genomes 30x on GRCh38,1KG_ONT_VIENNA,1000 Genomes phase 3 release
HG02686	M	SAME1839277	PJL	Punjabi	SAS	South Asian Ancestry	PJL	1000 Genomes 30x on GRCh38,1000 Genomes phase 3 release
HG02687	M	SAME1839270	PJL	Punjabi	SAS	South Asian Ancestry	PJL	1000 Genomes on GRCh38,1000 Genomes 30x on GRCh38,1KG_ONT_VIENNA,1000 Genomes phase 3 release
HG02688	F	SAME1839358	PJL	Punjabi	SAS	South Asian Ancestry	PJL	1000 Genomes on GRCh38,1000 Genomes 30x on GRCh38,1KG_ONT_VIENNA,1000 Genomes phase 3 release
HG02689	M	SAME1839355	PJL	Punjabi	SAS	South Asian Ancestry	PJL	1000 Genomes 30x on GRCh38,1000 Genomes phase 3 release
HG02690	M	SAME1839088	PJL	Punjabi	SAS	South Asian Ancestry	PJL	1000 Genomes on GRCh38,1000 Genomes 30x on GRCh38,1KG_ONT_VIENNA,1000 Genomes phase 3 release
HG02691	F	SAME1839084	PJL	Punjabi	SAS	South Asian Ancestry	PJL	1000 Genomes on GRCh38,1000 Genomes 30x on GRCh38,1KG_ONT_VIENNA,1000 Genomes phase 3 release
HG02694	F	SAME1839065	PJL	Punjabi	SAS	South Asian Ancestry	PJL	1000 Genomes on GRCh38,1000 Genomes 30x on GRCh38,MAGE RNA-seq,1000 Genomes phase 3 release
HG02696	M	SAME1839149	PJL	Punjabi	SAS	South Asian Ancestry	PJL	1000 Genomes on GRCh38,1000 Genomes 30x on GRCh38,1000 Genomes phase 3 release
HG02697	F	SAME1839142	PJL	Punjabi	SAS	South Asian Ancestry	PJL	1000 Genomes on GRCh38,1000 Genomes 30x on GRCh38,1KG_ONT_VIENNA,MAGE RNA-seq,1000 Genomes phase 3 release
HG02698	M	SAME1839137	PJL	Punjabi	SAS	South Asian Ancestry	PJL	1000 Genomes 30x on GRCh38,Human Pangenome Reference Consortium, Phase 2,1000 Genomes phase 3 release
HG02699	M	SAME1839129	PJL	Punjabi	SAS	South Asian Ancestry	PJL	1000 Genomes on GRCh38,1000 Genomes 30x on GRCh38,1000 Genomes phase 3 release
HG02700	F	SAME1840159	PJL	Punjabi	SAS	South Asian Ancestry	PJL	1000 Genomes on GRCh38,1000 Genomes 30x on GRCh38,1000 Genomes phase 3 release
HG02702	M	SAME1840149	GWD	Gambian Mandinka	AFR	African Ancestry	GWD	1000 Genomes on GRCh38,1000 Genomes 30x on GRCh38,1000 Genomes phase 3 release,Gambian Genome Variation Project (GRCh38)
HG02703	F	SAME1840142	GWD	Gambian Mandinka	AFR	African Ancestry	GWD	1000 Genomes on GRCh38,1000 Genomes 30x on GRCh38,1KG_ONT_VIENNA,MAGE RNA-seq,1000 Genomes phase 3 release,Gambian Genome Variation Project (GRCh38)
HG02715	M	SAME1839987	GWD	Gambian Mandinka	AFR	African Ancestry	GWD	1000 Genomes on GRCh38,1000 Genomes 30x on GRCh38,1KG_ONT_VIENNA,MAGE RNA-seq,1000 Genomes phase 3 release,Gambian Genome Variation Project (GRCh38)
HG02716	F	SAME1839981	GWD	Gambian Mandinka	AFR	African Ancestry	GWD	1000 Genomes on GRCh38,1000 Genomes 30x on GRCh38,1000 Genomes phase 3 release,Gambian Genome Variation Project (GRCh38)
HG02721	M	SAME1839749	GWD	Gambian Mandinka	AFR	African Ancestry	GWD	1000 Genomes on GRCh38,1000 Genomes 30x on GRCh38,1KG_ONT_VIENNA,1000 Genomes phase 3 release,Gambian Genome Variation Project (GRCh38)
HG02722	F	SAME1839747	GWD	Gambian Mandinka	AFR	African Ancestry	GWD	1000 Genomes on GRCh38,1000 Genomes 30x on GRCh38,1000 Genomes phase 3 release,Gambian Genome Variation Project (GRCh38)
HG02724	M	SAME1839740	PJL	Punjabi,Punjabi	SAS	South Asian Ancestry,South Asia (SGDP)	PJL,PunjabiSGDP	1000 Genomes on GRCh38,Simons Genome Diversity Project,1000 Genomes 30x on GRCh38,1KG_ONT_VIENNA,1000 Genomes phase 3 release
HG02725	F	SAME1839737	PJL	Punjabi	SAS	South Asian Ancestry	PJL	1000 Genomes on GRCh38,1000 Genomes 30x on GRCh38,1000 Genomes phase 3 release
HG02726	F	SAME1839732	PJL	Punjabi	SAS	South Asian Ancestry	PJL	1000 Genomes 30x on GRCh38,1000 Genomes phase 3 release
HG02727	M	SAME1839727	PJL	Punjabi	SAS	South Asian Ancestry	PJL	1000 Genomes on GRCh38,1000 Genomes 30x on GRCh38,1KG_ONT_VIENNA,1000 Genomes phase 3 release
HG02728	F	SAME1839722	PJL	Punjabi	SAS	South Asian Ancestry	PJL	1000 Genomes on GRCh38,1000 Genomes 30x on GRCh38,1KG_ONT_VIENNA,MAGE RNA-seq,1000 Genomes phase 3 release
HG02729	M	SAME1839715	PJL	Punjabi	SAS	South Asian Ancestry	PJL	1000 Genomes 30x on GRCh38,1000 Genomes phase 3 release
HG02731	F	SAME1839886	PJL	Punjabi	SAS	South Asian Ancestry	PJL	1000 Genomes on GRCh38,1000 Genomes 30x on GRCh38,MAGE RNA-seq,1000 Genomes phase 3 release
HG02733	M	SAME1839874	PJL	Punjabi	SAS	South Asian Ancestry	PJL	1000 Genomes on GRCh38,1000 Genomes 30x on GRCh38,MAGE RNA-seq,1000 Genomes phase 3 release
HG02734	F	SAME1839869	PJL	Punjabi	SAS	South Asian Ancestry	PJL	1000 Genomes on GRCh38,1000 Genomes 30x on GRCh38,1000 Genomes phase 3 release
HG02735	M	SAME1839866	PJL	Punjabi	SAS	South Asian Ancestry	PJL	1000 Genomes 30x on GRCh38,Human Pangenome Reference Consortium, Phase 2,1000 Genomes phase 3 release
HG02736	M	SAME1839860	PJL	Punjabi	SAS	South Asian Ancestry	PJL	1000 Genomes on GRCh38,1000 Genomes 30x on GRCh38,1000 Genomes phase 3 release
HG02737	F	SAME1839857	PJL	Punjabi	SAS	South Asian Ancestry	PJL	1000 Genomes on GRCh38,1000 Genomes 30x on GRCh38,1KG_ONT_VIENNA,MAGE RNA-seq,1000 Genomes phase 3 release
HG02756	M	SAME1839454	GWD	Gambian Mandinka	AFR	African Ancestry	GWD	1000 Genomes on GRCh38,1000 Genomes 30x on GRCh38,1000 Genomes phase 3 release,Gambian Genome Variation Project (GRCh38)
HG02757	F	SAME1839451	GWD	Gambian Mandinka	AFR	African Ancestry	GWD	1000 Genomes on GRCh38,1000 Genomes 30x on GRCh38,1000 Genomes phase 3 release,Gambian Genome Variation Project (GRCh38)
HG02759	M	SAME1839445	GWD	Gambian Mandinka	AFR	African Ancestry	GWD	1000 Genomes on GRCh38,1000 Genomes 30x on GRCh38,1000 Genomes phase 3 release,Gambian Genome Variation Project (GRCh38)
HG02760	F	SAME1839267	GWD	Gambian Mandinka	AFR	African Ancestry	GWD	1000 Genomes on GRCh38,1000 Genomes 30x on GRCh38,1000 Genomes phase 3 release,Gambian Genome Variation Project (GRCh38)
HG02763	F	SAME1839254	GWD	Gambian Mandinka	AFR	African Ancestry	GWD	1000 Genomes on GRCh38,1000 Genomes 30x on GRCh38,1000 Genomes phase 3 release,Gambian Genome Variation Project (GRCh38)
HG02768	M	SAME1839235	GWD	Gambian Mandinka	AFR	African Ancestry	GWD	1000 Genomes on GRCh38,1000 Genomes 30x on GRCh38,1KG_ONT_VIENNA,MAGE RNA-seq,1000 Genomes phase 3 release,Gambian Genome Variation Project (GRCh38)
HG02769	F	SAME1839231	GWD	Gambian Mandinka	AFR	African Ancestry	GWD	1000 Genomes on GRCh38,1000 Genomes 30x on GRCh38,Human Genome Structural Variation Consortium, Phase 3,1000 Genomes phase 3 release,Gambian Genome Variation Project (GRCh38)
HG02771	M	SAME1839045	GWD	Gambian Mandinka	AFR	African Ancestry	GWD	1000 Genomes on GRCh38,1000 Genomes 30x on GRCh38,1KG_ONT_VIENNA,1000 Genomes phase 3 release,Gambian Genome Variation Project (GRCh38)
HG02772	F	SAME1839039	GWD	Gambian Mandinka	AFR	African Ancestry	GWD	1000 Genomes on GRCh38,1000 Genomes 30x on GRCh38,1000 Genomes phase 3 release,Gambian Genome Variation Project (GRCh38)
HG02774	M	SAME1839028	PJL	Punjabi	SAS	South Asian Ancestry	PJL	1000 Genomes on GRCh38,1000 Genomes 30x on GRCh38,1000 Genomes phase 3 release
HG02775	F	SAME1839022	PJL	Punjabi	SAS	South Asian Ancestry	PJL	1000 Genomes on GRCh38,1000 Genomes 30x on GRCh38,1000 Genomes phase 3 release
HG02778	F	SAME1839100	PJL	Punjabi	SAS	South Asian Ancestry	PJL	1000 Genomes on GRCh38,1000 Genomes 30x on GRCh38,1000 Genomes phase 3 release
HG02780	M	SAME1839169	PJL	Punjabi	SAS	South Asian Ancestry	PJL	1000 Genomes on GRCh38,1000 Genomes 30x on GRCh38,1000 Genomes phase 3 release
HG02783	M	SAME1839162	PJL	Punjabi,Punjabi	SAS	South Asian Ancestry,South Asia (SGDP)	PJL,PunjabiSGDP	1000 Genomes on GRCh38,Simons Genome Diversity Project,1000 Genomes 30x on GRCh38,1000 Genomes phase 3 release
HG02784	F	SAME1839157	PJL	Punjabi	SAS	South Asian Ancestry	PJL	1000 Genomes on GRCh38,1000 Genomes 30x on GRCh38,1000 Genomes phase 3 release
HG02785	F	SAME1840298	PJL	Punjabi	SAS	South Asian Ancestry	PJL	1000 Genomes 30x on GRCh38,1000 Genomes phase 3 release
HG02786	M	SAME1840292	PJL	Punjabi	SAS	South Asian Ancestry	PJL	1000 Genomes on GRCh38,1000 Genomes 30x on GRCh38,1000 Genomes phase 3 release
HG02787	F	SAME1840288	PJL	Punjabi	SAS	South Asian Ancestry	PJL	1000 Genomes on GRCh38,1000 Genomes 30x on GRCh38,1000 Genomes phase 3 release
HG02789	M	SAME1840280	PJL	Punjabi	SAS	South Asian Ancestry	PJL	1000 Genomes on GRCh38,1000 Genomes 30x on GRCh38,1KG_ONT_VIENNA,MAGE RNA-seq,1000 Genomes phase 3 release
HG02790	F	SAME1840345	PJL	Punjabi,Punjabi	SAS	South Asian Ancestry,South Asia (SGDP)	PJL,PunjabiSGDP	1000 Genomes on GRCh38,Simons Genome Diversity Project,1000 Genomes 30x on GRCh38,1000 Genomes phase 3 release
HG02791	M	SAME1840342	PJL	Punjabi	SAS	South Asian Ancestry	PJL	1000 Genomes 30x on GRCh38,1000 Genomes phase 3 release
HG02792	M	SAME1840416	PJL	Punjabi	SAS	South Asian Ancestry	PJL	1000 Genomes on GRCh38,1000 Genomes 30x on GRCh38,MAGE RNA-seq,1000 Genomes phase 3 release
HG02793	F	SAME1840415	PJL	Punjabi	SAS	South Asian Ancestry	PJL	1000 Genomes on GRCh38,1000 Genomes 30x on GRCh38,1KG_ONT_VIENNA,1000 Genomes phase 3 release
HG02798	M	SAME1840387	GWD	Gambian Mandinka	AFR	African Ancestry	GWD	1000 Genomes on GRCh38,1000 Genomes 30x on GRCh38,1000 Genomes phase 3 release,Gambian Genome Variation Project (GRCh38)
HG02799	F	SAME1840384	GWD	Gambian Mandinka	AFR	African Ancestry	GWD	1000 Genomes on GRCh38,1000 Genomes 30x on GRCh38,MAGE RNA-seq,1000 Genomes phase 3 release,Gambian Genome Variation Project (GRCh38)
HG02804	M	SAME1840084	GWD	Gambian Mandinka	AFR	African Ancestry	GWD	1000 Genomes on GRCh38,1000 Genomes 30x on GRCh38,MAGE RNA-seq,1000 Genomes phase 3 release,Gambian Genome Variation Project (GRCh38)
HG02805	F	SAME1840081	GWD	Gambian Mandinka	AFR	African Ancestry	GWD	1000 Genomes on GRCh38,1000 Genomes 30x on GRCh38,1KG_ONT_VIENNA,1000 Genomes phase 3 release,Gambian Genome Variation Project (GRCh38)
HG02807	M	SAME1840073	GWD	Gambian Mandinka	AFR	African Ancestry	GWD	1000 Genomes on GRCh38,1000 Genomes 30x on GRCh38,1000 Genomes phase 3 release,Gambian Genome Variation Project (GRCh38)
HG02808	F	SAME1840069	GWD	Gambian Mandinka	AFR	African Ancestry	GWD	1000 Genomes on GRCh38,1000 Genomes 30x on GRCh38,1000 Genomes phase 3 release,Gambian Genome Variation Project (GRCh38)
HG02810	M	SAME1839854	GWD	Gambian Mandinka	AFR	African Ancestry	GWD	1000 Genomes on GRCh38,1000 Genomes 30x on GRCh38,1000 Genomes phase 3 release,Gambian Genome Variation Project (GRCh38)
HG02811	F	SAME1839849	GWD	Gambian Mandinka	AFR	African Ancestry	GWD	1000 Genomes on GRCh38,1000 Genomes 30x on GRCh38,1000 Genomes phase 3 release,Gambian Genome Variation Project (GRCh38)
HG02813	M	SAME1839841	GWD	Gambian Mandinka	AFR	African Ancestry	GWD	1000 Genomes on GRCh38,1000 Genomes 30x on GRCh38,1000 Genomes phase 3 release,Gambian Genome Variation Project (GRCh38)
HG02814	F	SAME1839837	GWD	Gambian Mandinka	AFR	African Ancestry	GWD	1000 Genomes on GRCh38,1000 Genomes 30x on GRCh38,MAGE RNA-seq,1000 Genomes phase 3 release,Gambian Genome Variation Project (GRCh38)
HG02816	M	SAME1839822	GWD	Gambian Mandinka	AFR	African Ancestry	GWD	1000 Genomes on GRCh38,1000 Genomes 30x on GRCh38,MAGE RNA-seq,1000 Genomes phase 3 release,Gambian Genome Variation Project (GRCh38)
HG02817	F	SAME1839819	GWD	Gambian Mandinka	AFR	African Ancestry	GWD	1000 Genomes on GRCh38,1000 Genomes 30x on GRCh38,MAGE RNA-seq,1000 Genomes phase 3 release,Gambian Genome Variation Project (GRCh38)
HG02819	M	SAME1839804	GWD	Gambian Mandinka	AFR	African Ancestry	GWD	1000 Genomes on GRCh38,1000 Genomes 30x on GRCh38,1000 Genomes phase 3 release,Gambian Genome Variation Project (GRCh38)
HG02820	F	SAME1839591	GWD	Gambian Mandinka	AFR	African Ancestry	GWD	1000 Genomes on GRCh38,1000 Genomes 30x on GRCh38,1000 Genomes phase 3 release,Gambian Genome Variation Project (GRCh38)
HG02836	M	SAME1839428	GWD	Gambian Mandinka	AFR	African Ancestry	GWD	1000 Genomes on GRCh38,1000 Genomes 30x on GRCh38,1KG_ONT_VIENNA,1000 Genomes phase 3 release,Gambian Genome Variation Project (GRCh38)
HG02837	F	SAME1839422	GWD	Gambian Mandinka	AFR	African Ancestry	GWD	1000 Genomes on GRCh38,1000 Genomes 30x on GRCh38,1000 Genomes phase 3 release,Gambian Genome Variation Project (GRCh38)
HG02839	M	SAME1839413	GWD	Gambian Mandinka	AFR	African Ancestry	GWD	1000 Genomes on GRCh38,1000 Genomes 30x on GRCh38,MAGE RNA-seq,1000 Genomes phase 3 release,Gambian Genome Variation Project (GRCh38)
HG02840	F	SAME1839475	GWD	Gambian Mandinka	AFR	African Ancestry	GWD	1000 Genomes on GRCh38,1000 Genomes 30x on GRCh38,1000 Genomes phase 3 release,Gambian Genome Variation Project (GRCh38)
HG02851	M	SAME1839352	GWD	Gambian Mandinka	AFR	African Ancestry	GWD	1000 Genomes on GRCh38,1000 Genomes 30x on GRCh38,MAGE RNA-seq,1000 Genomes phase 3 release,Gambian Genome Variation Project (GRCh38)
HG02852	F	SAME1839346	GWD	Gambian Mandinka	AFR	African Ancestry	GWD	1000 Genomes on GRCh38,1000 Genomes 30x on GRCh38,1000 Genomes phase 3 release,Gambian Genome Variation Project (GRCh38)
HG02854	M	SAME1839336	GWD	Gambian Mandinka	AFR	African Ancestry	GWD	1000 Genomes on GRCh38,1000 Genomes 30x on GRCh38,1000 Genomes phase 3 release,Gambian Genome Variation Project (GRCh38)
HG02855	F	SAME1839330	GWD	Gambian Mandinka	AFR	African Ancestry	GWD	1000 Genomes on GRCh38,1000 Genomes 30x on GRCh38,MAGE RNA-seq,1000 Genomes phase 3 release,Gambian Genome Variation Project (GRCh38)
HG02860	M	SAME1839132	GWD	Gambian Mandinka	AFR	African Ancestry	GWD	1000 Genomes on GRCh38,1000 Genomes 30x on GRCh38,1000 Genomes phase 3 release,Gambian Genome Variation Project (GRCh38)
HG02861	F	SAME1839125	GWD	Gambian Mandinka	AFR	African Ancestry	GWD	1000 Genomes on GRCh38,1000 Genomes 30x on GRCh38,1000 Genomes phase 3 release,Gambian Genome Variation Project (GRCh38)
HG02870	F	SAME1840320	GWD	Gambian Mandinka	AFR	African Ancestry	GWD	1000 Genomes on GRCh38,1000 Genomes 30x on GRCh38,1000 Genomes phase 3 release,Gambian Genome Variation Project (GRCh38)
HG02878	M	SAME1840363	GWD	Gambian Mandinka	AFR	African Ancestry	GWD	1000 Genomes on GRCh38,1000 Genomes 30x on GRCh38,1000 Genomes phase 3 release,Gambian Genome Variation Project (GRCh38)
HG02879	F	SAME1840355	GWD	Gambian Mandinka	AFR	African Ancestry	GWD	1000 Genomes on GRCh38,1000 Genomes 30x on GRCh38,1000 Genomes phase 3 release,Gambian Genome Variation Project (GRCh38)
HG02881	M	SAME1840178	GWD	Gambian Mandinka	AFR	African Ancestry	GWD	1000 Genomes on GRCh38,1000 Genomes 30x on GRCh38,1000 Genomes phase 3 release,Gambian Genome Variation Project (GRCh38)
HG02882	F	SAME1840171	GWD	Gambian Mandinka	AFR	African Ancestry	GWD	1000 Genomes on GRCh38,1000 Genomes 30x on GRCh38,1000 Genomes phase 3 release,Gambian Genome Variation Project (GRCh38)
HG02884	M	SAME1840161	GWD	Gambian Mandinka	AFR	African Ancestry	GWD	1000 Genomes on GRCh38,1000 Genomes 30x on GRCh38,MAGE RNA-seq,1000 Genomes phase 3 release,Gambian Genome Variation Project (GRCh38)
HG02885	F	SAME1840157	GWD	Gambian Mandinka	AFR	African Ancestry	GWD	1000 Genomes on GRCh38,1000 Genomes 30x on GRCh38,1000 Genomes phase 3 release,Gambian Genome Variation Project (GRCh38)
HG02887	M	SAME1840147	GWD	Gambian Mandinka	AFR	African Ancestry	GWD	1000 Genomes on GRCh38,1000 Genomes 30x on GRCh38,1000 Genomes phase 3 release,Gambian Genome Variation Project (GRCh38)
HG02888	F	SAME1840139	GWD	Gambian Mandinka	AFR	African Ancestry	GWD	1000 Genomes on GRCh38,1000 Genomes 30x on GRCh38,MAGE RNA-seq,1000 Genomes phase 3 release,Gambian Genome Variation Project (GRCh38)
HG02890	M	SAME1839947	GWD	Gambian Mandinka	AFR	African Ancestry	GWD	1000 Genomes on GRCh38,1000 Genomes 30x on GRCh38,1000 Genomes phase 3 release,Gambian Genome Variation Project (GRCh38)
HG02891	F	SAME1839938	GWD	Gambian Mandinka	AFR	African Ancestry	GWD	1000 Genomes on GRCh38,1000 Genomes 30x on GRCh38,1000 Genomes phase 3 release,Gambian Genome Variation Project (GRCh38)
HG02895	M	SAME1839918	GWD	Gambian Mandinka	AFR	African Ancestry	GWD	1000 Genomes on GRCh38,1000 Genomes 30x on GRCh38,1KG_ONT_VIENNA,1000 Genomes phase 3 release,Gambian Genome Variation Project (GRCh38)
HG02896	F	SAME1839916	GWD	Gambian Mandinka	AFR	African Ancestry	GWD	1000 Genomes on GRCh38,1000 Genomes 30x on GRCh38,MAGE RNA-seq,1000 Genomes phase 3 release,Gambian Genome Variation Project (GRCh38)
HG02922	F	SAME1839441	ESN	Esan	AFR	African Ancestry	ESN	1000 Genomes on GRCh38,1000 Genomes 30x on GRCh38,1KG_ONT_VIENNA,Human Pangenome Reference Consortium, Phase 2,1000 Genomes phase 3 release
HG02923	M	SAME1839436	ESN	Esan	AFR	African Ancestry	ESN	1000 Genomes on GRCh38,1000 Genomes 30x on GRCh38,1000 Genomes phase 3 release
HG02938	M	SAME1839284	ESN	Esan	AFR	African Ancestry	ESN	1000 Genomes on GRCh38,1000 Genomes 30x on GRCh38,1KG_ONT_VIENNA,1000 Genomes phase 3 release
HG02941	M	SAME1839096	ESN	Esan	AFR	African Ancestry	ESN	1000 Genomes on GRCh38,1000 Genomes 30x on GRCh38,MAGE RNA-seq,1000 Genomes phase 3 release
HG02943	F	SAME1839085	ESN	Esan,Esan	AFR	African Ancestry,Africa (SGDP)	ESN,EsanSGDP	1000 Genomes on GRCh38,Simons Genome Diversity Project,1000 Genomes 30x on GRCh38,1KG_ONT_VIENNA,1000 Genomes phase 3 release
HG02944	M	SAME1839082	ESN	Esan	AFR	African Ancestry	ESN	1000 Genomes on GRCh38,1000 Genomes 30x on GRCh38,1KG_ONT_VIENNA,1000 Genomes phase 3 release
HG02946	F	SAME1839068	ESN	Esan	AFR	African Ancestry	ESN	1000 Genomes on GRCh38,1000 Genomes 30x on GRCh38,MAGE RNA-seq,1000 Genomes phase 3 release
HG02947	M	SAME1839061	ESN	Esan	AFR	African Ancestry	ESN	1000 Genomes on GRCh38,1000 Genomes 30x on GRCh38,1000 Genomes phase 3 release
HG02952	F	SAME1840275	ESN	Esan	AFR	African Ancestry	ESN	1000 Genomes on GRCh38,1000 Genomes 30x on GRCh38,1000 Genomes phase 3 release
HG02953	M	SAME1840271	ESN	Esan	AFR	African Ancestry	ESN	1000 Genomes on GRCh38,1000 Genomes 30x on GRCh38,Human Genome Structural Variation Consortium, Phase 3,1KG_ONT_VIENNA,1000 Genomes phase 3 release
HG02968	M	SAME1840108	ESN	Esan	AFR	African Ancestry	ESN	1000 Genomes on GRCh38,1000 Genomes 30x on GRCh38,MAGE RNA-seq,1000 Genomes phase 3 release
HG02970	F	SAME1840260	ESN	Esan	AFR	African Ancestry	ESN	1000 Genomes on GRCh38,1000 Genomes 30x on GRCh38,1KG_ONT_VIENNA,MAGE RNA-seq,Human Pangenome Reference Consortium, Phase 2,1000 Genomes phase 3 release
HG02971	M	SAME1840255	ESN	Esan	AFR	African Ancestry	ESN	1000 Genomes on GRCh38,1000 Genomes 30x on GRCh38,1KG_ONT_VIENNA,1000 Genomes phase 3 release
HG02973	M	SAME1840246	ESN	Esan	AFR	African Ancestry	ESN	1000 Genomes on GRCh38,1000 Genomes 30x on GRCh38,1000 Genomes phase 3 release
HG02974	F	SAME1840241	ESN	Esan	AFR	African Ancestry	ESN	1000 Genomes on GRCh38,1000 Genomes 30x on GRCh38,1000 Genomes phase 3 release
HG02976	F	SAME1840223	ESN	Esan	AFR	African Ancestry	ESN	1000 Genomes on GRCh38,1000 Genomes 30x on GRCh38,1KG_ONT_VIENNA,Human Pangenome Reference Consortium, Phase 2,1000 Genomes phase 3 release
HG02977	M	SAME1840221	ESN	Esan	AFR	African Ancestry	ESN	1000 Genomes on GRCh38,1000 Genomes 30x on GRCh38,MAGE RNA-seq,1000 Genomes phase 3 release
HG02979	F	SAME1840209	ESN	Esan	AFR	African Ancestry	ESN	1000 Genomes on GRCh38,1000 Genomes 30x on GRCh38,MAGE RNA-seq,1000 Genomes phase 3 release
HG02981	M	SAME1840024	ESN	Esan	AFR	African Ancestry	ESN	1000 Genomes on GRCh38,1000 Genomes 30x on GRCh38,MAGE RNA-seq,1000 Genomes phase 3 release
HG02982	M	SAME1840015	GWD	Gambian Mandinka	AFR	African Ancestry	GWD	1000 Genomes on GRCh38,1000 Genomes 30x on GRCh38,1KG_ONT_VIENNA,1000 Genomes phase 3 release,Gambian Genome Variation Project (GRCh38)
HG02983	F	SAME1840009	GWD	Gambian Mandinka	AFR	African Ancestry	GWD	1000 Genomes on GRCh38,1000 Genomes 30x on GRCh38,1KG_ONT_VIENNA,MAGE RNA-seq,1000 Genomes phase 3 release,Gambian Genome Variation Project (GRCh38)
HG03006	M	SAME1840242	BEB	Bengali,Bengali	SAS	South Asian Ancestry,South Asia (SGDP)	BEB,BengaliSGDP	1000 Genomes on GRCh38,Simons Genome Diversity Project,1000 Genomes 30x on GRCh38,1000 Genomes phase 3 release
HG03007	F	SAME1840245	BEB	Bengali,Bengali	SAS	South Asian Ancestry,South Asia (SGDP)	BEB,BengaliSGDP	1000 Genomes on GRCh38,Simons Genome Diversity Project,1000 Genomes 30x on GRCh38,1000 Genomes phase 3 release
HG03009	M	SAME1840256	BEB	Bengali	SAS	South Asian Ancestry	BEB	1000 Genomes on GRCh38,1000 Genomes 30x on GRCh38,Human Genome Structural Variation Consortium, Phase 2,Human Genome Structural Variation Consortium, Phase 3,1KG_ONT_VIENNA,1000 Genomes phase 3 release
HG03012	M	SAME1839924	BEB	Bengali	SAS	South Asian Ancestry	BEB	1000 Genomes on GRCh38,1000 Genomes 30x on GRCh38,1000 Genomes phase 3 release
HG03015	M	SAME1839940	PJL	Punjabi	SAS	South Asian Ancestry	PJL	1000 Genomes on GRCh38,1000 Genomes 30x on GRCh38,1KG_ONT_VIENNA,1000 Genomes phase 3 release
HG03016	F	SAME1839952	PJL	Punjabi	SAS	South Asian Ancestry	PJL	1000 Genomes on GRCh38,1000 Genomes 30x on GRCh38,1KG_ONT_VIENNA,1000 Genomes phase 3 release
HG03018	M	SAME1840053	PJL	Punjabi	SAS	South Asian Ancestry	PJL	1000 Genomes on GRCh38,1000 Genomes 30x on GRCh38,MAGE RNA-seq,1000 Genomes phase 3 release
HG03019	F	SAME1840060	PJL	Punjabi	SAS	South Asian Ancestry	PJL	1000 Genomes on GRCh38,1000 Genomes 30x on GRCh38,1KG_ONT_VIENNA,MAGE RNA-seq,1000 Genomes phase 3 release
HG03021	M	SAME1839789	PJL	Punjabi	SAS	South Asian Ancestry	PJL	1000 Genomes on GRCh38,1000 Genomes 30x on GRCh38,1000 Genomes phase 3 release
HG03022	F	SAME1839795	PJL	Punjabi	SAS	South Asian Ancestry	PJL	1000 Genomes on GRCh38,1000 Genomes 30x on GRCh38,1000 Genomes phase 3 release
HG03024	M	SAME1839799	GWD	Gambian Mandinka	AFR	African Ancestry	GWD	1000 Genomes on GRCh38,1000 Genomes 30x on GRCh38,1KG_ONT_VIENNA,1000 Genomes phase 3 release,Gambian Genome Variation Project (GRCh38)
HG03025	F	SAME1839711	GWD	Gambian Mandinka	AFR	African Ancestry	GWD	1000 Genomes on GRCh38,1000 Genomes 30x on GRCh38,1000 Genomes phase 3 release,Gambian Genome Variation Project (GRCh38)
HG03027	M	SAME1839725	GWD	Gambian Mandinka	AFR	African Ancestry	GWD	1000 Genomes on GRCh38,1000 Genomes 30x on GRCh38,1000 Genomes phase 3 release
HG03028	F	SAME1839729	GWD	Gambian Mandinka	AFR	African Ancestry	GWD	1000 Genomes on GRCh38,1000 Genomes 30x on GRCh38,1KG_ONT_VIENNA,1000 Genomes phase 3 release,Gambian Genome Variation Project (GRCh38)
HG03039	M	SAME1839593	GWD	Gambian Mandinka	AFR	African Ancestry	GWD	1000 Genomes on GRCh38,1000 Genomes 30x on GRCh38,1KG_ONT_VIENNA,1000 Genomes phase 3 release,Gambian Genome Variation Project (GRCh38)
HG03040	F	SAME1839611	GWD	Gambian Mandinka	AFR	African Ancestry	GWD	1000 Genomes on GRCh38,1000 Genomes 30x on GRCh38,1000 Genomes phase 3 release,Gambian Genome Variation Project (GRCh38)
HG03045	M	SAME1839635	GWD	Gambian Mandinka	AFR	African Ancestry	GWD	1000 Genomes on GRCh38,1000 Genomes 30x on GRCh38,1000 Genomes phase 3 release,Gambian Genome Variation Project (GRCh38)
HG03046	F	SAME1839639	GWD	Gambian Mandinka	AFR	African Ancestry	GWD	1000 Genomes on GRCh38,1000 Genomes 30x on GRCh38,1000 Genomes phase 3 release,Gambian Genome Variation Project (GRCh38)
HG03048	M	SAME1839647	GWD	Gambian Mandinka	AFR	African Ancestry	GWD	1000 Genomes on GRCh38,1000 Genomes 30x on GRCh38,1KG_ONT_VIENNA,1000 Genomes phase 3 release,Gambian Genome Variation Project (GRCh38)
HG03049	F	SAME1839653	GWD	Gambian Mandinka	AFR	African Ancestry	GWD	1000 Genomes on GRCh38,1000 Genomes 30x on GRCh38,1000 Genomes phase 3 release,Gambian Genome Variation Project (GRCh38)
HG03052	F	SAME1839496	MSL	Mende	AFR	African Ancestry	MSL	1000 Genomes on GRCh38,1000 Genomes 30x on GRCh38,1KG_ONT_VIENNA,1000 Genomes phase 3 release
HG03054	M	SAME1839507	MSL	Mende	AFR	African Ancestry	MSL	1000 Genomes on GRCh38,1000 Genomes 30x on GRCh38,1000 Genomes phase 3 release
HG03055	F	SAME1839514	MSL	Mende	AFR	African Ancestry	MSL	1000 Genomes on GRCh38,1000 Genomes 30x on GRCh38,1000 Genomes phase 3 release
HG03057	M	SAME1839434	MSL	Mende	AFR	African Ancestry	MSL	1000 Genomes on GRCh38,1000 Genomes 30x on GRCh38,1KG_ONT_VIENNA,1000 Genomes phase 3 release
HG03058	F	SAME1839442	MSL	Mende	AFR	African Ancestry	MSL	1000 Genomes on GRCh38,1000 Genomes 30x on GRCh38,1KG_ONT_VIENNA,MAGE RNA-seq,1000 Genomes phase 3 release
HG03060	M	SAME1839211	MSL	Mende	AFR	African Ancestry	MSL	1000 Genomes on GRCh38,1000 Genomes 30x on GRCh38,1KG_ONT_VIENNA,MAGE RNA-seq,1000 Genomes phase 3 release
HG03061	F	SAME1839215	MSL	Mende	AFR	African Ancestry	MSL	1000 Genomes on GRCh38,1000 Genomes 30x on GRCh38,1000 Genomes phase 3 release
HG03063	M	SAME1839226	MSL	Mende	AFR	African Ancestry	MSL	1000 Genomes on GRCh38,1000 Genomes 30x on GRCh38,1000 Genomes phase 3 release
HG03064	F	SAME1839228	MSL	Mende	AFR	African Ancestry	MSL	1000 Genomes on GRCh38,1000 Genomes 30x on GRCh38,MAGE RNA-seq,1000 Genomes phase 3 release
HG03066	M	SAME1839324	MSL	Mende	AFR	African Ancestry	MSL	1000 Genomes on GRCh38,1000 Genomes 30x on GRCh38,1KG_ONT_VIENNA,1000 Genomes phase 3 release
HG03069	M	SAME1839340	MSL	Mende	AFR	African Ancestry	MSL	1000 Genomes on GRCh38,1000 Genomes 30x on GRCh38,MAGE RNA-seq,1000 Genomes phase 3 release
HG03072	M	SAME1839016	MSL	Mende	AFR	African Ancestry	MSL	1000 Genomes on GRCh38,1000 Genomes 30x on GRCh38,Human Pangenome Reference Consortium, Phase 2,1000 Genomes phase 3 release
HG03073	F	SAME1839019	MSL	Mende	AFR	African Ancestry	MSL	1000 Genomes on GRCh38,1000 Genomes 30x on GRCh38,1KG_ONT_VIENNA,1000 Genomes phase 3 release
HG03074	M	SAME1839029	MSL	Mende	AFR	African Ancestry	MSL	1000 Genomes on GRCh38,1000 Genomes 30x on GRCh38,1KG_ONT_VIENNA,1000 Genomes phase 3 release
HG03076	F	SAME1839038	MSL	Mende	AFR	African Ancestry	MSL	1000 Genomes on GRCh38,1KG_ONT_VIENNA,1000 Genomes phase 3 release
HG03077	M	SAME1839044	MSL	Mende	AFR	African Ancestry	MSL	1000 Genomes on GRCh38,1000 Genomes 30x on GRCh38,1KG_ONT_VIENNA,MAGE RNA-seq,1000 Genomes phase 3 release
HG03078	M	SAME1839047	MSL	Mende,Mende	AFR	African Ancestry,Africa (SGDP)	MSL,MendeSGDP	1000 Genomes on GRCh38,Simons Genome Diversity Project,1000 Genomes 30x on GRCh38,1000 Genomes phase 3 release
HG03079	F	SAME1839051	MSL	Mende	AFR	African Ancestry	MSL	1000 Genomes on GRCh38,1000 Genomes 30x on GRCh38,1000 Genomes phase 3 release
HG03081	M	SAME1840310	MSL	Mende	AFR	African Ancestry	MSL	1000 Genomes on GRCh38,1000 Genomes 30x on GRCh38,1KG_ONT_VIENNA,1000 Genomes phase 3 release
HG03082	F	SAME1840316	MSL	Mende	AFR	African Ancestry	MSL	1000 Genomes on GRCh38,1000 Genomes 30x on GRCh38,MAGE RNA-seq,1000 Genomes phase 3 release
HG03084	M	SAME1840324	MSL	Mende	AFR	African Ancestry	MSL	1000 Genomes on GRCh38,1000 Genomes 30x on GRCh38,MAGE RNA-seq,1000 Genomes phase 3 release
HG03085	F	SAME1840328	MSL	Mende,Mende	AFR	African Ancestry,Africa (SGDP)	MSL,MendeSGDP	1000 Genomes on GRCh38,Simons Genome Diversity Project,1000 Genomes 30x on GRCh38,1KG_ONT_VIENNA,1000 Genomes phase 3 release
HG03086	F	SAME1840331	MSL	Mende	AFR	African Ancestry	MSL	1000 Genomes on GRCh38,1000 Genomes 30x on GRCh38,1KG_ONT_VIENNA,1000 Genomes phase 3 release
HG03088	F	SAME1840338	MSL	Mende	AFR	African Ancestry	MSL	1000 Genomes on GRCh38,1000 Genomes 30x on GRCh38,1000 Genomes phase 3 release
HG03091	F	SAME1840360	MSL	Mende	AFR	African Ancestry	MSL	1000 Genomes on GRCh38,1000 Genomes 30x on GRCh38,1KG_ONT_VIENNA,MAGE RNA-seq,1000 Genomes phase 3 release
HG03095	F	SAME1840374	MSL	Mende	AFR	African Ancestry	MSL	1000 Genomes on GRCh38,1000 Genomes 30x on GRCh38,1000 Genomes phase 3 release
HG03096	M	SAME1840126	MSL	Mende	AFR	African Ancestry	MSL	1000 Genomes on GRCh38,1000 Genomes 30x on GRCh38,1000 Genomes phase 3 release
HG03097	F	SAME1840130	MSL	Mende	AFR	African Ancestry	MSL	1000 Genomes on GRCh38,1000 Genomes 30x on GRCh38,1KG_ONT_VIENNA,MAGE RNA-seq,1000 Genomes phase 3 release
HG03099	F	SAME1840146	ESN	Esan	AFR	African Ancestry	ESN	1000 Genomes on GRCh38,1000 Genomes 30x on GRCh38,1000 Genomes phase 3 release
HG03100	M	SAME1840003	ESN	Esan,Esan	AFR	African Ancestry,Africa (SGDP)	ESN,EsanSGDP	1000 Genomes on GRCh38,Simons Genome Diversity Project,1000 Genomes 30x on GRCh38,1KG_ONT_VIENNA,1000 Genomes phase 3 release
HG03103	M	SAME1840022	ESN	Esan	AFR	African Ancestry	ESN	1000 Genomes on GRCh38,1000 Genomes 30x on GRCh38,1KG_ONT_VIENNA,Human Pangenome Reference Consortium, Phase 2,1000 Genomes phase 3 release
HG03105	F	SAME1840041	ESN	Esan	AFR	African Ancestry	ESN	1000 Genomes on GRCh38,1000 Genomes 30x on GRCh38,1KG_ONT_VIENNA,MAGE RNA-seq,1000 Genomes phase 3 release
HG03108	F	SAME1839760	ESN	Esan	AFR	African Ancestry	ESN	1000 Genomes on GRCh38,1000 Genomes 30x on GRCh38,1KG_ONT_VIENNA,Human Pangenome Reference Consortium, Phase 2,1000 Genomes phase 3 release
HG03109	M	SAME1839765	ESN	Esan	AFR	African Ancestry	ESN	1000 Genomes on GRCh38,1000 Genomes 30x on GRCh38,1KG_ONT_VIENNA,1000 Genomes phase 3 release
HG03111	F	SAME1839884	ESN	Esan	AFR	African Ancestry	ESN	1000 Genomes on GRCh38,1000 Genomes 30x on GRCh38,1KG_ONT_VIENNA,1000 Genomes phase 3 release
HG03112	M	SAME1839893	ESN	Esan	AFR	African Ancestry	ESN	1000 Genomes on GRCh38,1000 Genomes 30x on GRCh38,1KG_ONT_VIENNA,1000 Genomes phase 3 release
HG03114	F	SAME1839907	ESN	Esan	AFR	African Ancestry	ESN	1000 Genomes on GRCh38,1000 Genomes 30x on GRCh38,1KG_ONT_VIENNA,1000 Genomes phase 3 release
HG03115	M	SAME1839812	ESN	Esan	AFR	African Ancestry	ESN	1000 Genomes on GRCh38,1000 Genomes 30x on GRCh38,1KG_ONT_VIENNA,1000 Genomes phase 3 release
HG03117	F	SAME1839821	ESN	Esan	AFR	African Ancestry	ESN	1000 Genomes on GRCh38,1000 Genomes 30x on GRCh38,1KG_ONT_VIENNA,MAGE RNA-seq,1000 Genomes phase 3 release
HG03118	M	SAME1839830	ESN	Esan	AFR	African Ancestry	ESN	1000 Genomes on GRCh38,1000 Genomes 30x on GRCh38,MAGE RNA-seq,1000 Genomes phase 3 release
HG03120	M	SAME1839557	ESN	Esan	AFR	African Ancestry	ESN	1000 Genomes on GRCh38,1000 Genomes 30x on GRCh38,1000 Genomes phase 3 release
HG03121	F	SAME1839563	ESN	Esan	AFR	African Ancestry	ESN	1000 Genomes on GRCh38,1000 Genomes 30x on GRCh38,1000 Genomes phase 3 release
HG03123	F	SAME1839663	ESN	Esan	AFR	African Ancestry	ESN	1000 Genomes on GRCh38,1000 Genomes 30x on GRCh38,1000 Genomes phase 3 release
HG03124	M	SAME1839669	ESN	Esan	AFR	African Ancestry	ESN	1000 Genomes on GRCh38,1000 Genomes 30x on GRCh38,1KG_ONT_VIENNA,1000 Genomes phase 3 release
HG03126	F	SAME1839683	ESN	Esan	AFR	African Ancestry	ESN	1000 Genomes on GRCh38,1000 Genomes 30x on GRCh38,1000 Genomes phase 3 release
HG03127	M	SAME1839686	ESN	Esan	AFR	African Ancestry	ESN	1000 Genomes on GRCh38,1000 Genomes 30x on GRCh38,1KG_ONT_VIENNA,MAGE RNA-seq,1000 Genomes phase 3 release
HG03129	F	SAME1839699	ESN	Esan	AFR	African Ancestry	ESN	1000 Genomes on GRCh38,1000 Genomes 30x on GRCh38,MAGE RNA-seq,1000 Genomes phase 3 release
HG03130	M	SAME1839365	ESN	Esan	AFR	African Ancestry	ESN	1000 Genomes on GRCh38,1000 Genomes 30x on GRCh38,1KG_ONT_VIENNA,Human Pangenome Reference Consortium, Phase 2,1000 Genomes phase 3 release
HG03132	F	SAME1839373	ESN	Esan	AFR	African Ancestry	ESN	1000 Genomes on GRCh38,1000 Genomes 30x on GRCh38,1KG_ONT_VIENNA,1000 Genomes phase 3 release
HG03133	M	SAME1839375	ESN	Esan	AFR	African Ancestry	ESN	1000 Genomes on GRCh38,1000 Genomes 30x on GRCh38,1KG_ONT_VIENNA,1000 Genomes phase 3 release
HG03135	F	SAME1839385	ESN	Esan	AFR	African Ancestry	ESN	1000 Genomes on GRCh38,1000 Genomes 30x on GRCh38,MAGE RNA-seq,1000 Genomes phase 3 release
HG03136	M	SAME1839387	ESN	Esan	AFR	African Ancestry	ESN	1000 Genomes on GRCh38,1000 Genomes 30x on GRCh38,Human Pangenome Reference Consortium, Phase 2,1000 Genomes phase 3 release
HG03139	M	SAME1839468	ESN	Esan	AFR	African Ancestry	ESN	1000 Genomes on GRCh38,1000 Genomes 30x on GRCh38,Human Pangenome Reference Consortium, Phase 2,1000 Genomes phase 3 release
HG03157	M	SAME1839083	ESN	Esan	AFR	African Ancestry	ESN	1000 Genomes on GRCh38,1000 Genomes 30x on GRCh38,MAGE RNA-seq,1000 Genomes phase 3 release
HG03159	F	SAME1839092	ESN	Esan	AFR	African Ancestry	ESN	1000 Genomes on GRCh38,1000 Genomes 30x on GRCh38,1KG_ONT_VIENNA,1000 Genomes phase 3 release
HG03160	M	SAME1839192	ESN	Esan	AFR	African Ancestry	ESN	1000 Genomes on GRCh38,1000 Genomes 30x on GRCh38,MAGE RNA-seq,1000 Genomes phase 3 release
HG03162	F	SAME1839112	ESN	Esan	AFR	African Ancestry	ESN	1000 Genomes on GRCh38,1000 Genomes 30x on GRCh38,1000 Genomes phase 3 release
HG03163	M	SAME1839118	ESN	Esan	AFR	African Ancestry	ESN	1000 Genomes on GRCh38,1000 Genomes 30x on GRCh38,1KG_ONT_VIENNA,1000 Genomes phase 3 release
HG03166	M	SAME1839127	ESN	Esan	AFR	African Ancestry	ESN	1000 Genomes on GRCh38,1000 Genomes 30x on GRCh38,MAGE RNA-seq,1000 Genomes phase 3 release
HG03168	F	SAME1839143	ESN	Esan	AFR	African Ancestry	ESN	1000 Genomes on GRCh38,1000 Genomes 30x on GRCh38,1000 Genomes phase 3 release
HG03169	M	SAME1839148	ESN	Esan	AFR	African Ancestry	ESN	1000 Genomes on GRCh38,1000 Genomes 30x on GRCh38,1000 Genomes phase 3 release
HG03171	F	SAME1840386	ESN	Esan	AFR	African Ancestry	ESN	1000 Genomes on GRCh38,1KG_ONT_VIENNA,1000 Genomes phase 3 release
HG03172	M	SAME1840392	ESN	Esan	AFR	African Ancestry	ESN	1000 Genomes on GRCh38,1000 Genomes 30x on GRCh38,1KG_ONT_VIENNA,1000 Genomes phase 3 release
HG03175	M	SAME1840407	ESN	Esan	AFR	African Ancestry	ESN	1000 Genomes on GRCh38,1000 Genomes 30x on GRCh38,1000 Genomes phase 3 release
HG03189	F	SAME1840226	ESN	Esan	AFR	African Ancestry	ESN	1000 Genomes on GRCh38,1000 Genomes 30x on GRCh38,1KG_ONT_VIENNA,1000 Genomes phase 3 release
HG03190	M	SAME1839984	ESN	Esan	AFR	African Ancestry	ESN	1000 Genomes on GRCh38,1000 Genomes 30x on GRCh38,1000 Genomes phase 3 release
HG03193	M	SAME1839909	ESN	Esan	AFR	African Ancestry	ESN	1000 Genomes on GRCh38,1000 Genomes 30x on GRCh38,1KG_ONT_VIENNA,1000 Genomes phase 3 release
HG03195	F	SAME1839919	ESN	Esan	AFR	African Ancestry	ESN	1000 Genomes on GRCh38,1000 Genomes 30x on GRCh38,Human Pangenome Reference Consortium, Phase 2,1000 Genomes phase 3 release
HG03196	M	SAME1839921	ESN	Esan	AFR	African Ancestry	ESN	1000 Genomes on GRCh38,1000 Genomes 30x on GRCh38,1000 Genomes phase 3 release
HG03198	F	SAME1839933	ESN	Esan	AFR	African Ancestry	ESN	1000 Genomes on GRCh38,1000 Genomes 30x on GRCh38,1KG_ONT_VIENNA,1000 Genomes phase 3 release
HG03199	M	SAME1839937	ESN	Esan	AFR	African Ancestry	ESN	1000 Genomes on GRCh38,1000 Genomes 30x on GRCh38,1KG_ONT_VIENNA,1000 Genomes phase 3 release
HG03202	M	SAME1839602	ESN	Esan	AFR	African Ancestry	ESN	1000 Genomes on GRCh38,1000 Genomes 30x on GRCh38,1000 Genomes phase 3 release
HG03209	M	SAME1839551	MSL	Mende	AFR	African Ancestry	MSL	1000 Genomes on GRCh38,1000 Genomes 30x on GRCh38,MAGE RNA-seq,Human Pangenome Reference Consortium, Phase 2,1000 Genomes phase 3 release
HG03212	F	SAME1839399	MSL	Mende	AFR	African Ancestry	MSL	1000 Genomes on GRCh38,1000 Genomes 30x on GRCh38,1KG_ONT_VIENNA,1000 Genomes phase 3 release
HG03224	M	SAME1839455	MSL	Mende	AFR	African Ancestry	MSL	1000 Genomes on GRCh38,1000 Genomes 30x on GRCh38,1000 Genomes phase 3 release
HG03225	M	SAME1839460	MSL	Mende	AFR	African Ancestry	MSL	1000 Genomes on GRCh38,1000 Genomes 30x on GRCh38,MAGE RNA-seq,Human Pangenome Reference Consortium, Phase 2,1000 Genomes phase 3 release
HG03228	M	SAME1839232	PJL	Punjabi	SAS	South Asian Ancestry	PJL	1000 Genomes on GRCh38,1000 Genomes 30x on GRCh38,1KG_ONT_VIENNA,1000 Genomes phase 3 release
HG03229	F	SAME1839234	PJL	Punjabi	SAS	South Asian Ancestry	PJL	1000 Genomes on GRCh38,1000 Genomes 30x on GRCh38,1000 Genomes phase 3 release
HG03234	M	SAME1839357	PJL	Punjabi	SAS	South Asian Ancestry	PJL	1000 Genomes on GRCh38,1000 Genomes 30x on GRCh38,1000 Genomes phase 3 release
HG03235	F	SAME1839360	PJL	Punjabi	SAS	South Asian Ancestry	PJL	1000 Genomes on GRCh38,1000 Genomes 30x on GRCh38,MAGE RNA-seq,1000 Genomes phase 3 release
HG03237	M	SAME1839282	PJL	Punjabi	SAS	South Asian Ancestry	PJL	1000 Genomes on GRCh38,1000 Genomes 30x on GRCh38,1000 Genomes phase 3 release
HG03238	F	SAME1839289	PJL	Punjabi	SAS	South Asian Ancestry	PJL	1000 Genomes on GRCh38,1000 Genomes 30x on GRCh38,1KG_ONT_VIENNA,1000 Genomes phase 3 release
HG03239	F	SAME1839295	PJL	Punjabi	SAS	South Asian Ancestry	PJL	1000 Genomes 30x on GRCh38,Human Pangenome Reference Consortium, Phase 2,1000 Genomes phase 3 release
HG03240	M	SAME1839050	GWD	Gambian Mandinka	AFR	African Ancestry	GWD	1000 Genomes on GRCh38,1000 Genomes 30x on GRCh38,1KG_ONT_VIENNA,1000 Genomes phase 3 release,Gambian Genome Variation Project (GRCh38)
HG03241	F	SAME1839053	GWD	Gambian Mandinka	AFR	African Ancestry	GWD	1000 Genomes on GRCh38,1000 Genomes 30x on GRCh38,1KG_ONT_VIENNA,1000 Genomes phase 3 release,Gambian Genome Variation Project (GRCh38)
HG03246	M	SAME1839168	GWD	Gambian Mandinka	AFR	African Ancestry	GWD	1000 Genomes on GRCh38,1000 Genomes 30x on GRCh38,1000 Genomes phase 3 release,Gambian Genome Variation Project (GRCh38)
HG03247	F	SAME1839174	GWD	Gambian Mandinka	AFR	African Ancestry	GWD	1000 Genomes on GRCh38,1000 Genomes 30x on GRCh38,1KG_ONT_VIENNA,MAGE RNA-seq,1000 Genomes phase 3 release,Gambian Genome Variation Project (GRCh38)
HG03258	M	SAME1840296	GWD	Gambian Mandinka	AFR	African Ancestry	GWD	1000 Genomes on GRCh38,1000 Genomes 30x on GRCh38,1KG_ONT_VIENNA,1000 Genomes phase 3 release,Gambian Genome Variation Project (GRCh38)
HG03259	F	SAME1840303	GWD	Gambian Mandinka	AFR	African Ancestry	GWD	1000 Genomes on GRCh38,1000 Genomes 30x on GRCh38,1000 Genomes phase 3 release,Gambian Genome Variation Project (GRCh38)
HG03265	M	SAME1840167	ESN	Esan	AFR	African Ancestry	ESN	1000 Genomes on GRCh38,1000 Genomes 30x on GRCh38,1KG_ONT_VIENNA,1000 Genomes phase 3 release
HG03267	F	SAME1840088	ESN	Esan	AFR	African Ancestry	ESN	1000 Genomes on GRCh38,1000 Genomes 30x on GRCh38,1000 Genomes phase 3 release
HG03268	M	SAME1840093	ESN	Esan	AFR	African Ancestry	ESN	1000 Genomes on GRCh38,1000 Genomes 30x on GRCh38,MAGE RNA-seq,1000 Genomes phase 3 release
HG03270	F	SAME1840194	ESN	Esan	AFR	African Ancestry	ESN	1000 Genomes on GRCh38,1000 Genomes 30x on GRCh38,Human Pangenome Reference Consortium, Phase 2,1000 Genomes phase 3 release
HG03271	M	SAME1840195	ESN	Esan	AFR	African Ancestry	ESN	1000 Genomes on GRCh38,1000 Genomes 30x on GRCh38,MAGE RNA-seq,1000 Genomes phase 3 release
HG03279	F	SAME1839972	ESN	Esan	AFR	African Ancestry	ESN	1000 Genomes on GRCh38,1000 Genomes 30x on GRCh38,MAGE RNA-seq,1000 Genomes phase 3 release
HG03280	M	SAME1840083	ESN	Esan	AFR	African Ancestry	ESN	1000 Genomes on GRCh38,1000 Genomes 30x on GRCh38,1000 Genomes phase 3 release
HG03291	F	SAME1839861	ESN	Esan	AFR	African Ancestry	ESN	1000 Genomes on GRCh38,1000 Genomes 30x on GRCh38,1000 Genomes phase 3 release
HG03294	F	SAME1839877	ESN	Esan	AFR	African Ancestry	ESN	1000 Genomes on GRCh38,1000 Genomes 30x on GRCh38,MAGE RNA-seq,1000 Genomes phase 3 release
HG03295	M	SAME1839881	ESN	Esan	AFR	African Ancestry	ESN	1000 Genomes on GRCh38,1000 Genomes 30x on GRCh38,1000 Genomes phase 3 release
HG03297	F	SAME1839900	ESN	Esan	AFR	African Ancestry	ESN	1000 Genomes on GRCh38,1000 Genomes 30x on GRCh38,1000 Genomes phase 3 release
HG03298	M	SAME1839903	ESN	Esan	AFR	African Ancestry	ESN	1000 Genomes on GRCh38,1000 Genomes 30x on GRCh38,1000 Genomes phase 3 release
HG03300	F	SAME1839467	ESN	Esan	AFR	African Ancestry	ESN	1000 Genomes on GRCh38,1000 Genomes 30x on GRCh38,1KG_ONT_VIENNA,1000 Genomes phase 3 release
HG03301	M	SAME1839472	ESN	Esan	AFR	African Ancestry	ESN	1000 Genomes on GRCh38,1000 Genomes 30x on GRCh38,1KG_ONT_VIENNA,MAGE RNA-seq,1000 Genomes phase 3 release
HG03303	F	SAME1839485	ESN	Esan	AFR	African Ancestry	ESN	1000 Genomes on GRCh38,1000 Genomes 30x on GRCh38,1KG_ONT_VIENNA,1000 Genomes phase 3 release
HG03304	M	SAME1839490	ESN	Esan	AFR	African Ancestry	ESN	1000 Genomes on GRCh38,1000 Genomes 30x on GRCh38,1000 Genomes phase 3 release
HG03311	M	SAME1839206	ESN	Esan	AFR	African Ancestry	ESN	1000 Genomes on GRCh38,1000 Genomes 30x on GRCh38,1KG_ONT_VIENNA,MAGE RNA-seq,1000 Genomes phase 3 release
HG03313	M	SAME1839213	ESN	Esan	AFR	African Ancestry	ESN	1000 Genomes on GRCh38,1000 Genomes 30x on GRCh38,MAGE RNA-seq,1000 Genomes phase 3 release
HG03342	F	SAME1840350	ESN	Esan	AFR	African Ancestry	ESN	1000 Genomes on GRCh38,1000 Genomes 30x on GRCh38,1KG_ONT_VIENNA,1000 Genomes phase 3 release
HG03343	M	SAME1840354	ESN	Esan	AFR	African Ancestry	ESN	1000 Genomes on GRCh38,1000 Genomes 30x on GRCh38,Human Pangenome Reference Consortium, Phase 2,1000 Genomes phase 3 release
HG03351	F	SAME1840231	ESN	Esan	AFR	African Ancestry	ESN	1000 Genomes on GRCh38,1000 Genomes 30x on GRCh38,1000 Genomes phase 3 release
HG03352	M	SAME1840243	ESN	Esan	AFR	African Ancestry	ESN	1000 Genomes on GRCh38,1000 Genomes 30x on GRCh38,1000 Genomes phase 3 release
HG03354	F	SAME1840249	ESN	Esan	AFR	African Ancestry	ESN	1000 Genomes on GRCh38,1000 Genomes 30x on GRCh38,1000 Genomes phase 3 release
HG03363	F	SAME1839957	ESN	Esan	AFR	African Ancestry	ESN	1000 Genomes on GRCh38,1000 Genomes 30x on GRCh38,1000 Genomes phase 3 release
HG03366	F	SAME1840066	ESN	Esan	AFR	African Ancestry	ESN	1000 Genomes on GRCh38,1000 Genomes 30x on GRCh38,1000 Genomes phase 3 release
HG03367	M	SAME1840068	ESN	Esan	AFR	African Ancestry	ESN	1000 Genomes on GRCh38,1000 Genomes 30x on GRCh38,1000 Genomes phase 3 release
HG03369	F	SAME1840078	ESN	Esan	AFR	African Ancestry	ESN	1000 Genomes on GRCh38,1000 Genomes 30x on GRCh38,Human Pangenome Reference Consortium, Phase 2,1000 Genomes phase 3 release
HG03370	M	SAME1839800	ESN	Esan	AFR	African Ancestry	ESN	1000 Genomes on GRCh38,1000 Genomes 30x on GRCh38,1000 Genomes phase 3 release
HG03372	F	SAME1839716	ESN	Esan	AFR	African Ancestry	ESN	1000 Genomes on GRCh38,1000 Genomes 30x on GRCh38,1KG_ONT_VIENNA,MAGE RNA-seq,Human Pangenome Reference Consortium, Phase 2,1000 Genomes phase 3 release
HG03376	M	SAME1839736	MSL	Mende	AFR	African Ancestry	MSL	1000 Genomes on GRCh38,1000 Genomes 30x on GRCh38,1000 Genomes phase 3 release
HG03378	F	SAME1839743	MSL	Mende	AFR	African Ancestry	MSL	1000 Genomes on GRCh38,1000 Genomes 30x on GRCh38,1000 Genomes phase 3 release
HG03380	F	SAME1839569	MSL	Mende	AFR	African Ancestry	MSL	1000 Genomes on GRCh38,1000 Genomes 30x on GRCh38,MAGE RNA-seq,1000 Genomes phase 3 release
HG03382	M	SAME1839580	MSL	Mende	AFR	African Ancestry	MSL	1000 Genomes on GRCh38,1000 Genomes 30x on GRCh38,MAGE RNA-seq,1000 Genomes phase 3 release
HG03385	M	SAME1839594	MSL	Mende	AFR	African Ancestry	MSL	1000 Genomes on GRCh38,1000 Genomes 30x on GRCh38,1000 Genomes phase 3 release
HG03388	M	SAME1839524	MSL	Mende	AFR	African Ancestry	MSL	1000 Genomes on GRCh38,1000 Genomes 30x on GRCh38,1KG_ONT_VIENNA,Human Pangenome Reference Consortium, Phase 2,1000 Genomes phase 3 release
HG03391	M	SAME1839636	MSL	Mende	AFR	African Ancestry	MSL	1000 Genomes on GRCh38,1000 Genomes 30x on GRCh38,1KG_ONT_VIENNA,1000 Genomes phase 3 release
HG03394	M	SAME1839648	MSL	Mende	AFR	African Ancestry	MSL	1000 Genomes on GRCh38,1000 Genomes 30x on GRCh38,1KG_ONT_VIENNA,1000 Genomes phase 3 release
HG03397	M	SAME1839400	MSL	Mende	AFR	African Ancestry	MSL	1000 Genomes on GRCh38,1000 Genomes 30x on GRCh38,1KG_ONT_VIENNA,MAGE RNA-seq,1000 Genomes phase 3 release
HG03401	F	SAME1839299	MSL	Mende	AFR	African Ancestry	MSL	1000 Genomes on GRCh38,1000 Genomes 30x on GRCh38,MAGE RNA-seq,1000 Genomes phase 3 release
HG03410	F	SAME1839182	MSL	Mende	AFR	African Ancestry	MSL	1000 Genomes on GRCh38,1000 Genomes 30x on GRCh38,1KG_ONT_VIENNA,1000 Genomes phase 3 release
HG03419	F	SAME1839130	MSL	Mende	AFR	African Ancestry	MSL	1000 Genomes on GRCh38,1000 Genomes 30x on GRCh38,MAGE RNA-seq,1000 Genomes phase 3 release
HG03428	F	SAME1840409	MSL	Mende	AFR	African Ancestry	MSL	1000 Genomes on GRCh38,1000 Genomes 30x on GRCh38,1000 Genomes phase 3 release
HG03432	M	SAME1840107	MSL	Mende	AFR	African Ancestry	MSL	1000 Genomes on GRCh38,1000 Genomes 30x on GRCh38,1000 Genomes phase 3 release
HG03433	M	SAME1840110	MSL	Mende	AFR	African Ancestry	MSL	1000 Genomes on GRCh38,1000 Genomes 30x on GRCh38,1000 Genomes phase 3 release
HG03436	M	SAME1840120	MSL	Mende	AFR	African Ancestry	MSL	1000 Genomes on GRCh38,1000 Genomes 30x on GRCh38,1000 Genomes phase 3 release
HG03437	F	SAME1840123	MSL	Mende	AFR	African Ancestry	MSL	1000 Genomes on GRCh38,1000 Genomes 30x on GRCh38,1KG_ONT_VIENNA,1000 Genomes phase 3 release
HG03439	M	SAME1840213	MSL	Mende	AFR	African Ancestry	MSL	1000 Genomes on GRCh38,1000 Genomes 30x on GRCh38,1KG_ONT_VIENNA,1000 Genomes phase 3 release
HG03442	M	SAME1839979	MSL	Mende	AFR	African Ancestry	MSL	1000 Genomes on GRCh38,1000 Genomes 30x on GRCh38,1KG_ONT_VIENNA,1000 Genomes phase 3 release
HG03445	M	SAME1839996	MSL	Mende	AFR	African Ancestry	MSL	1000 Genomes on GRCh38,1000 Genomes 30x on GRCh38,MAGE RNA-seq,Human Pangenome Reference Consortium, Phase 2,1000 Genomes phase 3 release
HG03446	F	SAME1839911	MSL	Mende	AFR	African Ancestry	MSL	1000 Genomes on GRCh38,1000 Genomes 30x on GRCh38,MAGE RNA-seq,1000 Genomes phase 3 release
HG03449	F	SAME1839923	MSL	Mende	AFR	African Ancestry	MSL	1000 Genomes on GRCh38,1000 Genomes 30x on GRCh38,1KG_ONT_VIENNA,1000 Genomes phase 3 release
HG03451	M	SAME1840043	MSL	Mende	AFR	African Ancestry	MSL	1000 Genomes on GRCh38,1000 Genomes 30x on GRCh38,1000 Genomes phase 3 release
HG03452	F	SAME1840046	MSL	Mende	AFR	African Ancestry	MSL	1000 Genomes on GRCh38,1000 Genomes 30x on GRCh38,Human Genome Structural Variation Consortium, Phase 3,1000 Genomes phase 3 release
HG03455	F	SAME1839766	MSL	Mende	AFR	African Ancestry	MSL	1000 Genomes on GRCh38,1000 Genomes 30x on GRCh38,1KG_ONT_VIENNA,1000 Genomes phase 3 release
HG03457	M	SAME1839781	MSL	Mende	AFR	African Ancestry	MSL	1000 Genomes on GRCh38,1000 Genomes 30x on GRCh38,1KG_ONT_VIENNA,Human Pangenome Reference Consortium, Phase 2,1000 Genomes phase 3 release
HG03458	F	SAME1839786	MSL	Mende	AFR	African Ancestry	MSL	1000 Genomes on GRCh38,1000 Genomes 30x on GRCh38,Human Pangenome Reference Consortium, Phase 2,1000 Genomes phase 3 release
HG03460	M	SAME1839908	MSL	Mende	AFR	African Ancestry	MSL	1000 Genomes on GRCh38,1000 Genomes 30x on GRCh38,MAGE RNA-seq,1000 Genomes phase 3 release
HG03461	F	SAME1839808	MSL	Mende	AFR	African Ancestry	MSL	1000 Genomes on GRCh38,1000 Genomes 30x on GRCh38,1KG_ONT_VIENNA,MAGE RNA-seq,1000 Genomes phase 3 release
HG03464	F	SAME1839827	MSL	Mende	AFR	African Ancestry	MSL	1000 Genomes on GRCh38,1000 Genomes 30x on GRCh38,1000 Genomes phase 3 release
HG03469	M	SAME1839850	MSL	Mende	AFR	African Ancestry	MSL	1000 Genomes on GRCh38,1000 Genomes 30x on GRCh38,1000 Genomes phase 3 release
HG03470	F	SAME1839670	MSL	Mende	AFR	African Ancestry	MSL	1000 Genomes on GRCh38,1000 Genomes 30x on GRCh38,1KG_ONT_VIENNA,Human Pangenome Reference Consortium, Phase 2,1000 Genomes phase 3 release
HG03472	M	SAME1839678	MSL	Mende	AFR	African Ancestry	MSL	1000 Genomes on GRCh38,1000 Genomes 30x on GRCh38,1000 Genomes phase 3 release
HG03473	F	SAME1839687	MSL	Mende	AFR	African Ancestry	MSL	1000 Genomes on GRCh38,1000 Genomes 30x on GRCh38,1KG_ONT_VIENNA,1000 Genomes phase 3 release
HG03476	F	SAME1839702	MSL	Mende	AFR	African Ancestry	MSL	1000 Genomes on GRCh38,1000 Genomes 30x on GRCh38,1KG_ONT_VIENNA,1000 Genomes phase 3 release
HG03478	M	SAME1839618	MSL	Mende	AFR	African Ancestry	MSL	1000 Genomes on GRCh38,1000 Genomes 30x on GRCh38,MAGE RNA-seq,1000 Genomes phase 3 release
HG03479	F	SAME1839623	MSL	Mende	AFR	African Ancestry	MSL	1000 Genomes on GRCh38,1000 Genomes 30x on GRCh38,1000 Genomes phase 3 release
HG03484	M	SAME1839393	MSL	Mende	AFR	African Ancestry	MSL	1000 Genomes on GRCh38,1000 Genomes 30x on GRCh38,1KG_ONT_VIENNA,1000 Genomes phase 3 release
HG03485	F	SAME1839469	MSL	Mende	AFR	African Ancestry	MSL	1000 Genomes on GRCh38,1000 Genomes 30x on GRCh38,1KG_ONT_VIENNA,MAGE RNA-seq,1000 Genomes phase 3 release
HG03486	F	SAME1839474	MSL	Mende	AFR	African Ancestry	MSL	1000 Genomes 30x on GRCh38,Human Genome Structural Variation Consortium, Phase 2,Human Pangenome Reference Consortium, Phase 2,1000 Genomes phase 3 release
HG03488	F	SAME1839486	PJL	Punjabi	SAS	South Asian Ancestry	PJL	1000 Genomes on GRCh38,1000 Genomes 30x on GRCh38,1000 Genomes phase 3 release
HG03490	M	SAME1839259	PJL	Punjabi	SAS	South Asian Ancestry	PJL	1000 Genomes on GRCh38,1000 Genomes 30x on GRCh38,1000 Genomes phase 3 release
HG03491	F	SAME1839264	PJL	Punjabi	SAS	South Asian Ancestry	PJL	1000 Genomes on GRCh38,1000 Genomes 30x on GRCh38,MAGE RNA-seq,1000 Genomes phase 3 release
HG03492	M	SAME1839196	PJL	Punjabi	SAS	South Asian Ancestry	PJL	1000 Genomes 30x on GRCh38,Human Pangenome Reference Consortium, Phase 2,1000 Genomes phase 3 release
HG03499	F	SAME1839219	ESN	Esan	AFR	African Ancestry	ESN	1000 Genomes on GRCh38,1000 Genomes 30x on GRCh38,1KG_ONT_VIENNA,MAGE RNA-seq,1000 Genomes phase 3 release
HG03511	F	SAME1840131	ESN	Esan	AFR	African Ancestry	ESN	1000 Genomes on GRCh38,1000 Genomes 30x on GRCh38,1KG_ONT_VIENNA,1000 Genomes phase 3 release
HG03514	F	SAME1840150	ESN	Esan	AFR	African Ancestry	ESN	1000 Genomes on GRCh38,1000 Genomes 30x on GRCh38,MAGE RNA-seq,1000 Genomes phase 3 release
HG03515	M	SAME1840154	ESN	Esan	AFR	African Ancestry	ESN	1000 Genomes on GRCh38,1000 Genomes 30x on GRCh38,1000 Genomes phase 3 release
HG03517	F	SAME1840163	ESN	Esan	AFR	African Ancestry	ESN	1000 Genomes on GRCh38,1000 Genomes 30x on GRCh38,1KG_ONT_VIENNA,1000 Genomes phase 3 release
HG03518	M	SAME1840169	ESN	Esan	AFR	African Ancestry	ESN	1000 Genomes on GRCh38,1000 Genomes 30x on GRCh38,1KG_ONT_VIENNA,1000 Genomes phase 3 release
HG03520	F	SAME1840186	ESN	Esan	AFR	African Ancestry	ESN	1000 Genomes on GRCh38,1000 Genomes 30x on GRCh38,Human Genome Structural Variation Consortium, Phase 3,MAGE RNA-seq,1000 Genomes phase 3 release
HG03521	M	SAME1840190	ESN	Esan	AFR	African Ancestry	ESN	1000 Genomes on GRCh38,1000 Genomes 30x on GRCh38,1KG_ONT_VIENNA,MAGE RNA-seq,Human Pangenome Reference Consortium, Phase 2,1000 Genomes phase 3 release
HG03538	M	SAME1840007	GWD	Gambian Mandinka	AFR	African Ancestry	GWD	1000 Genomes on GRCh38,1000 Genomes 30x on GRCh38,1000 Genomes phase 3 release,Gambian Genome Variation Project (GRCh38)
HG03539	F	SAME1840014	GWD	Gambian Mandinka	AFR	African Ancestry	GWD	1000 Genomes on GRCh38,1000 Genomes 30x on GRCh38,1KG_ONT_VIENNA,1000 Genomes phase 3 release,Gambian Genome Variation Project (GRCh38)
HG03547	M	SAME1839878	MSL	Mende	AFR	African Ancestry	MSL	1000 Genomes on GRCh38,1000 Genomes 30x on GRCh38,1000 Genomes phase 3 release
HG03548	F	SAME1839883	MSL	Mende	AFR	African Ancestry	MSL	1000 Genomes on GRCh38,1000 Genomes 30x on GRCh38,1KG_ONT_VIENNA,MAGE RNA-seq,1000 Genomes phase 3 release
HG03556	M	SAME1839553	MSL	Mende	AFR	African Ancestry	MSL	1000 Genomes on GRCh38,1000 Genomes 30x on GRCh38,MAGE RNA-seq,1000 Genomes phase 3 release
HG03557	F	SAME1839556	MSL	Mende	AFR	African Ancestry	MSL	1000 Genomes on GRCh38,1000 Genomes 30x on GRCh38,MAGE RNA-seq,1000 Genomes phase 3 release
HG03558	F	SAME1839561	MSL	Mende	AFR	African Ancestry	MSL	1000 Genomes on GRCh38,1000 Genomes 30x on GRCh38,MAGE RNA-seq,1000 Genomes phase 3 release
HG03559	M	SAME1839654	MSL	Mende	AFR	African Ancestry	MSL	1000 Genomes on GRCh38,1000 Genomes 30x on GRCh38,1000 Genomes phase 3 release
HG03563	F	SAME1839421	MSL	Mende	AFR	African Ancestry	MSL	1000 Genomes on GRCh38,1000 Genomes 30x on GRCh38,MAGE RNA-seq,1000 Genomes phase 3 release
HG03565	M	SAME1839430	MSL	Mende	AFR	African Ancestry	MSL	1000 Genomes on GRCh38,1000 Genomes 30x on GRCh38,1000 Genomes phase 3 release
HG03567	F	SAME1839364	MSL	Mende	AFR	African Ancestry	MSL	1000 Genomes on GRCh38,1000 Genomes 30x on GRCh38,1000 Genomes phase 3 release
HG03571	M	SAME1839458	MSL	Mende	AFR	African Ancestry	MSL	1000 Genomes on GRCh38,1000 Genomes 30x on GRCh38,1000 Genomes phase 3 release
HG03572	F	SAME1839463	MSL	Mende	AFR	African Ancestry	MSL	1000 Genomes on GRCh38,1000 Genomes 30x on GRCh38,1000 Genomes phase 3 release
HG03575	F	SAME1839236	MSL	Mende	AFR	African Ancestry	MSL	1000 Genomes on GRCh38,1000 Genomes 30x on GRCh38,1000 Genomes phase 3 release
HG03577	M	SAME1839242	MSL	Mende	AFR	African Ancestry	MSL	1000 Genomes on GRCh38,1000 Genomes 30x on GRCh38,1KG_ONT_VIENNA,1000 Genomes phase 3 release
HG03578	F	SAME1839245	MSL	Mende	AFR	African Ancestry	MSL	1000 Genomes on GRCh38,1000 Genomes 30x on GRCh38,MAGE RNA-seq,1000 Genomes phase 3 release
HG03582	M	SAME1839271	MSL	Mende	AFR	African Ancestry	MSL	1000 Genomes on GRCh38,1000 Genomes 30x on GRCh38,1KG_ONT_VIENNA,1000 Genomes phase 3 release
HG03583	F	SAME1839283	MSL	Mende	AFR	African Ancestry	MSL	1000 Genomes on GRCh38,1000 Genomes 30x on GRCh38,Human Pangenome Reference Consortium, Phase 2,1000 Genomes phase 3 release
HG03584	F	SAME1839290	MSL	Mende	AFR	African Ancestry	MSL	1000 Genomes 30x on GRCh38,1000 Genomes phase 3 release
HG03585	M	SAME1839293	BEB	Bengali	SAS	South Asian Ancestry	BEB	1000 Genomes on GRCh38,1000 Genomes 30x on GRCh38,MAGE RNA-seq,1000 Genomes phase 3 release
HG03589	F	SAME1839311	BEB	Bengali	SAS	South Asian Ancestry	BEB	1000 Genomes on GRCh38,1000 Genomes 30x on GRCh38,MAGE RNA-seq,1000 Genomes phase 3 release
HG03593	M	SAME1839171	BEB	Bengali	SAS	South Asian Ancestry	BEB	1000 Genomes on GRCh38,1000 Genomes 30x on GRCh38,1KG_ONT_VIENNA,MAGE RNA-seq,1000 Genomes phase 3 release
HG03594	M	SAME1839181	BEB	Bengali	SAS	South Asian Ancestry	BEB	1000 Genomes on GRCh38,1000 Genomes 30x on GRCh38,MAGE RNA-seq,1000 Genomes phase 3 release
HG03595	F	SAME1839185	BEB	Bengali	SAS	South Asian Ancestry	BEB	1000 Genomes on GRCh38,1000 Genomes 30x on GRCh38,1KG_ONT_VIENNA,MAGE RNA-seq,1000 Genomes phase 3 release
HG03598	F	SAME1839194	BEB	Bengali	SAS	South Asian Ancestry	BEB	1000 Genomes on GRCh38,1000 Genomes 30x on GRCh38,1KG_ONT_VIENNA,MAGE RNA-seq,1000 Genomes phase 3 release
HG03600	M	SAME1840215	BEB	Bengali	SAS	South Asian Ancestry	BEB	1000 Genomes on GRCh38,1000 Genomes 30x on GRCh38,1KG_ONT_VIENNA,1000 Genomes phase 3 release
HG03603	M	SAME1840229	BEB	Bengali	SAS	South Asian Ancestry	BEB	1000 Genomes on GRCh38,1000 Genomes 30x on GRCh38,1000 Genomes phase 3 release
HG03604	F	SAME1840236	BEB	Bengali	SAS	South Asian Ancestry	BEB	1000 Genomes on GRCh38,1000 Genomes 30x on GRCh38,1KG_ONT_VIENNA,MAGE RNA-seq,1000 Genomes phase 3 release
HG03606	M	SAME1840248	BEB	Bengali	SAS	South Asian Ancestry	BEB	1000 Genomes on GRCh38,1000 Genomes 30x on GRCh38,1000 Genomes phase 3 release
HG03607	F	SAME1840254	BEB	Bengali	SAS	South Asian Ancestry	BEB	1000 Genomes on GRCh38,1000 Genomes 30x on GRCh38,1KG_ONT_VIENNA,1000 Genomes phase 3 release
HG03611	F	SAME1839929	BEB	Bengali	SAS	South Asian Ancestry	BEB	1000 Genomes on GRCh38,1000 Genomes 30x on GRCh38,Human Pangenome Reference Consortium, Phase 2,1000 Genomes phase 3 release
HG03615	M	SAME1839951	BEB	Bengali	SAS	South Asian Ancestry	BEB	1000 Genomes on GRCh38,1000 Genomes 30x on GRCh38,1000 Genomes phase 3 release
HG03616	F	SAME1839955	BEB	Bengali	SAS	South Asian Ancestry	BEB	1000 Genomes on GRCh38,1000 Genomes 30x on GRCh38,MAGE RNA-seq,1000 Genomes phase 3 release
HG03619	F	SAME1840064	PJL	Punjabi	SAS	South Asian Ancestry	PJL	1000 Genomes on GRCh38,1000 Genomes 30x on GRCh38,1000 Genomes phase 3 release
HG03624	M	SAME1839709	PJL	Punjabi	SAS	South Asian Ancestry	PJL	1000 Genomes on GRCh38,1000 Genomes 30x on GRCh38,1000 Genomes phase 3 release
HG03625	F	SAME1839719	PJL	Punjabi	SAS	South Asian Ancestry	PJL	1000 Genomes on GRCh38,1000 Genomes 30x on GRCh38,1000 Genomes phase 3 release
HG03629	M	SAME1839738	PJL	Punjabi	SAS	South Asian Ancestry	PJL	1000 Genomes on GRCh38,1000 Genomes 30x on GRCh38,1000 Genomes phase 3 release
HG03631	F	SAME1839855	PJL	Punjabi	SAS	South Asian Ancestry	PJL	1000 Genomes on GRCh38,1000 Genomes 30x on GRCh38,MAGE RNA-seq,1000 Genomes phase 3 release
HG03633	M	SAME1839571	PJL	Punjabi	SAS	South Asian Ancestry	PJL	1000 Genomes on GRCh38,1000 Genomes 30x on GRCh38,1KG_ONT_VIENNA,1000 Genomes phase 3 release
HG03634	F	SAME1839575	PJL	Punjabi	SAS	South Asian Ancestry	PJL	1000 Genomes on GRCh38,1000 Genomes 30x on GRCh38,1000 Genomes phase 3 release
HG03636	M	SAME1839586	PJL	Punjabi	SAS	South Asian Ancestry	PJL	1000 Genomes on GRCh38,1000 Genomes 30x on GRCh38,1000 Genomes phase 3 release
HG03640	F	SAME1839621	PJL	Punjabi	SAS	South Asian Ancestry	PJL	1000 Genomes on GRCh38,1000 Genomes 30x on GRCh38,1KG_ONT_VIENNA,1000 Genomes phase 3 release
HG03642	F	SAME1839627	STU	Tamil	SAS	South Asian Ancestry	STU	1000 Genomes on GRCh38,1000 Genomes 30x on GRCh38,1000 Genomes phase 3 release
HG03643	F	SAME1839633	STU	Tamil	SAS	South Asian Ancestry	STU	1000 Genomes on GRCh38,1000 Genomes 30x on GRCh38,1000 Genomes phase 3 release
HG03644	M	SAME1839638	STU	Tamil	SAS	South Asian Ancestry	STU	1000 Genomes on GRCh38,1000 Genomes 30x on GRCh38,1KG_ONT_VIENNA,1000 Genomes phase 3 release
HG03645	F	SAME1839641	STU	Tamil	SAS	South Asian Ancestry	STU	1000 Genomes on GRCh38,1000 Genomes 30x on GRCh38,1KG_ONT_VIENNA,1000 Genomes phase 3 release
HG03646	M	SAME1839643	STU	Tamil	SAS	South Asian Ancestry	STU	1000 Genomes on GRCh38,1000 Genomes 30x on GRCh38,MAGE RNA-seq,1000 Genomes phase 3 release
HG03649	M	SAME1839396	PJL	Punjabi	SAS	South Asian Ancestry	PJL	1000 Genomes on GRCh38,1000 Genomes 30x on GRCh38,1000 Genomes phase 3 release
HG03652	M	SAME1839505	PJL	Punjabi	SAS	South Asian Ancestry	PJL	1000 Genomes on GRCh38,1000 Genomes 30x on GRCh38,1000 Genomes phase 3 release
HG03653	F	SAME1839508	PJL	Punjabi	SAS	South Asian Ancestry	PJL	1000 Genomes on GRCh38,1000 Genomes 30x on GRCh38,1000 Genomes phase 3 release
HG03660	M	SAME1839218	PJL	Punjabi	SAS	South Asian Ancestry	PJL	1000 Genomes on GRCh38,1000 Genomes 30x on GRCh38,MAGE RNA-seq,1000 Genomes phase 3 release
HG03663	M	SAME1839317	PJL	Punjabi	SAS	South Asian Ancestry	PJL	1000 Genomes on GRCh38,1000 Genomes 30x on GRCh38,1000 Genomes phase 3 release
HG03667	M	SAME1839331	PJL	Punjabi	SAS	South Asian Ancestry	PJL	1000 Genomes on GRCh38,1000 Genomes 30x on GRCh38,MAGE RNA-seq,1000 Genomes phase 3 release
HG03668	F	SAME1839338	PJL	Punjabi	SAS	South Asian Ancestry	PJL	1000 Genomes on GRCh38,1000 Genomes 30x on GRCh38,MAGE RNA-seq,1000 Genomes phase 3 release
HG03672	M	SAME1839020	STU	Tamil	SAS	South Asian Ancestry	STU	1000 Genomes on GRCh38,1000 Genomes 30x on GRCh38,1KG_ONT_VIENNA,Human Pangenome Reference Consortium, Phase 2,1000 Genomes phase 3 release
HG03673	F	SAME1839030	STU	Tamil	SAS	South Asian Ancestry	STU	1000 Genomes on GRCh38,1000 Genomes 30x on GRCh38,1KG_ONT_VIENNA,MAGE RNA-seq,1000 Genomes phase 3 release
HG03679	M	SAME1839055	STU	Tamil	SAS	South Asian Ancestry	STU	1000 Genomes on GRCh38,1000 Genomes 30x on GRCh38,1000 Genomes phase 3 release
HG03680	M	SAME1840311	STU	Tamil	SAS	South Asian Ancestry	STU	1000 Genomes on GRCh38,1000 Genomes 30x on GRCh38,1000 Genomes phase 3 release
HG03681	M	SAME1840321	STU	Tamil	SAS	South Asian Ancestry	STU	1000 Genomes on GRCh38,1000 Genomes 30x on GRCh38,1KG_ONT_VIENNA,1000 Genomes phase 3 release
HG03684	F	SAME1840329	STU	Tamil	SAS	South Asian Ancestry	STU	1000 Genomes on GRCh38,1000 Genomes 30x on GRCh38,1000 Genomes phase 3 release
HG03685	M	SAME1840333	STU	Tamil	SAS	South Asian Ancestry	STU	1000 Genomes on GRCh38,1000 Genomes 30x on GRCh38,1000 Genomes phase 3 release
HG03686	M	SAME1840335	STU	Tamil	SAS	South Asian Ancestry	STU	1000 Genomes on GRCh38,1000 Genomes 30x on GRCh38,1KG_ONT_VIENNA,1000 Genomes phase 3 release
HG03687	M	SAME1840337	STU	Tamil	SAS	South Asian Ancestry	STU	1000 Genomes on GRCh38,1000 Genomes 30x on GRCh38,1KG_ONT_VIENNA,1000 Genomes phase 3 release
HG03689	F	SAME1840268	STU	Tamil	SAS	South Asian Ancestry	STU	1000 Genomes on GRCh38,1000 Genomes 30x on GRCh38,1KG_ONT_VIENNA,1000 Genomes phase 3 release
HG03690	F	SAME1840365	STU	Tamil	SAS	South Asian Ancestry	STU	1000 Genomes on GRCh38,1000 Genomes 30x on GRCh38,1KG_ONT_VIENNA,1000 Genomes phase 3 release
HG03691	M	SAME1840366	STU	Tamil	SAS	South Asian Ancestry	STU	1000 Genomes on GRCh38,1000 Genomes 30x on GRCh38,1000 Genomes phase 3 release
HG03692	F	SAME1840371	STU	Tamil	SAS	South Asian Ancestry	STU	1000 Genomes on GRCh38,1000 Genomes 30x on GRCh38,MAGE RNA-seq,1000 Genomes phase 3 release
HG03693	M	SAME1840372	STU	Tamil	SAS	South Asian Ancestry	STU	1000 Genomes on GRCh38,1000 Genomes 30x on GRCh38,1000 Genomes phase 3 release
HG03694	M	SAME1840375	STU	Tamil	SAS	South Asian Ancestry	STU	1000 Genomes on GRCh38,1000 Genomes 30x on GRCh38,1000 Genomes phase 3 release
HG03695	M	SAME1840128	STU	Tamil	SAS	South Asian Ancestry	STU	1000 Genomes on GRCh38,1000 Genomes 30x on GRCh38,1KG_ONT_VIENNA,MAGE RNA-seq,1000 Genomes phase 3 release
HG03696	M	SAME1840135	STU	Tamil	SAS	South Asian Ancestry	STU	1000 Genomes on GRCh38,1000 Genomes 30x on GRCh38,MAGE RNA-seq,1000 Genomes phase 3 release
HG03697	M	SAME1840137	STU	Tamil	SAS	South Asian Ancestry	STU	1000 Genomes on GRCh38,1000 Genomes 30x on GRCh38,1KG_ONT_VIENNA,MAGE RNA-seq,1000 Genomes phase 3 release
HG03698	F	SAME1840145	STU	Tamil	SAS	South Asian Ancestry	STU	1000 Genomes on GRCh38,1000 Genomes 30x on GRCh38,1000 Genomes phase 3 release
HG03702	M	SAME1840029	PJL	Punjabi	SAS	South Asian Ancestry	PJL	1000 Genomes on GRCh38,1000 Genomes 30x on GRCh38,1000 Genomes phase 3 release
HG03703	F	SAME1840032	PJL	Punjabi	SAS	South Asian Ancestry	PJL	1000 Genomes on GRCh38,1000 Genomes 30x on GRCh38,1KG_ONT_VIENNA,1000 Genomes phase 3 release
HG03705	M	SAME1840051	PJL	Punjabi	SAS	South Asian Ancestry	PJL	1000 Genomes on GRCh38,1000 Genomes 30x on GRCh38,1KG_ONT_VIENNA,1000 Genomes phase 3 release
HG03706	F	SAME1839758	PJL	Punjabi	SAS	South Asian Ancestry	PJL	1000 Genomes on GRCh38,1000 Genomes 30x on GRCh38,1000 Genomes phase 3 release
HG03708	M	SAME1839773	PJL	Punjabi	SAS	South Asian Ancestry	PJL	1000 Genomes on GRCh38,1000 Genomes 30x on GRCh38,1KG_ONT_VIENNA,1000 Genomes phase 3 release
HG03709	F	SAME1839780	PJL	Punjabi	SAS	South Asian Ancestry	PJL	1000 Genomes on GRCh38,1000 Genomes 30x on GRCh38,1KG_ONT_VIENNA,MAGE RNA-seq,1000 Genomes phase 3 release
HG03711	M	SAME1839894	STU	Tamil	SAS	South Asian Ancestry	STU	1000 Genomes on GRCh38,1000 Genomes 30x on GRCh38,1KG_ONT_VIENNA,MAGE RNA-seq,1000 Genomes phase 3 release
HG03713	M	SAME1839807	ITU	Telugu	SAS	South Asian Ancestry	ITU	1000 Genomes on GRCh38,1000 Genomes 30x on GRCh38,1000 Genomes phase 3 release
HG03714	F	SAME1839809	ITU	Telugu	SAS	South Asian Ancestry	ITU	1000 Genomes on GRCh38,1000 Genomes 30x on GRCh38,1KG_ONT_VIENNA,MAGE RNA-seq,1000 Genomes phase 3 release
HG03715	M	SAME1839815	ITU	Telugu	SAS	South Asian Ancestry	ITU	1000 Genomes on GRCh38,1000 Genomes phase 3 release
HG03716	M	SAME1839825	ITU	Telugu	SAS	South Asian Ancestry	ITU	1000 Genomes on GRCh38,1000 Genomes 30x on GRCh38,1000 Genomes phase 3 release
HG03717	F	SAME1839831	ITU	Telugu	SAS	South Asian Ancestry	ITU	1000 Genomes on GRCh38,1000 Genomes 30x on GRCh38,MAGE RNA-seq,1000 Genomes phase 3 release
HG03718	M	SAME1839834	ITU	Telugu	SAS	South Asian Ancestry	ITU	1000 Genomes on GRCh38,1000 Genomes 30x on GRCh38,1000 Genomes phase 3 release
HG03720	M	SAME1839562	ITU	Telugu	SAS	South Asian Ancestry	ITU	1000 Genomes on GRCh38,1000 Genomes 30x on GRCh38,1000 Genomes phase 3 release
HG03722	F	SAME1839664	ITU	Telugu	SAS	South Asian Ancestry	ITU	1000 Genomes on GRCh38,1000 Genomes 30x on GRCh38,1KG_ONT_VIENNA,1000 Genomes phase 3 release
HG03727	M	SAME1839695	ITU	Telugu	SAS	South Asian Ancestry	ITU	1000 Genomes on GRCh38,1000 Genomes 30x on GRCh38,1KG_ONT_VIENNA,MAGE RNA-seq,1000 Genomes phase 3 release
HG03729	M	SAME1839701	ITU	Telugu	SAS	South Asian Ancestry	ITU	1000 Genomes on GRCh38,1000 Genomes 30x on GRCh38,1KG_ONT_VIENNA,1000 Genomes phase 3 release
HG03730	F	SAME1839369	ITU	Telugu	SAS	South Asian Ancestry	ITU	1000 Genomes on GRCh38,1000 Genomes 30x on GRCh38,1KG_ONT_VIENNA,MAGE RNA-seq,1000 Genomes phase 3 release
HG03731	F	SAME1839372	ITU	Telugu	SAS	South Asian Ancestry	ITU	1000 Genomes on GRCh38,1000 Genomes 30x on GRCh38,1000 Genomes phase 3 release
HG03733	F	SAME1839382	STU	Tamil	SAS	South Asian Ancestry	STU	1000 Genomes on GRCh38,1000 Genomes 30x on GRCh38,1000 Genomes phase 3 release
HG03736	F	SAME1839389	STU	Tamil	SAS	South Asian Ancestry	STU	1000 Genomes on GRCh38,1000 Genomes 30x on GRCh38,MAGE RNA-seq,1000 Genomes phase 3 release
HG03738	M	SAME1839473	STU	Tamil	SAS	South Asian Ancestry	STU	1000 Genomes on GRCh38,1000 Genomes 30x on GRCh38,MAGE RNA-seq,1000 Genomes phase 3 release
HG03740	M	SAME1839248	STU	Tamil	SAS	South Asian Ancestry	STU	1000 Genomes on GRCh38,1000 Genomes 30x on GRCh38,1KG_ONT_VIENNA,1000 Genomes phase 3 release
HG03741	F	SAME1839251	STU	Tamil	SAS	South Asian Ancestry	STU	1000 Genomes on GRCh38,1000 Genomes 30x on GRCh38,1KG_ONT_VIENNA,MAGE RNA-seq,1000 Genomes phase 3 release
HG03742	M	SAME1839255	ITU	Telugu	SAS	South Asian Ancestry	ITU	1000 Genomes on GRCh38,1000 Genomes 30x on GRCh38,1KG_ONT_VIENNA,Human Pangenome Reference Consortium, Phase 2,1000 Genomes phase 3 release
HG03743	M	SAME1839261	STU	Tamil	SAS	South Asian Ancestry	STU	1000 Genomes on GRCh38,1000 Genomes 30x on GRCh38,MAGE RNA-seq,1000 Genomes phase 3 release
HG03744	M	SAME1839265	STU	Tamil	SAS	South Asian Ancestry	STU	1000 Genomes on GRCh38,1000 Genomes 30x on GRCh38,1000 Genomes phase 3 release
HG03745	M	SAME1839195	STU	Tamil	SAS	South Asian Ancestry	STU	1000 Genomes on GRCh38,1000 Genomes 30x on GRCh38,1000 Genomes phase 3 release
HG03746	M	SAME1839200	STU	Tamil	SAS	South Asian Ancestry	STU	1000 Genomes on GRCh38,1000 Genomes 30x on GRCh38,1KG_ONT_VIENNA,1000 Genomes phase 3 release
HG03750	M	SAME1839309	STU	Tamil	SAS	South Asian Ancestry	STU	1000 Genomes on GRCh38,1000 Genomes 30x on GRCh38,1000 Genomes phase 3 release
HG03752	F	SAME1839314	STU	Tamil	SAS	South Asian Ancestry	STU	1000 Genomes on GRCh38,1000 Genomes 30x on GRCh38,1000 Genomes phase 3 release
HG03753	M	SAME1839062	STU	Tamil	SAS	South Asian Ancestry	STU	1000 Genomes on GRCh38,1000 Genomes 30x on GRCh38,1KG_ONT_VIENNA,1000 Genomes phase 3 release
HG03754	F	SAME1839073	STU	Tamil	SAS	South Asian Ancestry	STU	1000 Genomes on GRCh38,1000 Genomes 30x on GRCh38,1000 Genomes phase 3 release
HG03755	M	SAME1839074	STU	Tamil	SAS	South Asian Ancestry	STU	1000 Genomes on GRCh38,1000 Genomes 30x on GRCh38,1000 Genomes phase 3 release
HG03756	F	SAME1839080	STU	Tamil	SAS	South Asian Ancestry	STU	1000 Genomes on GRCh38,1000 Genomes 30x on GRCh38,1KG_ONT_VIENNA,1000 Genomes phase 3 release
HG03757	F	SAME1839089	STU	Tamil	SAS	South Asian Ancestry	STU	1000 Genomes on GRCh38,1000 Genomes 30x on GRCh38,1000 Genomes phase 3 release
HG03760	F	SAME1839105	STU	Tamil	SAS	South Asian Ancestry	STU	1000 Genomes on GRCh38,1000 Genomes 30x on GRCh38,1KG_ONT_VIENNA,1000 Genomes phase 3 release
HG03762	F	SAME1839119	PJL	Punjabi	SAS	South Asian Ancestry	PJL	1000 Genomes on GRCh38,1000 Genomes 30x on GRCh38,1000 Genomes phase 3 release
HG03765	F	SAME1839131	PJL	Punjabi	SAS	South Asian Ancestry	PJL	1000 Genomes on GRCh38,1000 Genomes 30x on GRCh38,MAGE RNA-seq,1000 Genomes phase 3 release
HG03767	M	SAME1839141	PJL	Punjabi	SAS	South Asian Ancestry	PJL	1000 Genomes on GRCh38,1000 Genomes 30x on GRCh38,1000 Genomes phase 3 release
HG03770	F	SAME1840388	ITU	Telugu	SAS	South Asian Ancestry	ITU	1000 Genomes on GRCh38,1000 Genomes 30x on GRCh38,MAGE RNA-seq,1000 Genomes phase 3 release
HG03771	M	SAME1840393	ITU	Telugu	SAS	South Asian Ancestry	ITU	1000 Genomes on GRCh38,1000 Genomes 30x on GRCh38,1000 Genomes phase 3 release
HG03772	F	SAME1840398	ITU	Telugu	SAS	South Asian Ancestry	ITU	1000 Genomes on GRCh38,1000 Genomes 30x on GRCh38,1000 Genomes phase 3 release
HG03773	M	SAME1840406	ITU	Telugu	SAS	South Asian Ancestry	ITU	1000 Genomes on GRCh38,1000 Genomes 30x on GRCh38,1000 Genomes phase 3 release
HG03774	F	SAME1840408	ITU	Telugu	SAS	South Asian Ancestry	ITU	1000 Genomes on GRCh38,1000 Genomes 30x on GRCh38,1000 Genomes phase 3 release
HG03775	M	SAME1840413	ITU	Telugu	SAS	South Asian Ancestry	ITU	1000 Genomes on GRCh38,1000 Genomes 30x on GRCh38,1000 Genomes phase 3 release
HG03777	M	SAME1840340	ITU	Telugu	SAS	South Asian Ancestry	ITU	1000 Genomes on GRCh38,1000 Genomes 30x on GRCh38,1000 Genomes phase 3 release
HG03778	M	SAME1840344	ITU	Telugu	SAS	South Asian Ancestry	ITU	1000 Genomes on GRCh38,1000 Genomes 30x on GRCh38,MAGE RNA-seq,Human Pangenome Reference Consortium, Phase 2,1000 Genomes phase 3 release
HG03779	M	SAME1840351	ITU	Telugu	SAS	South Asian Ancestry	ITU	1000 Genomes on GRCh38,1000 Genomes 30x on GRCh38,1000 Genomes phase 3 release
HG03780	F	SAME1840112	ITU	Telugu	SAS	South Asian Ancestry	ITU	1000 Genomes on GRCh38,1000 Genomes 30x on GRCh38,1KG_ONT_VIENNA,MAGE RNA-seq,1000 Genomes phase 3 release
HG03781	F	SAME1840117	ITU	Telugu	SAS	South Asian Ancestry	ITU	1000 Genomes on GRCh38,1000 Genomes 30x on GRCh38,1KG_ONT_VIENNA,MAGE RNA-seq,1000 Genomes phase 3 release
HG03782	F	SAME1840119	ITU	Telugu	SAS	South Asian Ancestry	ITU	1000 Genomes on GRCh38,1000 Genomes 30x on GRCh38,MAGE RNA-seq,1000 Genomes phase 3 release
HG03784	F	SAME1840210	ITU	Telugu	SAS	South Asian Ancestry	ITU	1000 Genomes on GRCh38,1000 Genomes 30x on GRCh38,1KG_ONT_VIENNA,Human Pangenome Reference Consortium, Phase 2,1000 Genomes phase 3 release
HG03785	M	SAME1840212	ITU	Telugu	SAS	South Asian Ancestry	ITU	1000 Genomes on GRCh38,1000 Genomes 30x on GRCh38,1000 Genomes phase 3 release
HG03786	M	SAME1840218	ITU	Telugu	SAS	South Asian Ancestry	ITU	1000 Genomes on GRCh38,1000 Genomes 30x on GRCh38,1KG_ONT_VIENNA,1000 Genomes phase 3 release
HG03787	F	SAME1840224	ITU	Telugu	SAS	South Asian Ancestry	ITU	1000 Genomes on GRCh38,1000 Genomes 30x on GRCh38,1000 Genomes phase 3 release
HG03788	M	SAME1840227	ITU	Telugu	SAS	South Asian Ancestry	ITU	1000 Genomes on GRCh38,1000 Genomes 30x on GRCh38,1000 Genomes phase 3 release
HG03789	F	SAME1840237	ITU	Telugu	SAS	South Asian Ancestry	ITU	1000 Genomes on GRCh38,1000 Genomes 30x on GRCh38,1000 Genomes phase 3 release
HG03790	M	SAME1839989	ITU	Telugu	SAS	South Asian Ancestry	ITU	1000 Genomes on GRCh38,1000 Genomes 30x on GRCh38,1000 Genomes phase 3 release
HG03792	M	SAME1839912	ITU	Telugu	SAS	South Asian Ancestry	ITU	1000 Genomes on GRCh38,1000 Genomes 30x on GRCh38,1KG_ONT_VIENNA,Human Pangenome Reference Consortium, Phase 2,1000 Genomes phase 3 release
HG03793	F	SAME1839915	BEB	Bengali	SAS	South Asian Ancestry	BEB	1000 Genomes on GRCh38,1000 Genomes 30x on GRCh38,1KG_ONT_VIENNA,1000 Genomes phase 3 release
HG03796	F	SAME1839928	BEB	Bengali	SAS	South Asian Ancestry	BEB	1000 Genomes on GRCh38,1000 Genomes 30x on GRCh38,1000 Genomes phase 3 release
HG03800	M	SAME1839595	BEB	Bengali	SAS	South Asian Ancestry	BEB	1000 Genomes on GRCh38,1000 Genomes 30x on GRCh38,1KG_ONT_VIENNA,1000 Genomes phase 3 release
HG03802	F	SAME1839608	BEB	Bengali	SAS	South Asian Ancestry	BEB	1000 Genomes on GRCh38,1000 Genomes 30x on GRCh38,1KG_ONT_VIENNA,1000 Genomes phase 3 release
HG03803	M	SAME1839527	BEB	Bengali	SAS	South Asian Ancestry	BEB	1000 Genomes on GRCh38,1000 Genomes 30x on GRCh38,1KG_ONT_VIENNA,MAGE RNA-seq,1000 Genomes phase 3 release
HG03805	F	SAME1839540	BEB	Bengali	SAS	South Asian Ancestry	BEB	1000 Genomes on GRCh38,1000 Genomes 30x on GRCh38,1KG_ONT_VIENNA,1000 Genomes phase 3 release
HG03808	F	SAME1839552	BEB	Bengali	SAS	South Asian Ancestry	BEB	1000 Genomes on GRCh38,1000 Genomes 30x on GRCh38,1000 Genomes phase 3 release
HG03809	M	SAME1839554	BEB	Bengali	SAS	South Asian Ancestry	BEB	1000 Genomes on GRCh38,1000 Genomes 30x on GRCh38,1KG_ONT_VIENNA,1000 Genomes phase 3 release
HG03812	M	SAME1839405	BEB	Bengali	SAS	South Asian Ancestry	BEB	1000 Genomes on GRCh38,1000 Genomes 30x on GRCh38,1KG_ONT_VIENNA,1000 Genomes phase 3 release
HG03814	F	SAME1839411	BEB	Bengali	SAS	South Asian Ancestry	BEB	1000 Genomes on GRCh38,1000 Genomes 30x on GRCh38,1000 Genomes phase 3 release
HG03815	M	SAME1839419	BEB	Bengali	SAS	South Asian Ancestry	BEB	1000 Genomes on GRCh38,1000 Genomes 30x on GRCh38,MAGE RNA-seq,1000 Genomes phase 3 release
HG03817	F	SAME1839426	BEB	Bengali	SAS	South Asian Ancestry	BEB	1000 Genomes on GRCh38,1000 Genomes 30x on GRCh38,1000 Genomes phase 3 release
HG03821	M	SAME1839449	BEB	Bengali	SAS	South Asian Ancestry	BEB	1000 Genomes on GRCh38,1000 Genomes 30x on GRCh38,1KG_ONT_VIENNA,1000 Genomes phase 3 release
HG03822	M	SAME1839450	BEB	Bengali	SAS	South Asian Ancestry	BEB	1000 Genomes phase 3 release
HG03823	F	SAME1839456	BEB	Bengali	SAS	South Asian Ancestry	BEB	1000 Genomes on GRCh38,1000 Genomes 30x on GRCh38,MAGE RNA-seq,1000 Genomes phase 3 release
HG03824	M	SAME1839459	BEB	Bengali	SAS	South Asian Ancestry	BEB	1000 Genomes on GRCh38,1000 Genomes 30x on GRCh38,1KG_ONT_VIENNA,1000 Genomes phase 3 release
HG03826	F	SAME1839465	BEB	Bengali	SAS	South Asian Ancestry	BEB	1000 Genomes on GRCh38,1000 Genomes 30x on GRCh38,MAGE RNA-seq,1000 Genomes phase 3 release
HG03829	F	SAME1839241	BEB	Bengali	SAS	South Asian Ancestry	BEB	1000 Genomes on GRCh38,1000 Genomes 30x on GRCh38,1000 Genomes phase 3 release
HG03830	M	SAME1839341	BEB	Bengali	SAS	South Asian Ancestry	BEB	1000 Genomes on GRCh38,1000 Genomes 30x on GRCh38,1KG_ONT_VIENNA,1000 Genomes phase 3 release
HG03832	F	SAME1839353	BEB	Bengali	SAS	South Asian Ancestry	BEB	1000 Genomes on GRCh38,1000 Genomes 30x on GRCh38,1000 Genomes phase 3 release
HG03833	M	SAME1839356	BEB	Bengali	SAS	South Asian Ancestry	BEB	1000 Genomes on GRCh38,1000 Genomes 30x on GRCh38,1000 Genomes phase 3 release
HG03836	F	SAME1839280	STU	Tamil	SAS	South Asian Ancestry	STU	1000 Genomes on GRCh38,1000 Genomes 30x on GRCh38,1KG_ONT_VIENNA,1000 Genomes phase 3 release
HG03837	M	SAME1839291	STU	Tamil	SAS	South Asian Ancestry	STU	1000 Genomes on GRCh38,1000 Genomes 30x on GRCh38,1KG_ONT_VIENNA,1000 Genomes phase 3 release
HG03838	F	SAME1839297	STU	Tamil	SAS	South Asian Ancestry	STU	1000 Genomes on GRCh38,1000 Genomes 30x on GRCh38,1KG_ONT_VIENNA,1000 Genomes phase 3 release
HG03844	M	SAME1839166	STU	Tamil	SAS	South Asian Ancestry	STU	1000 Genomes on GRCh38,1000 Genomes 30x on GRCh38,1KG_ONT_VIENNA,1000 Genomes phase 3 release
HG03845	M	SAME1839170	STU	Tamil	SAS	South Asian Ancestry	STU	1000 Genomes on GRCh38,1000 Genomes phase 3 release
HG03846	M	SAME1839172	STU	Tamil	SAS	South Asian Ancestry	STU	1000 Genomes on GRCh38,1000 Genomes 30x on GRCh38,1000 Genomes phase 3 release
HG03848	M	SAME1839187	STU	Tamil	SAS	South Asian Ancestry	STU	1000 Genomes on GRCh38,1000 Genomes 30x on GRCh38,1KG_ONT_VIENNA,1000 Genomes phase 3 release
HG03849	F	SAME1839190	STU	Tamil	SAS	South Asian Ancestry	STU	1000 Genomes on GRCh38,1000 Genomes 30x on GRCh38,1000 Genomes phase 3 release
HG03850	M	SAME1840270	STU	Tamil	SAS	South Asian Ancestry	STU	1000 Genomes on GRCh38,1000 Genomes 30x on GRCh38,1000 Genomes phase 3 release
HG03851	M	SAME1840272	STU	Tamil	SAS	South Asian Ancestry	STU	1000 Genomes on GRCh38,1000 Genomes 30x on GRCh38,1000 Genomes phase 3 release
HG03854	M	SAME1840283	STU	Tamil	SAS	South Asian Ancestry	STU	1000 Genomes on GRCh38,1000 Genomes 30x on GRCh38,1KG_ONT_VIENNA,1000 Genomes phase 3 release
HG03856	M	SAME1840291	STU	Tamil	SAS	South Asian Ancestry	STU	1000 Genomes on GRCh38,1000 Genomes 30x on GRCh38,1KG_ONT_VIENNA,1000 Genomes phase 3 release
HG03857	F	SAME1840294	STU	Tamil	SAS	South Asian Ancestry	STU	1000 Genomes on GRCh38,1000 Genomes 30x on GRCh38,MAGE RNA-seq,1000 Genomes phase 3 release
HG03858	F	SAME1840301	STU	Tamil	SAS	South Asian Ancestry	STU	1000 Genomes on GRCh38,1000 Genomes 30x on GRCh38,MAGE RNA-seq,1000 Genomes phase 3 release
HG03861	F	SAME1840156	ITU	Telugu	SAS	South Asian Ancestry	ITU	1000 Genomes on GRCh38,1000 Genomes 30x on GRCh38,MAGE RNA-seq,1000 Genomes phase 3 release
HG03862	F	SAME1840158	ITU	Telugu	SAS	South Asian Ancestry	ITU	1000 Genomes on GRCh38,1000 Genomes 30x on GRCh38,1KG_ONT_VIENNA,MAGE RNA-seq,1000 Genomes phase 3 release
HG03863	F	SAME1840162	ITU	Telugu	SAS	South Asian Ancestry	ITU	1000 Genomes on GRCh38,1000 Genomes 30x on GRCh38,1KG_ONT_VIENNA,1000 Genomes phase 3 release
HG03864	M	SAME1840170	ITU	Telugu	SAS	South Asian Ancestry	ITU	1000 Genomes on GRCh38,1000 Genomes 30x on GRCh38,MAGE RNA-seq,1000 Genomes phase 3 release
HG03866	M	SAME1840087	ITU	Telugu	SAS	South Asian Ancestry	ITU	1000 Genomes on GRCh38,1000 Genomes 30x on GRCh38,MAGE RNA-seq,1000 Genomes phase 3 release
HG03867	M	SAME1840095	ITU	Telugu	SAS	South Asian Ancestry	ITU	1000 Genomes on GRCh38,1000 Genomes 30x on GRCh38,1000 Genomes phase 3 release
HG03868	F	SAME1840097	ITU	Telugu	SAS	South Asian Ancestry	ITU	1000 Genomes on GRCh38,1000 Genomes 30x on GRCh38,MAGE RNA-seq,1000 Genomes phase 3 release
HG03869	M	SAME1840104	ITU	Telugu	SAS	South Asian Ancestry	ITU	1000 Genomes on GRCh38,1000 Genomes 30x on GRCh38,1KG_ONT_VIENNA,1000 Genomes phase 3 release
HG03870	M	SAME1840196	ITU	Telugu	SAS	South Asian Ancestry	ITU	1000 Genomes on GRCh38,1000 Genomes 30x on GRCh38,1KG_ONT_VIENNA,1000 Genomes phase 3 release
HG03871	M	SAME1840200	ITU	Telugu	SAS	South Asian Ancestry	ITU	1000 Genomes on GRCh38,1000 Genomes 30x on GRCh38,1KG_ONT_VIENNA,1000 Genomes phase 3 release
HG03872	M	SAME1840202	ITU	Telugu	SAS	South Asian Ancestry	ITU	1000 Genomes on GRCh38,1000 Genomes 30x on GRCh38,1KG_ONT_VIENNA,1000 Genomes phase 3 release
HG03873	F	SAME1840205	ITU	Telugu	SAS	South Asian Ancestry	ITU	1000 Genomes on GRCh38,1000 Genomes 30x on GRCh38,1000 Genomes phase 3 release
HG03874	F	SAME1839961	ITU	Telugu	SAS	South Asian Ancestry	ITU	1000 Genomes on GRCh38,1000 Genomes 30x on GRCh38,Human Pangenome Reference Consortium, Phase 2,1000 Genomes phase 3 release
HG03875	M	SAME1839965	ITU	Telugu	SAS	South Asian Ancestry	ITU	1000 Genomes on GRCh38,1000 Genomes 30x on GRCh38,1000 Genomes phase 3 release
HG03882	F	SAME1839999	ITU	Telugu	SAS	South Asian Ancestry	ITU	1000 Genomes on GRCh38,1000 Genomes 30x on GRCh38,1KG_ONT_VIENNA,1000 Genomes phase 3 release
HG03884	F	SAME1840005	STU	Tamil	SAS	South Asian Ancestry	STU	1000 Genomes on GRCh38,1000 Genomes 30x on GRCh38,1000 Genomes phase 3 release
HG03885	M	SAME1840013	STU	Tamil	SAS	South Asian Ancestry	STU	1000 Genomes on GRCh38,1000 Genomes 30x on GRCh38,MAGE RNA-seq,1000 Genomes phase 3 release
HG03886	F	SAME1840021	STU	Tamil	SAS	South Asian Ancestry	STU	1000 Genomes on GRCh38,1000 Genomes 30x on GRCh38,1KG_ONT_VIENNA,1000 Genomes phase 3 release
HG03887	M	SAME1840028	STU	Tamil	SAS	South Asian Ancestry	STU	1000 Genomes on GRCh38,1000 Genomes 30x on GRCh38,1000 Genomes phase 3 release
HG03888	F	SAME1840039	STU	Tamil	SAS	South Asian Ancestry	STU	1000 Genomes on GRCh38,1000 Genomes 30x on GRCh38,1KG_ONT_VIENNA,MAGE RNA-seq,1000 Genomes phase 3 release
HG03890	M	SAME1839864	STU	Tamil	SAS	South Asian Ancestry	STU	1000 Genomes on GRCh38,1000 Genomes 30x on GRCh38,1KG_ONT_VIENNA,1000 Genomes phase 3 release
HG03894	F	SAME1839885	STU	Tamil	SAS	South Asian Ancestry	STU	1000 Genomes on GRCh38,1000 Genomes 30x on GRCh38,1KG_ONT_VIENNA,1000 Genomes phase 3 release
HG03895	F	SAME1839888	STU	Tamil	SAS	South Asian Ancestry	STU	1000 Genomes on GRCh38,1000 Genomes 30x on GRCh38,1KG_ONT_VIENNA,1000 Genomes phase 3 release
HG03896	M	SAME1839898	STU	Tamil	SAS	South Asian Ancestry	STU	1000 Genomes on GRCh38,1000 Genomes 30x on GRCh38,MAGE RNA-seq,1000 Genomes phase 3 release
HG03897	F	SAME1839906	STU	Tamil	SAS	South Asian Ancestry	STU	1000 Genomes on GRCh38,1000 Genomes 30x on GRCh38,MAGE RNA-seq,1000 Genomes phase 3 release
HG03898	F	SAME1839806	STU	Tamil	SAS	South Asian Ancestry	STU	1000 Genomes on GRCh38,1000 Genomes 30x on GRCh38,MAGE RNA-seq,1000 Genomes phase 3 release
HG03899	M	SAME1839814	STU	Tamil	SAS	South Asian Ancestry	STU	1000 Genomes on GRCh38,1000 Genomes 30x on GRCh38,1000 Genomes phase 3 release
HG03900	M	SAME1839476	STU	Tamil	SAS	South Asian Ancestry	STU	1000 Genomes on GRCh38,1000 Genomes 30x on GRCh38,1KG_ONT_VIENNA,MAGE RNA-seq,1000 Genomes phase 3 release
HG03902	M	SAME1839484	BEB	Bengali	SAS	South Asian Ancestry	BEB	1000 Genomes on GRCh38,1000 Genomes 30x on GRCh38,MAGE RNA-seq,1000 Genomes phase 3 release
HG03905	M	SAME1839503	BEB	Bengali	SAS	South Asian Ancestry	BEB	1000 Genomes on GRCh38,1000 Genomes 30x on GRCh38,1000 Genomes phase 3 release
HG03907	F	SAME1839517	BEB	Bengali	SAS	South Asian Ancestry	BEB	1000 Genomes on GRCh38,1000 Genomes 30x on GRCh38,1000 Genomes phase 3 release
HG03908	M	SAME1839522	BEB	Bengali	SAS	South Asian Ancestry	BEB	1000 Genomes on GRCh38,1000 Genomes 30x on GRCh38,1000 Genomes phase 3 release
HG03910	F	SAME1839205	BEB	Bengali	SAS	South Asian Ancestry	BEB	1000 Genomes on GRCh38,1000 Genomes 30x on GRCh38,MAGE RNA-seq,1000 Genomes phase 3 release
HG03911	M	SAME1839212	BEB	Bengali	SAS	South Asian Ancestry	BEB	1000 Genomes on GRCh38,1000 Genomes 30x on GRCh38,1000 Genomes phase 3 release
HG03913	F	SAME1839216	BEB	Bengali	SAS	South Asian Ancestry	BEB	1000 Genomes on GRCh38,1000 Genomes 30x on GRCh38,1000 Genomes phase 3 release
HG03914	M	SAME1839224	BEB	Bengali	SAS	South Asian Ancestry	BEB	1000 Genomes on GRCh38,1000 Genomes 30x on GRCh38,1000 Genomes phase 3 release
HG03916	F	SAME1839316	BEB	Bengali	SAS	South Asian Ancestry	BEB	1000 Genomes on GRCh38,1000 Genomes 30x on GRCh38,1KG_ONT_VIENNA,1000 Genomes phase 3 release
HG03917	M	SAME1839323	BEB	Bengali	SAS	South Asian Ancestry	BEB	1000 Genomes on GRCh38,1000 Genomes 30x on GRCh38,1000 Genomes phase 3 release
HG03919	F	SAME1839329	BEB	Bengali	SAS	South Asian Ancestry	BEB	1000 Genomes on GRCh38,1000 Genomes 30x on GRCh38,Human Pangenome Reference Consortium, Phase 2,1000 Genomes phase 3 release
HG03920	M	SAME1839093	BEB	Bengali	SAS	South Asian Ancestry	BEB	1000 Genomes on GRCh38,1000 Genomes 30x on GRCh38,1000 Genomes phase 3 release
HG03922	F	SAME1839103	BEB	Bengali	SAS	South Asian Ancestry	BEB	1000 Genomes on GRCh38,1000 Genomes 30x on GRCh38,MAGE RNA-seq,1000 Genomes phase 3 release
HG03925	F	SAME1839025	BEB	Bengali	SAS	South Asian Ancestry	BEB	1000 Genomes on GRCh38,1000 Genomes 30x on GRCh38,1KG_ONT_VIENNA,1000 Genomes phase 3 release
HG03926	M	SAME1839033	BEB	Bengali	SAS	South Asian Ancestry	BEB	1000 Genomes on GRCh38,1000 Genomes 30x on GRCh38,1000 Genomes phase 3 release
HG03928	F	SAME1839042	BEB	Bengali	SAS	South Asian Ancestry	BEB	1000 Genomes on GRCh38,1000 Genomes 30x on GRCh38,1KG_ONT_VIENNA,1000 Genomes phase 3 release
HG03931	F	SAME1840305	BEB	Bengali	SAS	South Asian Ancestry	BEB	1000 Genomes on GRCh38,1000 Genomes 30x on GRCh38,1KG_ONT_VIENNA,1000 Genomes phase 3 release
HG03934	F	SAME1840318	BEB	Bengali	SAS	South Asian Ancestry	BEB	1000 Genomes on GRCh38,1000 Genomes 30x on GRCh38,MAGE RNA-seq,1000 Genomes phase 3 release
HG03937	F	SAME1840330	BEB	Bengali	SAS	South Asian Ancestry	BEB	1000 Genomes on GRCh38,1000 Genomes 30x on GRCh38,1000 Genomes phase 3 release
HG03940	F	SAME1840346	BEB	Bengali	SAS	South Asian Ancestry	BEB	1000 Genomes on GRCh38,1000 Genomes 30x on GRCh38,1KG_ONT_VIENNA,1000 Genomes phase 3 release
HG03941	M	SAME1840353	BEB	Bengali	SAS	South Asian Ancestry	BEB	1000 Genomes on GRCh38,1000 Genomes 30x on GRCh38,1KG_ONT_VIENNA,1000 Genomes phase 3 release
HG03943	M	SAME1840361	STU	Tamil	SAS	South Asian Ancestry	STU	1000 Genomes on GRCh38,1000 Genomes 30x on GRCh38,1000 Genomes phase 3 release
HG03944	F	SAME1840368	STU	Tamil	SAS	South Asian Ancestry	STU	1000 Genomes on GRCh38,1000 Genomes 30x on GRCh38,1000 Genomes phase 3 release
HG03945	F	SAME1840369	STU	Tamil	SAS	South Asian Ancestry	STU	1000 Genomes on GRCh38,1000 Genomes 30x on GRCh38,1000 Genomes phase 3 release
HG03947	F	SAME1840378	STU	Tamil	SAS	South Asian Ancestry	STU	1000 Genomes on GRCh38,1000 Genomes 30x on GRCh38,1KG_ONT_VIENNA,1000 Genomes phase 3 release
HG03948	F	SAME1840129	STU	Tamil	SAS	South Asian Ancestry	STU	1000 Genomes on GRCh38,1000 Genomes phase 3 release
HG03949	F	SAME1840132	STU	Tamil	SAS	South Asian Ancestry	STU	1000 Genomes on GRCh38,1000 Genomes 30x on GRCh38,1000 Genomes phase 3 release
HG03950	M	SAME1840233	STU	Tamil	SAS	South Asian Ancestry	STU	1000 Genomes on GRCh38,1000 Genomes 30x on GRCh38,1000 Genomes phase 3 release
HG03951	F	SAME1840239	STU	Tamil	SAS	South Asian Ancestry	STU	1000 Genomes on GRCh38,1000 Genomes 30x on GRCh38,1000 Genomes phase 3 release
HG03953	M	SAME1840252	STU	Tamil	SAS	South Asian Ancestry	STU	1000 Genomes on GRCh38,1000 Genomes 30x on GRCh38,1000 Genomes phase 3 release
HG03955	F	SAME1840181	STU	Tamil	SAS	South Asian Ancestry	STU	1000 Genomes on GRCh38,1000 Genomes 30x on GRCh38,1000 Genomes phase 3 release
HG03960	M	SAME1839945	ITU	Telugu	SAS	South Asian Ancestry	ITU	1000 Genomes on GRCh38,1000 Genomes 30x on GRCh38,1000 Genomes phase 3 release
HG03963	M	SAME1840055	ITU	Telugu	SAS	South Asian Ancestry	ITU	1000 Genomes on GRCh38,1000 Genomes 30x on GRCh38,1KG_ONT_VIENNA,1000 Genomes phase 3 release
HG03965	M	SAME1840063	ITU	Telugu	SAS	South Asian Ancestry	ITU	1000 Genomes on GRCh38,1000 Genomes 30x on GRCh38,1KG_ONT_VIENNA,1000 Genomes phase 3 release
HG03967	M	SAME1840072	ITU	Telugu	SAS	South Asian Ancestry	ITU	1000 Genomes on GRCh38,1000 Genomes 30x on GRCh38,1000 Genomes phase 3 release
HG03968	F	SAME1840077	ITU	Telugu	SAS	South Asian Ancestry	ITU	1000 Genomes on GRCh38,1000 Genomes 30x on GRCh38,1KG_ONT_VIENNA,1000 Genomes phase 3 release
HG03969	M	SAME1840082	ITU	Telugu	SAS	South Asian Ancestry	ITU	1000 Genomes on GRCh38,1000 Genomes 30x on GRCh38,1000 Genomes phase 3 release
HG03971	M	SAME1839718	ITU	Telugu	SAS	South Asian Ancestry	ITU	1000 Genomes on GRCh38,1000 Genomes 30x on GRCh38,MAGE RNA-seq,1000 Genomes phase 3 release
HG03973	F	SAME1839728	ITU	Telugu	SAS	South Asian Ancestry	ITU	1000 Genomes on GRCh38,1000 Genomes 30x on GRCh38,1KG_ONT_VIENNA,1000 Genomes phase 3 release
HG03974	M	SAME1839735	ITU	Telugu	SAS	South Asian Ancestry	ITU	1000 Genomes on GRCh38,1000 Genomes 30x on GRCh38,1000 Genomes phase 3 release
HG03976	M	SAME1839739	ITU	Telugu	SAS	South Asian Ancestry	ITU	1000 Genomes on GRCh38,1000 Genomes 30x on GRCh38,1KG_ONT_VIENNA,MAGE RNA-seq,1000 Genomes phase 3 release
HG03977	F	SAME1839746	ITU	Telugu	SAS	South Asian Ancestry	ITU	1000 Genomes on GRCh38,1000 Genomes 30x on GRCh38,1KG_ONT_VIENNA,MAGE RNA-seq,1000 Genomes phase 3 release
HG03978	M	SAME1839748	ITU	Telugu	SAS	South Asian Ancestry	ITU	1000 Genomes on GRCh38,1000 Genomes 30x on GRCh38,MAGE RNA-seq,1000 Genomes phase 3 release
HG03985	M	SAME1839601	STU	Tamil	SAS	South Asian Ancestry	STU	1000 Genomes on GRCh38,1000 Genomes 30x on GRCh38,1000 Genomes phase 3 release
HG03986	F	SAME1839605	STU	Tamil	SAS	South Asian Ancestry	STU	1000 Genomes on GRCh38,1000 Genomes 30x on GRCh38,1000 Genomes phase 3 release
HG03989	F	SAME1839532	STU	Tamil	SAS	South Asian Ancestry	STU	1000 Genomes on GRCh38,1000 Genomes 30x on GRCh38,MAGE RNA-seq,1000 Genomes phase 3 release
HG03990	M	SAME1839637	STU	Tamil	SAS	South Asian Ancestry	STU	1000 Genomes on GRCh38,1000 Genomes 30x on GRCh38,1KG_ONT_VIENNA,1000 Genomes phase 3 release
HG03991	M	SAME1839640	STU	Tamil	SAS	South Asian Ancestry	STU	1000 Genomes on GRCh38,1000 Genomes 30x on GRCh38,1000 Genomes phase 3 release
HG03995	F	SAME1839395	STU	Tamil	SAS	South Asian Ancestry	STU	1000 Genomes on GRCh38,1000 Genomes 30x on GRCh38,1000 Genomes phase 3 release
HG03998	M	SAME1839408	STU	Tamil	SAS	South Asian Ancestry	STU	1000 Genomes on GRCh38,1000 Genomes 30x on GRCh38,MAGE RNA-seq,1000 Genomes phase 3 release
HG03999	M	SAME1839416	STU	Tamil	SAS	South Asian Ancestry	STU	1000 Genomes on GRCh38,1000 Genomes 30x on GRCh38,1KG_ONT_VIENNA,1000 Genomes phase 3 release
HG04001	F	SAME1839752	ITU	Telugu	SAS	South Asian Ancestry	ITU	1000 Genomes on GRCh38,1000 Genomes 30x on GRCh38,1000 Genomes phase 3 release
HG04002	M	SAME1839769	ITU	Telugu	SAS	South Asian Ancestry	ITU	1000 Genomes on GRCh38,1000 Genomes 30x on GRCh38,MAGE RNA-seq,1000 Genomes phase 3 release
HG04003	M	SAME1839775	STU	Tamil	SAS	South Asian Ancestry	STU	1000 Genomes on GRCh38,1000 Genomes 30x on GRCh38,1000 Genomes phase 3 release
HG04006	M	SAME1839787	STU	Tamil	SAS	South Asian Ancestry	STU	1000 Genomes on GRCh38,1000 Genomes 30x on GRCh38,1KG_ONT_VIENNA,1000 Genomes phase 3 release
HG04014	F	SAME1839844	ITU	Telugu	SAS	South Asian Ancestry	ITU	1000 Genomes on GRCh38,1000 Genomes 30x on GRCh38,1KG_ONT_VIENNA,1000 Genomes phase 3 release
HG04015	M	SAME1839847	ITU	Telugu	SAS	South Asian Ancestry	ITU	1000 Genomes on GRCh38,1000 Genomes 30x on GRCh38,1KG_ONT_VIENNA,1000 Genomes phase 3 release
HG04017	M	SAME1839851	ITU	Telugu	SAS	South Asian Ancestry	ITU	1000 Genomes on GRCh38,1000 Genomes 30x on GRCh38,1KG_ONT_VIENNA,1000 Genomes phase 3 release
HG04018	F	SAME1839565	ITU	Telugu	SAS	South Asian Ancestry	ITU	1000 Genomes on GRCh38,1000 Genomes 30x on GRCh38,1KG_ONT_VIENNA,1000 Genomes phase 3 release
HG04019	M	SAME1839572	ITU	Telugu	SAS	South Asian Ancestry	ITU	1000 Genomes on GRCh38,1000 Genomes 30x on GRCh38,1000 Genomes phase 3 release
HG04020	M	SAME1839685	ITU	Telugu	SAS	South Asian Ancestry	ITU	1000 Genomes on GRCh38,1000 Genomes 30x on GRCh38,1KG_ONT_VIENNA,1000 Genomes phase 3 release
HG04022	M	SAME1839691	ITU	Telugu	SAS	South Asian Ancestry	ITU	1000 Genomes on GRCh38,1000 Genomes 30x on GRCh38,1KG_ONT_VIENNA,1000 Genomes phase 3 release
HG04023	M	SAME1839696	ITU	Telugu	SAS	South Asian Ancestry	ITU	1000 Genomes on GRCh38,1000 Genomes 30x on GRCh38,1000 Genomes phase 3 release
HG04025	F	SAME1839614	ITU	Telugu	SAS	South Asian Ancestry	ITU	1000 Genomes on GRCh38,1000 Genomes 30x on GRCh38,1KG_ONT_VIENNA,MAGE RNA-seq,1000 Genomes phase 3 release
HG04026	F	SAME1839622	ITU	Telugu	SAS	South Asian Ancestry	ITU	1000 Genomes on GRCh38,1000 Genomes 30x on GRCh38,1000 Genomes phase 3 release
HG04029	F	SAME1839630	STU	Tamil	SAS	South Asian Ancestry	STU	1000 Genomes on GRCh38,1000 Genomes 30x on GRCh38,MAGE RNA-seq,1000 Genomes phase 3 release
HG04033	M	SAME1839466	STU	Tamil	SAS	South Asian Ancestry	STU	1000 Genomes on GRCh38,1000 Genomes 30x on GRCh38,MAGE RNA-seq,1000 Genomes phase 3 release
HG04035	F	SAME1839487	STU	Tamil	SAS	South Asian Ancestry	STU	1000 Genomes on GRCh38,1000 Genomes 30x on GRCh38,1000 Genomes phase 3 release
HG04037	F	SAME1839500	STU	Tamil	SAS	South Asian Ancestry	STU	1000 Genomes on GRCh38,1000 Genomes phase 3 release
HG04038	F	SAME1839499	STU	Tamil	SAS	South Asian Ancestry	STU	1000 Genomes on GRCh38,1000 Genomes 30x on GRCh38,1000 Genomes phase 3 release
HG04039	M	SAME1839506	STU	Tamil	SAS	South Asian Ancestry	STU	1000 Genomes on GRCh38,1000 Genomes 30x on GRCh38,1KG_ONT_VIENNA,1000 Genomes phase 3 release
HG04042	F	SAME1839203	STU	Tamil	SAS	South Asian Ancestry	STU	1000 Genomes on GRCh38,1000 Genomes 30x on GRCh38,1000 Genomes phase 3 release
HG04047	F	SAME1839221	STU	Tamil	SAS	South Asian Ancestry	STU	1000 Genomes on GRCh38,1000 Genomes 30x on GRCh38,MAGE RNA-seq,1000 Genomes phase 3 release
HG04054	F	SAME1839094	ITU	Telugu	SAS	South Asian Ancestry	ITU	1000 Genomes on GRCh38,1000 Genomes 30x on GRCh38,MAGE RNA-seq,1000 Genomes phase 3 release
HG04056	M	SAME1839102	ITU	Telugu	SAS	South Asian Ancestry	ITU	1000 Genomes on GRCh38,1000 Genomes 30x on GRCh38,1000 Genomes phase 3 release
HG04059	F	SAME1839031	ITU	Telugu	SAS	South Asian Ancestry	ITU	1000 Genomes on GRCh38,1000 Genomes 30x on GRCh38,MAGE RNA-seq,1000 Genomes phase 3 release
HG04060	M	SAME1839126	ITU	Telugu	SAS	South Asian Ancestry	ITU	1000 Genomes on GRCh38,1000 Genomes 30x on GRCh38,MAGE RNA-seq,1000 Genomes phase 3 release
HG04061	M	SAME1839140	ITU	Telugu	SAS	South Asian Ancestry	ITU	1000 Genomes on GRCh38,1000 Genomes 30x on GRCh38,MAGE RNA-seq,1000 Genomes phase 3 release
HG04062	F	SAME1839147	ITU	Telugu	SAS	South Asian Ancestry	ITU	1000 Genomes on GRCh38,1000 Genomes 30x on GRCh38,1KG_ONT_VIENNA,MAGE RNA-seq,1000 Genomes phase 3 release
HG04063	F	SAME1839155	ITU	Telugu	SAS	South Asian Ancestry	ITU	1000 Genomes on GRCh38,1000 Genomes 30x on GRCh38,MAGE RNA-seq,1000 Genomes phase 3 release
HG04070	F	SAME1840411	ITU	Telugu	SAS	South Asian Ancestry	ITU	1000 Genomes on GRCh38,1000 Genomes 30x on GRCh38,1KG_ONT_VIENNA,1000 Genomes phase 3 release
HG04075	F	SAME1840359	STU	Tamil	SAS	South Asian Ancestry	STU	1000 Genomes on GRCh38,1000 Genomes 30x on GRCh38,MAGE RNA-seq,1000 Genomes phase 3 release
HG04076	F	SAME1840358	ITU	Telugu	SAS	South Asian Ancestry	ITU	1000 Genomes on GRCh38,1000 Genomes 30x on GRCh38,1000 Genomes phase 3 release
HG04080	M	SAME1840211	ITU	Telugu	SAS	South Asian Ancestry	ITU	1000 Genomes on GRCh38,1000 Genomes 30x on GRCh38,1000 Genomes phase 3 release
HG04090	F	SAME1839927	ITU	Telugu	SAS	South Asian Ancestry	ITU	1000 Genomes on GRCh38,1000 Genomes 30x on GRCh38,1000 Genomes phase 3 release
HG04093	M	SAME1839936	ITU	Telugu	SAS	South Asian Ancestry	ITU	1000 Genomes on GRCh38,1000 Genomes 30x on GRCh38,1000 Genomes phase 3 release
HG04094	M	SAME1839953	ITU	Telugu	SAS	South Asian Ancestry	ITU	1000 Genomes on GRCh38,1000 Genomes 30x on GRCh38,1000 Genomes phase 3 release
HG04096	M	SAME1840054	ITU	Telugu	SAS	South Asian Ancestry	ITU	1000 Genomes on GRCh38,1000 Genomes 30x on GRCh38,1000 Genomes phase 3 release
HG04098	M	SAME1840059	ITU	Telugu	SAS	South Asian Ancestry	ITU	1000 Genomes on GRCh38,1000 Genomes 30x on GRCh38,1000 Genomes phase 3 release
HG04099	F	SAME1840065	STU	Tamil	SAS	South Asian Ancestry	STU	1000 Genomes on GRCh38,1000 Genomes 30x on GRCh38,1KG_ONT_VIENNA,1000 Genomes phase 3 release
HG04100	M	SAME1839536	STU	Tamil	SAS	South Asian Ancestry	STU	1000 Genomes on GRCh38,1000 Genomes 30x on GRCh38,MAGE RNA-seq,1000 Genomes phase 3 release
HG04106	F	SAME1839559	STU	Tamil	SAS	South Asian Ancestry	STU	1000 Genomes on GRCh38,1000 Genomes 30x on GRCh38,1000 Genomes phase 3 release
HG04107	M	SAME1839660	STU	Tamil	SAS	South Asian Ancestry	STU	1000 Genomes on GRCh38,1000 Genomes 30x on GRCh38,MAGE RNA-seq,1000 Genomes phase 3 release
HG04118	F	SAME1839379	ITU	Telugu	SAS	South Asian Ancestry	ITU	1000 Genomes on GRCh38,1000 Genomes 30x on GRCh38,1KG_ONT_VIENNA,1000 Genomes phase 3 release
HG04131	M	SAME1839279	BEB	Bengali	SAS	South Asian Ancestry	BEB	1000 Genomes on GRCh38,1000 Genomes 30x on GRCh38,1KG_ONT_VIENNA,1000 Genomes phase 3 release
HG04134	M	SAME1839303	BEB	Bengali	SAS	South Asian Ancestry	BEB	1000 Genomes on GRCh38,1000 Genomes 30x on GRCh38,1000 Genomes phase 3 release
HG04140	M	SAME1839173	BEB	Bengali	SAS	South Asian Ancestry	BEB	1000 Genomes on GRCh38,1000 Genomes 30x on GRCh38,1KG_ONT_VIENNA,1000 Genomes phase 3 release
HG04141	F	SAME1839178	BEB	Bengali	SAS	South Asian Ancestry	BEB	1000 Genomes on GRCh38,1000 Genomes 30x on GRCh38,MAGE RNA-seq,1000 Genomes phase 3 release
HG04144	F	SAME1839189	BEB	Bengali	SAS	South Asian Ancestry	BEB	1000 Genomes on GRCh38,1000 Genomes 30x on GRCh38,1000 Genomes phase 3 release
HG04146	M	SAME1839108	BEB	Bengali	SAS	South Asian Ancestry	BEB	1000 Genomes on GRCh38,1000 Genomes 30x on GRCh38,1KG_ONT_VIENNA,1000 Genomes phase 3 release
HG04152	M	SAME1840300	BEB	Bengali	SAS	South Asian Ancestry	BEB	1000 Genomes on GRCh38,1000 Genomes 30x on GRCh38,MAGE RNA-seq,1000 Genomes phase 3 release
HG04153	F	SAME1840299	BEB	Bengali	SAS	South Asian Ancestry	BEB	1000 Genomes on GRCh38,1000 Genomes 30x on GRCh38,Human Pangenome Reference Consortium, Phase 2,1000 Genomes phase 3 release
HG04155	M	SAME1840381	BEB	Bengali	SAS	South Asian Ancestry	BEB	1000 Genomes on GRCh38,1000 Genomes 30x on GRCh38,MAGE RNA-seq,1000 Genomes phase 3 release
HG04156	F	SAME1840389	BEB	Bengali	SAS	South Asian Ancestry	BEB	1000 Genomes on GRCh38,1000 Genomes 30x on GRCh38,1KG_ONT_VIENNA,MAGE RNA-seq,1000 Genomes phase 3 release
HG04158	M	SAME1840400	BEB	Bengali	SAS	South Asian Ancestry	BEB	1000 Genomes on GRCh38,1000 Genomes 30x on GRCh38,MAGE RNA-seq,1000 Genomes phase 3 release
HG04159	F	SAME1840399	BEB	Bengali	SAS	South Asian Ancestry	BEB	1000 Genomes on GRCh38,1000 Genomes 30x on GRCh38,1000 Genomes phase 3 release
HG04161	M	SAME1840092	BEB	Bengali	SAS	South Asian Ancestry	BEB	1000 Genomes on GRCh38,1000 Genomes 30x on GRCh38,1000 Genomes phase 3 release
HG04162	F	SAME1840098	BEB	Bengali	SAS	South Asian Ancestry	BEB	1000 Genomes on GRCh38,1000 Genomes 30x on GRCh38,1000 Genomes phase 3 release
HG04164	M	SAME1840102	BEB	Bengali	SAS	South Asian Ancestry	BEB	1000 Genomes on GRCh38,1000 Genomes 30x on GRCh38,MAGE RNA-seq,1000 Genomes phase 3 release
HG04171	F	SAME1839968	BEB	Bengali	SAS	South Asian Ancestry	BEB	1000 Genomes on GRCh38,1000 Genomes 30x on GRCh38,MAGE RNA-seq,1000 Genomes phase 3 release
HG04173	M	SAME1839977	BEB	Bengali	SAS	South Asian Ancestry	BEB	1000 Genomes on GRCh38,1000 Genomes 30x on GRCh38,1000 Genomes phase 3 release
HG04176	M	SAME1839986	BEB	Bengali	SAS	South Asian Ancestry	BEB	1000 Genomes on GRCh38,1000 Genomes 30x on GRCh38,1000 Genomes phase 3 release
HG04177	F	SAME1839992	BEB	Bengali	SAS	South Asian Ancestry	BEB	1000 Genomes on GRCh38,1000 Genomes 30x on GRCh38,1KG_ONT_VIENNA,MAGE RNA-seq,1000 Genomes phase 3 release
HG04180	F	SAME1840012	BEB	Bengali	SAS	South Asian Ancestry	BEB	1000 Genomes on GRCh38,1000 Genomes 30x on GRCh38,1KG_ONT_VIENNA,1000 Genomes phase 3 release
HG04182	M	SAME1840036	BEB	Bengali	SAS	South Asian Ancestry	BEB	1000 Genomes on GRCh38,1000 Genomes 30x on GRCh38,1000 Genomes phase 3 release
HG04183	F	SAME1840044	BEB	Bengali	SAS	South Asian Ancestry	BEB	1000 Genomes on GRCh38,1000 Genomes 30x on GRCh38,1KG_ONT_VIENNA,1000 Genomes phase 3 release
HG04185	M	SAME1839756	BEB	Bengali	SAS	South Asian Ancestry	BEB	1000 Genomes on GRCh38,1000 Genomes 30x on GRCh38,MAGE RNA-seq,1000 Genomes phase 3 release
HG04186	F	SAME1839753	BEB	Bengali	SAS	South Asian Ancestry	BEB	1000 Genomes on GRCh38,1000 Genomes 30x on GRCh38,1KG_ONT_VIENNA,1000 Genomes phase 3 release
HG04188	M	SAME1839771	BEB	Bengali	SAS	South Asian Ancestry	BEB	1000 Genomes on GRCh38,1000 Genomes 30x on GRCh38,MAGE RNA-seq,1000 Genomes phase 3 release
HG04189	F	SAME1839783	BEB	Bengali	SAS	South Asian Ancestry	BEB	1000 Genomes on GRCh38,1000 Genomes 30x on GRCh38,1000 Genomes phase 3 release
HG04194	M	SAME1839818	BEB	Bengali	SAS	South Asian Ancestry	BEB	1000 Genomes on GRCh38,1000 Genomes 30x on GRCh38,1KG_ONT_VIENNA,MAGE RNA-seq,1000 Genomes phase 3 release
HG04195	F	SAME1839823	BEB	Bengali	SAS	South Asian Ancestry	BEB	1000 Genomes on GRCh38,1000 Genomes 30x on GRCh38,MAGE RNA-seq,1000 Genomes phase 3 release
HG04198	M	SAME1839835	ITU	Telugu	SAS	South Asian Ancestry	ITU	1000 Genomes on GRCh38,1000 Genomes 30x on GRCh38,1KG_ONT_VIENNA,1000 Genomes phase 3 release
HG04200	F	SAME1839511	ITU	Telugu	SAS	South Asian Ancestry	ITU	1000 Genomes on GRCh38,1000 Genomes 30x on GRCh38,1KG_ONT_VIENNA,1000 Genomes phase 3 release
HG04202	F	SAME1839519	ITU	Telugu	SAS	South Asian Ancestry	ITU	1000 Genomes on GRCh38,1000 Genomes 30x on GRCh38,1000 Genomes phase 3 release
HG04206	M	SAME1839447	ITU	Telugu	SAS	South Asian Ancestry	ITU	1000 Genomes on GRCh38,1000 Genomes 30x on GRCh38,1000 Genomes phase 3 release
HG04209	F	SAME1839452	ITU	Telugu	SAS	South Asian Ancestry	ITU	1000 Genomes on GRCh38,1000 Genomes 30x on GRCh38,1000 Genomes phase 3 release
HG04210	M	SAME1839225	STU	Tamil	SAS	South Asian Ancestry	STU	1000 Genomes on GRCh38,1000 Genomes 30x on GRCh38,1KG_ONT_VIENNA,1000 Genomes phase 3 release
HG04211	M	SAME1839321	ITU	Telugu	SAS	South Asian Ancestry	ITU	1000 Genomes on GRCh38,1000 Genomes 30x on GRCh38,1000 Genomes phase 3 release
HG04212	F	SAME1839325	ITU	Telugu	SAS	South Asian Ancestry	ITU	1000 Genomes on GRCh38,1000 Genomes 30x on GRCh38,1000 Genomes phase 3 release
HG04214	F	SAME1839328	ITU	Telugu	SAS	South Asian Ancestry	ITU	1000 Genomes on GRCh38,1000 Genomes 30x on GRCh38,1000 Genomes phase 3 release
HG04216	F	SAME1839339	ITU	Telugu	SAS	South Asian Ancestry	ITU	1000 Genomes on GRCh38,1000 Genomes 30x on GRCh38,MAGE RNA-seq,1000 Genomes phase 3 release
HG04219	M	SAME1839359	ITU	Telugu	SAS	South Asian Ancestry	ITU	1000 Genomes on GRCh38,1000 Genomes 30x on GRCh38,1000 Genomes phase 3 release
HG04222	M	SAME1839040	ITU	Telugu	SAS	South Asian Ancestry	ITU	1000 Genomes on GRCh38,1000 Genomes 30x on GRCh38,1000 Genomes phase 3 release
HG04225	M	SAME1839048	ITU	Telugu	SAS	South Asian Ancestry	ITU	1000 Genomes on GRCh38,1000 Genomes 30x on GRCh38,Human Pangenome Reference Consortium, Phase 2,1000 Genomes phase 3 release
HG04227	F	SAME1839056	STU	Tamil	SAS	South Asian Ancestry	STU	1000 Genomes on GRCh38,1000 Genomes 30x on GRCh38,1KG_ONT_VIENNA,MAGE RNA-seq,1000 Genomes phase 3 release
HG04229	M	SAME1839165	STU	Tamil	SAS	South Asian Ancestry	STU	1000 Genomes on GRCh38,1000 Genomes 30x on GRCh38,1000 Genomes phase 3 release
HG04235	M	SAME1840263	ITU	Telugu	SAS	South Asian Ancestry	ITU	1000 Genomes on GRCh38,1000 Genomes 30x on GRCh38,MAGE RNA-seq,1000 Genomes phase 3 release
HG04238	M	SAME1840274	ITU	Telugu	SAS	South Asian Ancestry	ITU	1000 Genomes on GRCh38,1000 Genomes 30x on GRCh38,1000 Genomes phase 3 release
HG04239	M	SAME1840281	ITU	Telugu	SAS	South Asian Ancestry	ITU	1000 Genomes on GRCh38,1000 Genomes 30x on GRCh38,1000 Genomes phase 3 release
NA06984	M	SAME124763	CEU	CEPH	EUR	European Ancestry	CEU	1000 Genomes on GRCh38,1000 Genomes 30x on GRCh38,1000 Genomes phase 3 release,1000 Genomes phase 1 release,Geuvadis
NA06985	F	SAME124762	CEU	CEPH	EUR	European Ancestry	CEU	1000 Genomes on GRCh38,1000 Genomes 30x on GRCh38,MAGE RNA-seq,1000 Genomes phase 3 release,1000 Genomes phase 1 release,Geuvadis
NA06986	M	SAME124764	CEU	CEPH	EUR	European Ancestry	CEU	1000 Genomes on GRCh38,1000 Genomes 30x on GRCh38,1000 Genomes phase 3 release,1000 Genomes phase 1 release,Geuvadis
NA06989	F	SAME124760	CEU	CEPH	EUR	European Ancestry	CEU	1000 Genomes on GRCh38,1000 Genomes 30x on GRCh38,1KG_ONT_VIENNA,1000 Genomes phase 3 release,1000 Genomes phase 1 release,Geuvadis
NA06991	F	SAME124936	CEU	CEPH	EUR	European Ancestry	CEU	1000 Genomes 30x on GRCh38,1000 Genomes phase 3 release
NA06993	M	SAME124934	CEU	CEPH	EUR	European Ancestry	CEU	1000 Genomes 30x on GRCh38,1000 Genomes phase 3 release
NA06994	M	SAME124931	CEU	CEPH	EUR	European Ancestry	CEU	1000 Genomes on GRCh38,1000 Genomes 30x on GRCh38,1000 Genomes phase 3 release,1000 Genomes phase 1 release,Geuvadis
NA06995	M	SAME123994	CEU	CEPH	EUR	European Ancestry	CEU	1000 Genomes 30x on GRCh38,1000 Genomes phase 3 release
NA06997	F	SAME124930	CEU	CEPH	EUR	European Ancestry	CEU	1000 Genomes 30x on GRCh38,1000 Genomes phase 3 release
NA07000	F	SAME124963	CEU	CEPH	EUR	European Ancestry	CEU	1000 Genomes on GRCh38,1000 Genomes 30x on GRCh38,MAGE RNA-seq,1000 Genomes phase 3 release,1000 Genomes phase 1 release,Geuvadis
NA07014	F	SAME125162	CEU	CEPH	EUR	European Ancestry	CEU	1000 Genomes 30x on GRCh38,1KG_ONT_VIENNA,1000 Genomes phase 3 release
NA07019	F	SAME125152	CEU	CEPH	EUR	European Ancestry	CEU	1000 Genomes 30x on GRCh38,1KG_ONT_VIENNA,1000 Genomes phase 3 release
NA07022	M	SAME125336	CEU	CEPH	EUR	European Ancestry	CEU	1000 Genomes 30x on GRCh38,1000 Genomes phase 3 release
NA07029	M	SAME125338	CEU	CEPH	EUR	European Ancestry	CEU	1000 Genomes 30x on GRCh38,1000 Genomes phase 3 release
NA07031	F	SAME122860	CEU	CEPH	EUR	European Ancestry	CEU	1000 Genomes 30x on GRCh38,1000 Genomes phase 3 release
NA07034	M	SAME122863	CEU	CEPH	EUR	European Ancestry	CEU	1000 Genomes 30x on GRCh38,1000 Genomes phase 3 release
NA07037	F	SAME122862	CEU	CEPH	EUR	European Ancestry	CEU	1000 Genomes on GRCh38,1000 Genomes 30x on GRCh38,1000 Genomes phase 3 release,1000 Genomes phase 1 release,Geuvadis
NA07045	F	SAME124187	CEU	CEPH	EUR	European Ancestry	CEU	1000 Genomes 30x on GRCh38,1000 Genomes phase 3 release
NA07048	M	SAME124188	CEU	CEPH	EUR	European Ancestry	CEU	1000 Genomes on GRCh38,1000 Genomes 30x on GRCh38,1KG_ONT_VIENNA,1000 Genomes phase 3 release,1000 Genomes phase 1 release,Geuvadis
NA07051	M	SAME124378	CEU	CEPH	EUR	European Ancestry	CEU	1000 Genomes on GRCh38,1000 Genomes 30x on GRCh38,1000 Genomes phase 3 release,1000 Genomes phase 1 release,Geuvadis
NA07055	F	SAME124767	CEU	CEPH	EUR	European Ancestry	CEU	1000 Genomes 30x on GRCh38,1000 Genomes phase 3 release
NA07056	F	SAME124375	CEU	CEPH	EUR	European Ancestry	CEU	1000 Genomes on GRCh38,1000 Genomes 30x on GRCh38,1000 Genomes phase 3 release,1000 Genomes phase 1 release,Geuvadis
NA07340	F	SAME123573	CEU	CEPH	EUR	European Ancestry	CEU	1000 Genomes phase 3 release
NA07345	F	SAME123570	CEU	CEPH	EUR	European Ancestry	CEU	1000 Genomes 30x on GRCh38,1000 Genomes phase 3 release
NA07346	F	SAME123571	CEU	CEPH	EUR	European Ancestry	CEU	1000 Genomes on GRCh38,1000 Genomes 30x on GRCh38,1000 Genomes phase 3 release,1000 Genomes phase 1 release,Geuvadis
NA07347	M	SAME123572	CEU	CEPH	EUR	European Ancestry	CEU	1000 Genomes on GRCh38,1000 Genomes 30x on GRCh38,1000 Genomes phase 3 release,1000 Genomes phase 1 release,Geuvadis
NA07348	F	SAME123567	CEU	CEPH	EUR	European Ancestry	CEU	1000 Genomes 30x on GRCh38,1KG_ONT_VIENNA,1000 Genomes phase 3 release
NA07349	M	SAME123568	CEU	CEPH	EUR	European Ancestry	CEU	1000 Genomes 30x on GRCh38,1000 Genomes phase 3 release
NA07357	M	SAME123412	CEU	CEPH	EUR	European Ancestry	CEU	1000 Genomes on GRCh38,1000 Genomes 30x on GRCh38,1000 Genomes phase 3 release,1000 Genomes phase 1 release,Geuvadis
NA07435	M	SAME124342	CEU	CEPH	EUR	European Ancestry	CEU	1000 Genomes 30x on GRCh38,1000 Genomes phase 3 release
NA10830	M	SAME124548	CEU	CEPH	EUR	European Ancestry	CEU	1000 Genomes 30x on GRCh38,1000 Genomes phase 3 release
NA10831	F	SAME124549	CEU	CEPH	EUR	European Ancestry	CEU	1000 Genomes 30x on GRCh38,1000 Genomes phase 3 release
NA10835	M	SAME124547	CEU	CEPH	EUR	European Ancestry	CEU	1000 Genomes 30x on GRCh38,1KG_ONT_VIENNA,1000 Genomes phase 3 release
NA10836	F	SAME124545	CEU	CEPH	EUR	European Ancestry	CEU	1000 Genomes 30x on GRCh38,1000 Genomes phase 3 release
NA10837	M	SAME124546	CEU	CEPH	EUR	European Ancestry	CEU	1000 Genomes 30x on GRCh38,1000 Genomes phase 3 release
NA10838	M	SAME124550	CEU	CEPH	EUR	European Ancestry	CEU	1000 Genomes 30x on GRCh38,1000 Genomes phase 3 release
NA10839	F	SAME124551	CEU	CEPH	EUR	European Ancestry	CEU	1000 Genomes 30x on GRCh38,1KG_ONT_VIENNA,1000 Genomes phase 3 release
NA10840	F	SAME124756	CEU	CEPH	EUR	European Ancestry	CEU	1000 Genomes 30x on GRCh38,1000 Genomes phase 3 release
NA10842	M	SAME124755	CEU	CEPH	EUR	European Ancestry	CEU	1000 Genomes 30x on GRCh38,1KG_ONT_VIENNA,1000 Genomes phase 3 release
NA10843	F	SAME124754	CEU	CEPH	EUR	European Ancestry	CEU	1000 Genomes 30x on GRCh38,1KG_ONT_VIENNA,1000 Genomes phase 3 release
NA10845	M	SAME124759	CEU	CEPH	EUR	European Ancestry	CEU	1000 Genomes 30x on GRCh38,1000 Genomes phase 3 release
NA10846	M	SAME124758	CEU	CEPH	EUR	European Ancestry	CEU	1000 Genomes 30x on GRCh38,1000 Genomes phase 3 release
NA10847	F	SAME124757	CEU	CEPH	EUR	European Ancestry	CEU	1000 Genomes on GRCh38,1000 Genomes 30x on GRCh38,1000 Genomes phase 3 release,1000 Genomes phase 1 release,Geuvadis
NA10850	F	SAME124929	CEU	CEPH	EUR	European Ancestry	CEU	1KG_ONT_VIENNA,1000 Genomes phase 3 release
NA10851	M	SAME125317	CEU	CEPH	EUR	European Ancestry	CEU	1000 Genomes on GRCh38,1000 Genomes 30x on GRCh38,1KG_ONT_VIENNA,1000 Genomes phase 3 release,1000 Genomes phase 1 release,Geuvadis
NA10852	F	SAME125320	CEU	CEPH	EUR	European Ancestry	CEU	1000 Genomes 30x on GRCh38,1KG_ONT_VIENNA,1000 Genomes phase 3 release
NA10853	M	SAME124932	CEU	CEPH	EUR	European Ancestry	CEU	1000 Genomes phase 3 release
NA10854	F	SAME124933	CEU	CEPH	EUR	European Ancestry	CEU	1000 Genomes 30x on GRCh38,1000 Genomes phase 3 release
NA10855	F	SAME125331	CEU	CEPH	EUR	European Ancestry	CEU	1000 Genomes 30x on GRCh38,1000 Genomes phase 3 release
NA10856	M	SAME124935	CEU	CEPH	EUR	European Ancestry	CEU	1000 Genomes 30x on GRCh38,1KG_ONT_VIENNA,1000 Genomes phase 3 release
NA10857	M	SAME125332	CEU	CEPH	EUR	European Ancestry	CEU	1000 Genomes 30x on GRCh38,1KG_ONT_VIENNA,1000 Genomes phase 3 release
NA10859	F	SAME124937	CEU	CEPH	EUR	European Ancestry	CEU	1000 Genomes 30x on GRCh38,1KG_ONT_VIENNA,1000 Genomes phase 3 release
NA10860	M	SAME125131	CEU	CEPH	EUR	European Ancestry	CEU	1000 Genomes 30x on GRCh38,1000 Genomes phase 3 release
NA10861	F	SAME125130	CEU	CEPH	EUR	European Ancestry	CEU	1000 Genomes 30x on GRCh38,1KG_ONT_VIENNA,1000 Genomes phase 3 release
NA10863	F	SAME125132	CEU	CEPH	EUR	European Ancestry	CEU	1000 Genomes 30x on GRCh38,1000 Genomes phase 3 release
NA10864	F	SAME125129	CEU	CEPH	EUR	European Ancestry	CEU	1000 Genomes 30x on GRCh38,1000 Genomes phase 3 release
NA10865	M	SAME125128	CEU	CEPH	EUR	European Ancestry	CEU	1000 Genomes 30x on GRCh38,1000 Genomes phase 3 release
NA11829	M	SAME124761	CEU	CEPH	EUR	European Ancestry	CEU	1000 Genomes on GRCh38,1000 Genomes 30x on GRCh38,1000 Genomes phase 3 release,1000 Genomes phase 1 release,Geuvadis
NA11830	F	SAME124553	CEU	CEPH	EUR	European Ancestry	CEU	1000 Genomes on GRCh38,1000 Genomes 30x on GRCh38,1000 Genomes phase 3 release,1000 Genomes phase 1 release,Geuvadis
NA11831	M	SAME124552	CEU	CEPH	EUR	European Ancestry	CEU	1000 Genomes on GRCh38,1000 Genomes 30x on GRCh38,1000 Genomes phase 3 release,1000 Genomes phase 1 release,Geuvadis
NA11832	F	SAME124554	CEU	CEPH	EUR	European Ancestry	CEU	1000 Genomes on GRCh38,1000 Genomes 30x on GRCh38,1000 Genomes phase 3 release,1000 Genomes phase 1 release,Geuvadis
NA11839	M	SAME124555	CEU	CEPH	EUR	European Ancestry	CEU	1000 Genomes 30x on GRCh38,1000 Genomes phase 3 release
NA11840	F	SAME125139	CEU	CEPH	EUR	European Ancestry	CEU	1000 Genomes on GRCh38,1000 Genomes 30x on GRCh38,1000 Genomes phase 3 release,1000 Genomes phase 1 release,Geuvadis
NA11843	M	SAME125140	CEU	CEPH	EUR	European Ancestry	CEU	1000 Genomes on GRCh38,1000 Genomes 30x on GRCh38,1000 Genomes phase 3 release,1000 Genomes phase 1 release,Geuvadis
NA11881	M	SAME123209	CEU	CEPH	EUR	European Ancestry	CEU	1000 Genomes on GRCh38,1000 Genomes 30x on GRCh38,1000 Genomes phase 3 release,1000 Genomes phase 1 release,Geuvadis
NA11882	F	SAME123210	CEU	CEPH	EUR	European Ancestry	CEU	1000 Genomes 30x on GRCh38,1000 Genomes phase 3 release
NA11891	M	SAME123046	CEU	CEPH	EUR	European Ancestry	CEU	1000 Genomes 30x on GRCh38,1000 Genomes phase 3 release
NA11892	F	SAME123045	CEU	CEPH	EUR	European Ancestry	CEU	1000 Genomes on GRCh38,1000 Genomes 30x on GRCh38,1000 Genomes phase 3 release,1000 Genomes phase 1 release,Geuvadis
NA11893	M	SAME123044	CEU	CEPH	EUR	European Ancestry	CEU	1000 Genomes on GRCh38,1000 Genomes 30x on GRCh38,1000 Genomes phase 3 release,1000 Genomes phase 1 release,Geuvadis
NA11894	F	SAME123043	CEU	CEPH	EUR	European Ancestry	CEU	1000 Genomes on GRCh38,1000 Genomes 30x on GRCh38,1000 Genomes phase 3 release,1000 Genomes phase 1 release,Geuvadis
NA11917	M	SAME122838	CEU	CEPH	EUR	European Ancestry	CEU	1000 Genomes 30x on GRCh38,1000 Genomes phase 3 release
NA11918	F	SAME123135	CEU	CEPH	EUR	European Ancestry	CEU	1000 Genomes on GRCh38,1000 Genomes 30x on GRCh38,1000 Genomes phase 3 release,1000 Genomes phase 1 release,Geuvadis
NA11919	M	SAME122834	CEU	CEPH	EUR	European Ancestry	CEU	1000 Genomes on GRCh38,1000 Genomes 30x on GRCh38,MAGE RNA-seq,1000 Genomes phase 3 release,1000 Genomes phase 1 release
NA11920	F	SAME124901	CEU	CEPH	EUR	European Ancestry	CEU	1000 Genomes on GRCh38,1000 Genomes 30x on GRCh38,1000 Genomes phase 3 release,1000 Genomes phase 1 release,Geuvadis
NA11930	M	SAME125095	CEU	CEPH	EUR	European Ancestry	CEU	1000 Genomes on GRCh38,1000 Genomes 30x on GRCh38,MAGE RNA-seq,1000 Genomes phase 3 release,1000 Genomes phase 1 release,Geuvadis
NA11931	F	SAME125096	CEU	CEPH	EUR	European Ancestry	CEU	1000 Genomes on GRCh38,1000 Genomes 30x on GRCh38,1000 Genomes phase 3 release,1000 Genomes phase 1 release,Geuvadis
NA11932	M	SAME125097	CEU	CEPH	EUR	European Ancestry	CEU	1000 Genomes on GRCh38,1000 Genomes 30x on GRCh38,MAGE RNA-seq,1000 Genomes phase 3 release,1000 Genomes phase 1 release
NA11933	F	SAME125098	CEU	CEPH	EUR	European Ancestry	CEU	1000 Genomes on GRCh38,1000 Genomes 30x on GRCh38,MAGE RNA-seq,1000 Genomes phase 3 release,1000 Genomes phase 1 release
NA11992	M	SAME123964	CEU	CEPH	EUR	European Ancestry	CEU	1000 Genomes on GRCh38,1000 Genomes 30x on GRCh38,1000 Genomes phase 3 release,1000 Genomes phase 1 release,Geuvadis
NA11993	F	SAME123965	CEU	CEPH	EUR	European Ancestry	CEU	1000 Genomes on GRCh38,1000 Genomes 30x on GRCh38,1000 Genomes phase 3 release,1000 Genomes phase 1 release,Geuvadis
NA11994	M	SAME123967	CEU	CEPH	EUR	European Ancestry	CEU	1000 Genomes on GRCh38,1000 Genomes 30x on GRCh38,1000 Genomes phase 3 release,1000 Genomes phase 1 release,Geuvadis
NA11995	F	SAME123968	CEU	CEPH	EUR	European Ancestry	CEU	1000 Genomes on GRCh38,1000 Genomes 30x on GRCh38,1000 Genomes phase 3 release,1000 Genomes phase 1 release,Geuvadis
NA12003	M	SAME125142	CEU	CEPH	EUR	European Ancestry	CEU	1000 Genomes on GRCh38,1000 Genomes 30x on GRCh38,MAGE RNA-seq,1000 Genomes phase 3 release,1000 Genomes phase 1 release
NA12004	F	SAME125144	CEU	CEPH	EUR	European Ancestry	CEU	1000 Genomes on GRCh38,1000 Genomes 30x on GRCh38,1000 Genomes phase 3 release,1000 Genomes phase 1 release,Geuvadis
NA12005	M	SAME125143	CEU	CEPH	EUR	European Ancestry	CEU	1000 Genomes on GRCh38,1000 Genomes 30x on GRCh38,1000 Genomes phase 3 release,1000 Genomes phase 1 release,Geuvadis
NA12006	F	SAME125145	CEU	CEPH	EUR	European Ancestry	CEU	1000 Genomes on GRCh38,1000 Genomes 30x on GRCh38,1000 Genomes phase 3 release,1000 Genomes phase 1 release,Geuvadis
NA12043	M	SAME123214	CEU	CEPH	EUR	European Ancestry	CEU	1000 Genomes on GRCh38,1000 Genomes 30x on GRCh38,1000 Genomes phase 3 release,1000 Genomes phase 1 release,Geuvadis
NA12044	F	SAME123212	CEU	CEPH	EUR	European Ancestry	CEU	1000 Genomes on GRCh38,1000 Genomes 30x on GRCh38,1000 Genomes phase 3 release,1000 Genomes phase 1 release,Geuvadis
NA12045	M	SAME123211	CEU	CEPH	EUR	European Ancestry	CEU	1000 Genomes on GRCh38,1000 Genomes 30x on GRCh38,1000 Genomes phase 3 release,1000 Genomes phase 1 release,Geuvadis
NA12046	F	SAME123213	CEU	CEPH	EUR	European Ancestry	CEU	1000 Genomes on GRCh38,1000 Genomes 30x on GRCh38,MAGE RNA-seq,1000 Genomes phase 3 release,1000 Genomes phase 1 release
NA12056	M	SAME123414	CEU	CEPH	EUR	European Ancestry	CEU	1000 Genomes 30x on GRCh38,1000 Genomes phase 3 release
NA12057	F	SAME123415	CEU	CEPH	EUR	European Ancestry	CEU	1000 Genomes 30x on GRCh38,1000 Genomes phase 3 release
NA12058	F	SAME123416	CEU	CEPH	EUR	European Ancestry	CEU	1000 Genomes on GRCh38,1000 Genomes 30x on GRCh38,MAGE RNA-seq,1000 Genomes phase 3 release,1000 Genomes phase 1 release,Geuvadis
NA12144	M	SAME124156	CEU	CEPH	EUR	European Ancestry	CEU	1000 Genomes on GRCh38,1000 Genomes 30x on GRCh38,1000 Genomes phase 3 release,1000 Genomes phase 1 release,Geuvadis
NA12145	F	SAME124157	CEU	CEPH	EUR	European Ancestry	CEU	1000 Genomes 30x on GRCh38,1000 Genomes phase 3 release
NA12146	M	SAME124158	CEU	CEPH	EUR	European Ancestry	CEU	1000 Genomes 30x on GRCh38,1000 Genomes phase 3 release
NA12154	M	SAME124959	CEU	CEPH	EUR	European Ancestry	CEU	1000 Genomes on GRCh38,1000 Genomes 30x on GRCh38,MAGE RNA-seq,1000 Genomes phase 3 release,1000 Genomes phase 1 release,Geuvadis
NA12155	M	SAME124955	CEU	CEPH	EUR	European Ancestry	CEU	1000 Genomes on GRCh38,1000 Genomes 30x on GRCh38,1000 Genomes phase 3 release,1000 Genomes phase 1 release,Geuvadis
NA12156	F	SAME124952	CEU	CEPH	EUR	European Ancestry	CEU	1000 Genomes on GRCh38,1000 Genomes 30x on GRCh38,1000 Genomes phase 3 release,1000 Genomes phase 1 release,Geuvadis
NA12234	F	SAME124003	CEU	CEPH	EUR	European Ancestry	CEU	1000 Genomes on GRCh38,1000 Genomes 30x on GRCh38,1000 Genomes phase 3 release,1000 Genomes phase 1 release,Geuvadis
NA12239	F	SAME123999	CEU	CEPH	EUR	European Ancestry	CEU	1000 Genomes 30x on GRCh38,1000 Genomes phase 3 release
NA12248	M	SAME125372	CEU	CEPH	EUR	European Ancestry	CEU	1000 Genomes 30x on GRCh38,1000 Genomes phase 3 release
NA12249	F	SAME125371	CEU	CEPH	EUR	European Ancestry	CEU	1000 Genomes on GRCh38,1000 Genomes 30x on GRCh38,1000 Genomes phase 3 release,1000 Genomes phase 1 release,Geuvadis
NA12264	M	SAME123087	CEU	CEPH	EUR	European Ancestry	CEU	1000 Genomes 30x on GRCh38,1000 Genomes phase 3 release
NA12272	M	SAME123231	CEU	CEPH	EUR	European Ancestry	CEU	1000 Genomes on GRCh38,1000 Genomes 30x on GRCh38,1000 Genomes phase 3 release,1000 Genomes phase 1 release,Geuvadis
NA12273	F	SAME123256	CEU	CEPH	EUR	European Ancestry	CEU	1000 Genomes on GRCh38,1000 Genomes 30x on GRCh38,1000 Genomes phase 3 release,1000 Genomes phase 1 release,Geuvadis
NA12274	M	SAME125249	CEU	CEPH	EUR	European Ancestry	CEU	1000 Genomes 30x on GRCh38,1000 Genomes phase 3 release
NA12275	F	SAME125263	CEU	CEPH	EUR	European Ancestry	CEU	1000 Genomes on GRCh38,1000 Genomes 30x on GRCh38,MAGE RNA-seq,1000 Genomes phase 3 release,1000 Genomes phase 1 release,Geuvadis
NA12282	M	SAME124640	CEU	CEPH	EUR	European Ancestry	CEU	1000 Genomes on GRCh38,1000 Genomes 30x on GRCh38,1000 Genomes phase 3 release,1000 Genomes phase 1 release,Geuvadis
NA12283	F	SAME124639	CEU	CEPH	EUR	European Ancestry	CEU	1000 Genomes on GRCh38,1000 Genomes 30x on GRCh38,1000 Genomes phase 3 release,1000 Genomes phase 1 release,Geuvadis
NA12286	M	SAME124642	CEU	CEPH	EUR	European Ancestry	CEU	1000 Genomes on GRCh38,1000 Genomes 30x on GRCh38,MAGE RNA-seq,1000 Genomes phase 3 release,1000 Genomes phase 1 release,Geuvadis
NA12287	F	SAME124641	CEU	CEPH	EUR	European Ancestry	CEU	1000 Genomes on GRCh38,1000 Genomes 30x on GRCh38,MAGE RNA-seq,1000 Genomes phase 3 release,1000 Genomes phase 1 release,Geuvadis
NA12329	F	SAME123531	CEU	CEPH	EUR	European Ancestry	CEU	1000 Genomes 30x on GRCh38,Human Genome Structural Variation Consortium, Phase 2,Human Genome Structural Variation Consortium, Phase 3,1000 Genomes phase 3 release
NA12335	M	SAME124097	CEU	CEPH	EUR	European Ancestry	CEU	1000 Genomes 30x on GRCh38,1KG_ONT_VIENNA,1000 Genomes phase 3 release
NA12336	F	SAME125068	CEU	CEPH	EUR	European Ancestry	CEU	1000 Genomes 30x on GRCh38,1KG_ONT_VIENNA,1000 Genomes phase 3 release
NA12340	M	SAME125157	CEU	CEPH	EUR	European Ancestry	CEU	1000 Genomes on GRCh38,1000 Genomes 30x on GRCh38,1000 Genomes phase 3 release,1000 Genomes phase 1 release,Geuvadis
NA12341	F	SAME125158	CEU	CEPH	EUR	European Ancestry	CEU	1000 Genomes on GRCh38,1000 Genomes 30x on GRCh38,1000 Genomes phase 3 release,1000 Genomes phase 1 release,Geuvadis
NA12342	M	SAME125155	CEU	CEPH	EUR	European Ancestry	CEU	1000 Genomes on GRCh38,1000 Genomes 30x on GRCh38,1000 Genomes phase 3 release,1000 Genomes phase 1 release,Geuvadis
NA12343	F	SAME125156	CEU	CEPH	EUR	European Ancestry	CEU	1000 Genomes 30x on GRCh38,1000 Genomes phase 3 release
NA12344	M	SAME123946	CEU	CEPH	EUR	European Ancestry	CEU	1000 Genomes 30x on GRCh38,1000 Genomes phase 3 release
NA12347	M	SAME125316	CEU	CEPH	EUR	European Ancestry	CEU	1000 Genomes on GRCh38,1000 Genomes 30x on GRCh38,1000 Genomes phase 3 release,1000 Genomes phase 1 release,Geuvadis
NA12348	F	SAME125163	CEU	CEPH	EUR	European Ancestry	CEU	1000 Genomes on GRCh38,1000 Genomes 30x on GRCh38,MAGE RNA-seq,1000 Genomes phase 3 release,1000 Genomes phase 1 release,Geuvadis
NA12375	M	SAME124589	CEU	CEPH	EUR	European Ancestry	CEU	1000 Genomes phase 3 release
NA12376	F	SAME123275	CEU	CEPH	EUR	European Ancestry	CEU	1000 Genomes 30x on GRCh38,1KG_ONT_VIENNA,1000 Genomes phase 3 release
NA12383	F	SAME124384	CEU	CEPH	EUR	European Ancestry	CEU	1000 Genomes on GRCh38,1000 Genomes 30x on GRCh38,1000 Genomes phase 3 release,1000 Genomes phase 1 release,Geuvadis
NA12386	F	SAME124386	CEU	CEPH	EUR	European Ancestry	CEU	1000 Genomes 30x on GRCh38,1KG_ONT_VIENNA,1000 Genomes phase 3 release
NA12399	M	SAME124193	CEU	CEPH	EUR	European Ancestry	CEU	1000 Genomes on GRCh38,1000 Genomes 30x on GRCh38,MAGE RNA-seq,1000 Genomes phase 3 release,1000 Genomes phase 1 release,Geuvadis
NA12400	F	SAME123881	CEU	CEPH	EUR	European Ancestry	CEU	1000 Genomes on GRCh38,1000 Genomes 30x on GRCh38,1000 Genomes phase 3 release,1000 Genomes phase 1 release,Geuvadis
NA12413	M	SAME124055	CEU	CEPH	EUR	European Ancestry	CEU	1000 Genomes on GRCh38,1000 Genomes 30x on GRCh38,MAGE RNA-seq,1000 Genomes phase 3 release,1000 Genomes phase 1 release,Geuvadis
NA12414	F	SAME124057	CEU	CEPH	EUR	European Ancestry	CEU	1000 Genomes on GRCh38,1000 Genomes 30x on GRCh38,MAGE RNA-seq,1000 Genomes phase 3 release,1000 Genomes phase 1 release
NA12485	M	SAME125360	CEU	CEPH	EUR	European Ancestry	CEU	1000 Genomes 30x on GRCh38,1000 Genomes phase 3 release
NA12489	F	SAME125358	CEU	CEPH	EUR	European Ancestry	CEU	1000 Genomes on GRCh38,1000 Genomes 30x on GRCh38,1000 Genomes phase 3 release,1000 Genomes phase 1 release,Geuvadis
NA12546	M	SAME124777	CEU	CEPH	EUR	European Ancestry	CEU	1000 Genomes on GRCh38,1000 Genomes 30x on GRCh38,MAGE RNA-seq,1000 Genomes phase 3 release,1000 Genomes phase 1 release,Geuvadis
NA12707	M	SAME124080	CEU	CEPH	EUR	European Ancestry	CEU	1000 Genomes 30x on GRCh38,1000 Genomes phase 3 release
NA12708	F	SAME124078	CEU	CEPH	EUR	European Ancestry	CEU	1000 Genomes phase 3 release
NA12716	M	SAME123912	CEU	CEPH	EUR	European Ancestry	CEU	1000 Genomes on GRCh38,1000 Genomes 30x on GRCh38,1000 Genomes phase 3 release,1000 Genomes phase 1 release,Geuvadis
NA12717	F	SAME123911	CEU	CEPH	EUR	European Ancestry	CEU	1000 Genomes on GRCh38,1000 Genomes 30x on GRCh38,MAGE RNA-seq,1000 Genomes phase 3 release,1000 Genomes phase 1 release,Geuvadis
NA12718	F	SAME124454	CEU	CEPH	EUR	European Ancestry	CEU	1000 Genomes on GRCh38,1000 Genomes 30x on GRCh38,MAGE RNA-seq,1000 Genomes phase 3 release,1000 Genomes phase 1 release,Geuvadis
NA12739	M	SAME123529	CEU	CEPH	EUR	European Ancestry	CEU	1000 Genomes 30x on GRCh38,1000 Genomes phase 3 release
NA12740	F	SAME124822	CEU	CEPH	EUR	European Ancestry	CEU	1000 Genomes 30x on GRCh38,1000 Genomes phase 3 release
NA12748	M	SAME124827	CEU	CEPH	EUR	European Ancestry	CEU	1000 Genomes on GRCh38,1000 Genomes 30x on GRCh38,MAGE RNA-seq,1000 Genomes phase 3 release,1000 Genomes phase 1 release
NA12749	F	SAME124828	CEU	CEPH	EUR	European Ancestry	CEU	1000 Genomes on GRCh38,1000 Genomes 30x on GRCh38,1000 Genomes phase 3 release,1000 Genomes phase 1 release,Geuvadis
NA12750	M	SAME124646	CEU	CEPH	EUR	European Ancestry	CEU	1000 Genomes on GRCh38,1000 Genomes 30x on GRCh38,1000 Genomes phase 3 release,1000 Genomes phase 1 release,Geuvadis
NA12751	F	SAME123515	CEU	CEPH	EUR	European Ancestry	CEU	1000 Genomes on GRCh38,1000 Genomes 30x on GRCh38,1000 Genomes phase 3 release,1000 Genomes phase 1 release,Geuvadis
NA12752	M	SAME123518	CEU	CEPH	EUR	European Ancestry	CEU	1000 Genomes 30x on GRCh38,1000 Genomes phase 3 release
NA12753	F	SAME124647	CEU	CEPH	EUR	European Ancestry	CEU	1000 Genomes 30x on GRCh38,1000 Genomes phase 3 release
NA12760	M	SAME124465	CEU	CEPH	EUR	European Ancestry	CEU	1000 Genomes on GRCh38,1000 Genomes 30x on GRCh38,1000 Genomes phase 3 release,1000 Genomes phase 1 release,Geuvadis
NA12761	F	SAME124466	CEU	CEPH	EUR	European Ancestry	CEU	1000 Genomes on GRCh38,1000 Genomes 30x on GRCh38,1000 Genomes phase 3 release,1000 Genomes phase 1 release,Geuvadis
NA12762	M	SAME125109	CEU	CEPH	EUR	European Ancestry	CEU	1000 Genomes on GRCh38,1000 Genomes 30x on GRCh38,MAGE RNA-seq,1000 Genomes phase 3 release,1000 Genomes phase 1 release,Geuvadis
NA12763	F	SAME123872	CEU	CEPH	EUR	European Ancestry	CEU	1000 Genomes on GRCh38,1000 Genomes 30x on GRCh38,1000 Genomes phase 3 release,1000 Genomes phase 1 release,Geuvadis
NA12766	M	SAME124471	CEU	CEPH	EUR	European Ancestry	CEU	1000 Genomes 30x on GRCh38,1KG_ONT_VIENNA,1000 Genomes phase 3 release
NA12767	F	SAME124472	CEU	CEPH	EUR	European Ancestry	CEU	1000 Genomes 30x on GRCh38,1000 Genomes phase 3 release
NA12775	M	SAME124257	CEU	CEPH	EUR	European Ancestry	CEU	1000 Genomes on GRCh38,1000 Genomes 30x on GRCh38,1000 Genomes phase 3 release,1000 Genomes phase 1 release,Geuvadis
NA12776	F	SAME124256	CEU	CEPH	EUR	European Ancestry	CEU	1000 Genomes on GRCh38,1000 Genomes 30x on GRCh38,1000 Genomes phase 3 release,1000 Genomes phase 1 release,Geuvadis
NA12777	M	SAME125252	CEU	CEPH	EUR	European Ancestry	CEU	1000 Genomes on GRCh38,1000 Genomes 30x on GRCh38,1000 Genomes phase 3 release,1000 Genomes phase 1 release,Geuvadis
NA12778	F	SAME124249	CEU	CEPH	EUR	European Ancestry	CEU	1000 Genomes on GRCh38,1000 Genomes 30x on GRCh38,MAGE RNA-seq,1000 Genomes phase 3 release,1000 Genomes phase 1 release,Geuvadis
NA12801	M	SAME122827	CEU	CEPH	EUR	European Ancestry	CEU	1000 Genomes 30x on GRCh38,1KG_ONT_VIENNA,1000 Genomes phase 3 release
NA12802	F	SAME122828	CEU	CEPH	EUR	European Ancestry	CEU	1000 Genomes 30x on GRCh38,1KG_ONT_VIENNA,1000 Genomes phase 3 release
NA12812	M	SAME123023	CEU	CEPH	EUR	European Ancestry	CEU	1000 Genomes on GRCh38,1000 Genomes 30x on GRCh38,MAGE RNA-seq,1000 Genomes phase 3 release,1000 Genomes phase 1 release,Geuvadis
NA12813	F	SAME123024	CEU	CEPH	EUR	European Ancestry	CEU	1000 Genomes on GRCh38,1000 Genomes 30x on GRCh38,1000 Genomes phase 3 release,1000 Genomes phase 1 release,Geuvadis
NA12814	M	SAME123021	CEU	CEPH	EUR	European Ancestry	CEU	1000 Genomes on GRCh38,1000 Genomes 30x on GRCh38,1000 Genomes phase 3 release,1000 Genomes phase 1 release,Geuvadis
NA12815	F	SAME123022	CEU	CEPH	EUR	European Ancestry	CEU	1000 Genomes on GRCh38,1000 Genomes 30x on GRCh38,MAGE RNA-seq,1000 Genomes phase 3 release,1000 Genomes phase 1 release,Geuvadis
NA12817	M	SAME123020	CEU	CEPH	EUR	European Ancestry	CEU	1000 Genomes 30x on GRCh38,1000 Genomes phase 3 release
NA12818	F	SAME123025	CEU	CEPH	EUR	European Ancestry	CEU	1000 Genomes 30x on GRCh38,1000 Genomes phase 3 release
NA12827	M	SAME125077	CEU	CEPH	EUR	European Ancestry	CEU	1000 Genomes on GRCh38,1000 Genomes 30x on GRCh38,1000 Genomes phase 3 release,1000 Genomes phase 1 release,Geuvadis
NA12828	F	SAME125076	CEU	CEPH	EUR	European Ancestry	CEU	1000 Genomes on GRCh38,1000 Genomes 30x on GRCh38,MAGE RNA-seq,1000 Genomes phase 3 release,1000 Genomes phase 1 release
NA12829	M	SAME125075	CEU	CEPH	EUR	European Ancestry	CEU	1000 Genomes on GRCh38,1000 Genomes 30x on GRCh38,1000 Genomes phase 3 release,1000 Genomes phase 1 release,Geuvadis
NA12830	F	SAME125289	CEU	CEPH	EUR	European Ancestry	CEU	1000 Genomes on GRCh38,1000 Genomes 30x on GRCh38,1000 Genomes phase 3 release,1000 Genomes phase 1 release,Geuvadis
NA12832	F	SAME125290	CEU	CEPH	EUR	European Ancestry	CEU	1000 Genomes 30x on GRCh38,1000 Genomes phase 3 release
NA12842	M	SAME123542	CEU	CEPH	EUR	European Ancestry	CEU	1000 Genomes on GRCh38,1000 Genomes 30x on GRCh38,1000 Genomes phase 3 release,1000 Genomes phase 1 release,Geuvadis
NA12843	F	SAME123541	CEU	CEPH	EUR	European Ancestry	CEU	1000 Genomes on GRCh38,1000 Genomes 30x on GRCh38,MAGE RNA-seq,1000 Genomes phase 3 release,1000 Genomes phase 1 release,Geuvadis
NA12864	M	SAME123191	CEU	CEPH	EUR	European Ancestry	CEU	1000 Genomes 30x on GRCh38,1000 Genomes phase 3 release
NA12865	F	SAME123190	CEU	CEPH	EUR	European Ancestry	CEU	1000 Genomes 30x on GRCh38,1000 Genomes phase 3 release
NA12872	M	SAME123387	CEU	CEPH	EUR	European Ancestry	CEU	1000 Genomes on GRCh38,1000 Genomes 30x on GRCh38,1000 Genomes phase 3 release,1000 Genomes phase 1 release,Geuvadis
NA12873	F	SAME123388	CEU	CEPH	EUR	European Ancestry	CEU	1000 Genomes on GRCh38,1000 Genomes 30x on GRCh38,1000 Genomes phase 3 release,1000 Genomes phase 1 release,Geuvadis
NA12874	M	SAME123389	CEU	CEPH	EUR	European Ancestry	CEU	1000 Genomes on GRCh38,1000 Genomes 30x on GRCh38,MAGE RNA-seq,1000 Genomes phase 3 release,1000 Genomes phase 1 release,Geuvadis
NA12875	F	SAME123390	CEU	CEPH	EUR	European Ancestry	CEU	1000 Genomes 30x on GRCh38,1000 Genomes phase 3 release
NA12877	M	SAME123391	CEU	CEPH	EUR	European Ancestry	CEU	1000 Genomes 30x on GRCh38,1KG_ONT_VIENNA,Illumina Platinum pedigree,1000 Genomes phase 3 release
NA12878	F	SAME123392	CEU	CEPH	EUR	European Ancestry	CEU	1000 Genomes on GRCh38,1000 Genomes 30x on GRCh38,Human Genome Structural Variation Consortium, Phase 2,1KG_ONT_VIENNA,MAGE RNA-seq,Illumina Platinum pedigree,1000 Genomes phase 3 release,1000 Genomes phase 1 release
NA12889	M	SAME123951	CEU	CEPH	EUR	European Ancestry	CEU	1000 Genomes on GRCh38,1000 Genomes 30x on GRCh38,1KG_ONT_VIENNA,MAGE RNA-seq,Illumina Platinum pedigree,1000 Genomes phase 3 release,1000 Genomes phase 1 release,Geuvadis
NA12890	F	SAME124116	CEU	CEPH	EUR	European Ancestry	CEU	1000 Genomes on GRCh38,1000 Genomes 30x on GRCh38,1KG_ONT_VIENNA,Illumina Platinum pedigree,1000 Genomes phase 3 release,1000 Genomes phase 1 release,Geuvadis
NA12891	M	SAME124117	CEU	CEPH	EUR	European Ancestry	CEU	1000 Genomes on GRCh38,1000 Genomes 30x on GRCh38,1KG_ONT_VIENNA,Illumina Platinum pedigree,1000 Genomes phase 3 release,1000 Genomes phase 1 release
NA12892	F	SAME123181	CEU	CEPH	EUR	European Ancestry	CEU	1000 Genomes on GRCh38,1000 Genomes 30x on GRCh38,1KG_ONT_VIENNA,Illumina Platinum pedigree,1000 Genomes phase 3 release,1000 Genomes phase 1 release
NA18484	F	SAME124101	YRI	Yoruba	AFR	African Ancestry	YRI	1000 Genomes 30x on GRCh38,1000 Genomes phase 3 release
NA18485	M	SAME124100	YRI	Yoruba	AFR	African Ancestry	YRI	1000 Genomes 30x on GRCh38,1000 Genomes phase 3 release
NA18486	M	SAME124099	YRI	Yoruba	AFR	African Ancestry	YRI	1000 Genomes on GRCh38,1000 Genomes 30x on GRCh38,MAGE RNA-seq,1000 Genomes phase 3 release,1000 Genomes phase 1 release,Geuvadis
NA18487	M	SAME124098	YRI	Yoruba	AFR	African Ancestry	YRI	1000 Genomes on GRCh38,1000 Genomes 30x on GRCh38,1000 Genomes phase 3 release,1000 Genomes phase 1 release,Geuvadis
NA18488	F	SAME124103	YRI	Yoruba	AFR	African Ancestry	YRI	1000 Genomes on GRCh38,1000 Genomes 30x on GRCh38,1000 Genomes phase 3 release,1000 Genomes phase 1 release,Geuvadis
NA18489	F	SAME124102	YRI	Yoruba	AFR	African Ancestry	YRI	1000 Genomes on GRCh38,1000 Genomes 30x on GRCh38,1000 Genomes phase 3 release,1000 Genomes phase 1 release,Geuvadis
NA18497	M	SAME124277	YRI	Yoruba	AFR	African Ancestry	YRI	1000 Genomes 30x on GRCh38,1000 Genomes phase 3 release
NA18498	M	SAME124058	YRI	Yoruba	AFR	African Ancestry	YRI	1000 Genomes on GRCh38,1000 Genomes 30x on GRCh38,1KG_ONT_VIENNA,1000 Genomes phase 3 release,1000 Genomes phase 1 release,Geuvadis
NA18499	F	SAME124059	YRI	Yoruba	AFR	African Ancestry	YRI	1000 Genomes on GRCh38,1000 Genomes 30x on GRCh38,1KG_ONT_VIENNA,1000 Genomes phase 3 release,1000 Genomes phase 1 release,Geuvadis
NA18500	M	SAME123386	YRI	Yoruba	AFR	African Ancestry	YRI	1000 Genomes 30x on GRCh38,1000 Genomes phase 3 release
NA18501	M	SAME124991	YRI	Yoruba	AFR	African Ancestry	YRI	1000 Genomes on GRCh38,1000 Genomes 30x on GRCh38,MAGE RNA-seq,1000 Genomes phase 3 release,1000 Genomes phase 1 release
NA18502	F	SAME125055	YRI	Yoruba	AFR	African Ancestry	YRI	1000 Genomes on GRCh38,1000 Genomes 30x on GRCh38,1KG_ONT_VIENNA,1000 Genomes phase 3 release,1000 Genomes phase 1 release,Geuvadis
NA18503	M	SAME125056	YRI	Yoruba	AFR	African Ancestry	YRI	1000 Genomes 30x on GRCh38,1000 Genomes phase 3 release
NA18504	M	SAME125061	YRI	Yoruba	AFR	African Ancestry	YRI	1000 Genomes on GRCh38,1000 Genomes 30x on GRCh38,1KG_ONT_VIENNA,MAGE RNA-seq,1000 Genomes phase 3 release,1000 Genomes phase 1 release
NA18505	F	SAME125062	YRI	Yoruba	AFR	African Ancestry	YRI	1000 Genomes on GRCh38,1000 Genomes 30x on GRCh38,Human Pangenome Reference Consortium, Phase 2,1000 Genomes phase 3 release,1000 Genomes phase 1 release,Geuvadis
NA18506	M	SAME125059	YRI	Yoruba	AFR	African Ancestry	YRI	1000 Genomes 30x on GRCh38,1000 Genomes phase 3 release
NA18507	M	SAME125060	YRI	Yoruba	AFR	African Ancestry	YRI	1000 Genomes on GRCh38,1000 Genomes 30x on GRCh38,MAGE RNA-seq,1000 Genomes phase 3 release,1000 Genomes phase 1 release
NA18508	F	SAME124318	YRI	Yoruba	AFR	African Ancestry	YRI	1000 Genomes on GRCh38,1000 Genomes 30x on GRCh38,MAGE RNA-seq,Human Pangenome Reference Consortium, Phase 2,1000 Genomes phase 3 release,1000 Genomes phase 1 release,Geuvadis
NA18509	M	SAME125066	YRI	Yoruba	AFR	African Ancestry	YRI	1000 Genomes phase 3 release
NA18510	M	SAME124886	YRI	Yoruba	AFR	African Ancestry	YRI	1000 Genomes on GRCh38,1000 Genomes 30x on GRCh38,1KG_ONT_VIENNA,1000 Genomes phase 3 release,1000 Genomes phase 1 release,Geuvadis
NA18511	F	SAME124885	YRI	Yoruba	AFR	African Ancestry	YRI	1000 Genomes on GRCh38,1000 Genomes 30x on GRCh38,1000 Genomes phase 3 release,1000 Genomes phase 1 release,Geuvadis
NA18515	M	SAME124881	YRI	Yoruba	AFR	African Ancestry	YRI	1000 Genomes 30x on GRCh38,1000 Genomes phase 3 release
NA18516	M	SAME124884	YRI	Yoruba	AFR	African Ancestry	YRI	1000 Genomes on GRCh38,1000 Genomes 30x on GRCh38,1KG_ONT_VIENNA,MAGE RNA-seq,1000 Genomes phase 3 release,1000 Genomes phase 1 release
NA18517	F	SAME124883	YRI	Yoruba	AFR	African Ancestry	YRI	1000 Genomes on GRCh38,1000 Genomes 30x on GRCh38,1000 Genomes phase 3 release,1000 Genomes phase 1 release,Geuvadis
NA18518	F	SAME124889	YRI	Yoruba	AFR	African Ancestry	YRI	1000 Genomes 30x on GRCh38,1000 Genomes phase 3 release
NA18519	M	SAME124888	YRI	Yoruba	AFR	African Ancestry	YRI	1000 Genomes on GRCh38,1000 Genomes 30x on GRCh38,1000 Genomes phase 3 release,1000 Genomes phase 1 release,Geuvadis
NA18520	F	SAME123565	YRI	Yoruba	AFR	African Ancestry	YRI	1000 Genomes on GRCh38,1000 Genomes 30x on GRCh38,1KG_ONT_VIENNA,1000 Genomes phase 3 release,1000 Genomes phase 1 release,Geuvadis
NA18521	M	SAME123566	YRI	Yoruba	AFR	African Ancestry	YRI	1000 Genomes 30x on GRCh38,1000 Genomes phase 3 release
NA18522	M	SAME124669	YRI	Yoruba	AFR	African Ancestry	YRI	1000 Genomes on GRCh38,1000 Genomes 30x on GRCh38,MAGE RNA-seq,Human Pangenome Reference Consortium, Phase 2,1000 Genomes phase 3 release,1000 Genomes phase 1 release
NA18523	F	SAME124670	YRI	Yoruba	AFR	African Ancestry	YRI	1000 Genomes on GRCh38,1000 Genomes 30x on GRCh38,1KG_ONT_VIENNA,Human Pangenome Reference Consortium, Phase 2,1000 Genomes phase 3 release,1000 Genomes phase 1 release
NA18525	F	SAME124672	CHB	Han Chinese	EAS	East Asian Ancestry	CHB	1000 Genomes on GRCh38,1000 Genomes 30x on GRCh38,1KG_ONT_VIENNA,1000 Genomes phase 3 release,1000 Genomes phase 1 release
NA18526	F	SAME124673	CHB	Han Chinese	EAS	East Asian Ancestry	CHB	1000 Genomes on GRCh38,1000 Genomes 30x on GRCh38,1KG_ONT_VIENNA,1000 Genomes phase 3 release,1000 Genomes phase 1 release,90 Han Chinese high coverage genomes
NA18527	F	SAME124674	CHB	Han Chinese	EAS	East Asian Ancestry	CHB	1000 Genomes on GRCh38,1000 Genomes phase 3 release,1000 Genomes phase 1 release
NA18528	F	SAME124661	CHB	Han Chinese	EAS	East Asian Ancestry	CHB	1000 Genomes on GRCh38,1000 Genomes 30x on GRCh38,1KG_ONT_VIENNA,MAGE RNA-seq,1000 Genomes phase 3 release,1000 Genomes phase 1 release
NA18530	M	SAME124484	CHB	Han Chinese	EAS	East Asian Ancestry	CHB	1000 Genomes on GRCh38,1000 Genomes 30x on GRCh38,1KG_ONT_VIENNA,1000 Genomes phase 3 release,1000 Genomes phase 1 release
NA18531	F	SAME124483	CHB	Han Chinese	EAS	East Asian Ancestry	CHB	1000 Genomes on GRCh38,1000 Genomes 30x on GRCh38,MAGE RNA-seq,1000 Genomes phase 3 release,1000 Genomes phase 1 release
NA18532	F	SAME124482	CHB	Han Chinese	EAS	East Asian Ancestry	CHB	1000 Genomes on GRCh38,1000 Genomes 30x on GRCh38,1KG_ONT_VIENNA,1000 Genomes phase 3 release,1000 Genomes phase 1 release,90 Han Chinese high coverage genomes
NA18533	F	SAME124481	CHB	Han Chinese	EAS	East Asian Ancestry	CHB	1000 Genomes on GRCh38,1000 Genomes 30x on GRCh38,1000 Genomes phase 3 release
NA18534	M	SAME124488	CHB	Han Chinese	EAS	East Asian Ancestry	CHB	1000 Genomes on GRCh38,1000 Genomes 30x on GRCh38,Human Genome Structural Variation Consortium, Phase 2,Human Genome Structural Variation Consortium, Phase 3,1000 Genomes phase 3 release,1000 Genomes phase 1 release
NA18535	F	SAME124487	CHB	Han Chinese	EAS	East Asian Ancestry	CHB	1000 Genomes on GRCh38,1000 Genomes 30x on GRCh38,MAGE RNA-seq,1000 Genomes phase 3 release,1000 Genomes phase 1 release
NA18536	M	SAME124486	CHB	Han Chinese	EAS	East Asian Ancestry	CHB	1000 Genomes on GRCh38,1000 Genomes 30x on GRCh38,MAGE RNA-seq,1000 Genomes phase 3 release,1000 Genomes phase 1 release
NA18537	F	SAME124485	CHB	Han Chinese	EAS	East Asian Ancestry	CHB	1000 Genomes on GRCh38,1000 Genomes 30x on GRCh38,1KG_ONT_VIENNA,1000 Genomes phase 3 release,1000 Genomes phase 1 release,90 Han Chinese high coverage genomes
NA18538	F	SAME123774	CHB	Han Chinese	EAS	East Asian Ancestry	CHB	1000 Genomes on GRCh38,1000 Genomes 30x on GRCh38,1KG_ONT_VIENNA,1000 Genomes phase 3 release,1000 Genomes phase 1 release
NA18539	F	SAME124475	CHB	Han Chinese	EAS	East Asian Ancestry	CHB	1000 Genomes on GRCh38,1000 Genomes 30x on GRCh38,1KG_ONT_VIENNA,1000 Genomes phase 3 release,1000 Genomes phase 1 release
NA18541	F	SAME124270	CHB	Han Chinese	EAS	East Asian Ancestry	CHB	1000 Genomes on GRCh38,1000 Genomes 30x on GRCh38,MAGE RNA-seq,1000 Genomes phase 3 release,1000 Genomes phase 1 release
NA18542	F	SAME124267	CHB	Han Chinese	EAS	East Asian Ancestry	CHB	1000 Genomes on GRCh38,1000 Genomes 30x on GRCh38,MAGE RNA-seq,1000 Genomes phase 3 release,1000 Genomes phase 1 release,90 Han Chinese high coverage genomes
NA18543	M	SAME124268	CHB	Han Chinese	EAS	East Asian Ancestry	CHB	1000 Genomes on GRCh38,1000 Genomes 30x on GRCh38,1000 Genomes phase 3 release,1000 Genomes phase 1 release
NA18544	M	SAME124265	CHB	Han Chinese	EAS	East Asian Ancestry	CHB	1000 Genomes on GRCh38,1000 Genomes 30x on GRCh38,1KG_ONT_VIENNA,MAGE RNA-seq,1000 Genomes phase 3 release,1000 Genomes phase 1 release
NA18545	F	SAME124266	CHB	Han Chinese	EAS	East Asian Ancestry	CHB	1000 Genomes on GRCh38,1000 Genomes 30x on GRCh38,MAGE RNA-seq,1000 Genomes phase 3 release,1000 Genomes phase 1 release,90 Han Chinese high coverage genomes
NA18546	M	SAME124263	CHB	Han Chinese	EAS	East Asian Ancestry	CHB	1000 Genomes on GRCh38,1000 Genomes 30x on GRCh38,1KG_ONT_VIENNA,1000 Genomes phase 3 release,1000 Genomes phase 1 release
NA18547	F	SAME124264	CHB	Han Chinese	EAS	East Asian Ancestry	CHB	1000 Genomes on GRCh38,1000 Genomes 30x on GRCh38,1000 Genomes phase 3 release,1000 Genomes phase 1 release,90 Han Chinese high coverage genomes
NA18548	M	SAME124261	CHB	Han Chinese	EAS	East Asian Ancestry	CHB	1000 Genomes on GRCh38,1000 Genomes 30x on GRCh38,MAGE RNA-seq,1000 Genomes phase 3 release,1000 Genomes phase 1 release
NA18549	M	SAME124262	CHB	Han Chinese	EAS	East Asian Ancestry	CHB	1000 Genomes on GRCh38,1000 Genomes 30x on GRCh38,1000 Genomes phase 3 release,1000 Genomes phase 1 release
NA18550	F	SAME124087	CHB	Han Chinese	EAS	East Asian Ancestry	CHB	1000 Genomes on GRCh38,1000 Genomes 30x on GRCh38,1000 Genomes phase 3 release,1000 Genomes phase 1 release,90 Han Chinese high coverage genomes
NA18552	F	SAME124089	CHB	Han Chinese	EAS	East Asian Ancestry	CHB	1000 Genomes on GRCh38,1000 Genomes 30x on GRCh38,1KG_ONT_VIENNA,1000 Genomes phase 3 release,1000 Genomes phase 1 release,90 Han Chinese high coverage genomes
NA18553	F	SAME124088	CHB	Han Chinese	EAS	East Asian Ancestry	CHB	1000 Genomes on GRCh38,1000 Genomes 30x on GRCh38,1KG_ONT_VIENNA,MAGE RNA-seq,1000 Genomes phase 3 release,1000 Genomes phase 1 release
NA18555	F	SAME124090	CHB	Han Chinese	EAS	East Asian Ancestry	CHB	1000 Genomes on GRCh38,1000 Genomes 30x on GRCh38,1KG_ONT_VIENNA,MAGE RNA-seq,1000 Genomes phase 3 release,1000 Genomes phase 1 release,90 Han Chinese high coverage genomes
NA18557	M	SAME124092	CHB	Han Chinese	EAS	East Asian Ancestry	CHB	1000 Genomes on GRCh38,1000 Genomes 30x on GRCh38,MAGE RNA-seq,1000 Genomes phase 3 release,1000 Genomes phase 1 release
NA18558	M	SAME124094	CHB	Han Chinese	EAS	East Asian Ancestry	CHB	1000 Genomes on GRCh38,1000 Genomes 30x on GRCh38,MAGE RNA-seq,1000 Genomes phase 3 release,1000 Genomes phase 1 release,90 Han Chinese high coverage genomes
NA18559	M	SAME124093	CHB	Han Chinese	EAS	East Asian Ancestry	CHB	1000 Genomes on GRCh38,1000 Genomes 30x on GRCh38,1000 Genomes phase 3 release,1000 Genomes phase 1 release
NA18560	F	SAME123925	CHB	Han Chinese	EAS	East Asian Ancestry	CHB	1000 Genomes on GRCh38,1000 Genomes 30x on GRCh38,1000 Genomes phase 3 release,1000 Genomes phase 1 release
NA18561	M	SAME123926	CHB	Han Chinese	EAS	East Asian Ancestry	CHB	1000 Genomes on GRCh38,1000 Genomes 30x on GRCh38,MAGE RNA-seq,1000 Genomes phase 3 release,1000 Genomes phase 1 release,90 Han Chinese high coverage genomes
NA18562	M	SAME123927	CHB	Han Chinese	EAS	East Asian Ancestry	CHB	1000 Genomes on GRCh38,1000 Genomes 30x on GRCh38,1000 Genomes phase 3 release,1000 Genomes phase 1 release,90 Han Chinese high coverage genomes
NA18563	M	SAME123928	CHB	Han Chinese	EAS	East Asian Ancestry	CHB	1000 Genomes on GRCh38,1000 Genomes 30x on GRCh38,1000 Genomes phase 3 release,1000 Genomes phase 1 release,90 Han Chinese high coverage genomes
NA18564	F	SAME123921	CHB	Han Chinese	EAS	East Asian Ancestry	CHB	1000 Genomes on GRCh38,1000 Genomes 30x on GRCh38,1000 Genomes phase 3 release,1000 Genomes phase 1 release,90 Han Chinese high coverage genomes
NA18565	F	SAME123922	CHB	Han Chinese	EAS	East Asian Ancestry	CHB	1000 Genomes on GRCh38,1000 Genomes 30x on GRCh38,1KG_ONT_VIENNA,Human Pangenome Reference Consortium, Phase 2,1000 Genomes phase 3 release,1000 Genomes phase 1 release
NA18566	F	SAME123923	CHB	Han Chinese	EAS	East Asian Ancestry	CHB	1000 Genomes on GRCh38,1000 Genomes 30x on GRCh38,1KG_ONT_VIENNA,1000 Genomes phase 3 release,1000 Genomes phase 1 release,90 Han Chinese high coverage genomes
NA18567	F	SAME123924	CHB	Han Chinese	EAS	East Asian Ancestry	CHB	1000 Genomes on GRCh38,1000 Genomes 30x on GRCh38,1KG_ONT_VIENNA,1000 Genomes phase 3 release,1000 Genomes phase 1 release
NA18570	F	SAME123741	CHB	Han Chinese	EAS	East Asian Ancestry	CHB	1000 Genomes on GRCh38,1000 Genomes 30x on GRCh38,1KG_ONT_VIENNA,Human Pangenome Reference Consortium, Phase 2,1000 Genomes phase 3 release,1000 Genomes phase 1 release,90 Han Chinese high coverage genomes
NA18571	F	SAME123740	CHB	Han Chinese	EAS	East Asian Ancestry	CHB	1000 Genomes on GRCh38,1000 Genomes 30x on GRCh38,1KG_ONT_VIENNA,1000 Genomes phase 3 release,1000 Genomes phase 1 release,90 Han Chinese high coverage genomes
NA18572	M	SAME123739	CHB	Han Chinese	EAS	East Asian Ancestry	CHB	1000 Genomes on GRCh38,1000 Genomes 30x on GRCh38,1000 Genomes phase 3 release,1000 Genomes phase 1 release,90 Han Chinese high coverage genomes
NA18573	F	SAME123738	CHB	Han Chinese	EAS	East Asian Ancestry	CHB	1000 Genomes on GRCh38,1000 Genomes 30x on GRCh38,1000 Genomes phase 3 release,1000 Genomes phase 1 release,90 Han Chinese high coverage genomes
NA18574	F	SAME123737	CHB	Han Chinese	EAS	East Asian Ancestry	CHB	1000 Genomes on GRCh38,1000 Genomes 30x on GRCh38,MAGE RNA-seq,1000 Genomes phase 3 release,1000 Genomes phase 1 release
NA18576	F	SAME123735	CHB	Han Chinese	EAS	East Asian Ancestry	CHB	1000 Genomes on GRCh38,1000 Genomes phase 3 release,1000 Genomes phase 1 release,90 Han Chinese high coverage genomes
NA18577	F	SAME123734	CHB	Han Chinese	EAS	East Asian Ancestry	CHB	1000 Genomes on GRCh38,1000 Genomes 30x on GRCh38,1KG_ONT_VIENNA,1000 Genomes phase 3 release,1000 Genomes phase 1 release,90 Han Chinese high coverage genomes
NA18579	F	SAME123742	CHB	Han Chinese	EAS	East Asian Ancestry	CHB	1000 Genomes on GRCh38,1000 Genomes 30x on GRCh38,1KG_ONT_VIENNA,1000 Genomes phase 3 release,1000 Genomes phase 1 release,90 Han Chinese high coverage genomes
NA18582	F	SAME123905	CHB	Han Chinese	EAS	East Asian Ancestry	CHB	1000 Genomes on GRCh38,1000 Genomes 30x on GRCh38,1000 Genomes phase 3 release,1000 Genomes phase 1 release,90 Han Chinese high coverage genomes
NA18591	F	SAME123719	CHB	Han Chinese	EAS	East Asian Ancestry	CHB	1000 Genomes on GRCh38,1000 Genomes 30x on GRCh38,1KG_ONT_VIENNA,1000 Genomes phase 3 release
NA18592	F	SAME123721	CHB	Han Chinese	EAS	East Asian Ancestry	CHB	1000 Genomes on GRCh38,1000 Genomes 30x on GRCh38,1KG_ONT_VIENNA,1000 Genomes phase 3 release,1000 Genomes phase 1 release,90 Han Chinese high coverage genomes
NA18593	F	SAME123720	CHB	Han Chinese	EAS	East Asian Ancestry	CHB	1000 Genomes on GRCh38,1000 Genomes 30x on GRCh38,1000 Genomes phase 3 release,1000 Genomes phase 1 release,90 Han Chinese high coverage genomes
NA18595	F	SAME123228	CHB	Han Chinese	EAS	East Asian Ancestry	CHB	1000 Genomes on GRCh38,1000 Genomes 30x on GRCh38,1KG_ONT_VIENNA,1000 Genomes phase 3 release,1000 Genomes phase 1 release
NA18596	F	SAME123718	CHB	Han Chinese	EAS	East Asian Ancestry	CHB	1000 Genomes on GRCh38,1000 Genomes 30x on GRCh38,MAGE RNA-seq,1000 Genomes phase 3 release,1000 Genomes phase 1 release
NA18597	F	SAME123232	CHB	Han Chinese	EAS	East Asian Ancestry	CHB	1000 Genomes on GRCh38,1000 Genomes 30x on GRCh38,1000 Genomes phase 3 release,1000 Genomes phase 1 release
NA18599	F	SAME123713	CHB	Han Chinese	EAS	East Asian Ancestry	CHB	1000 Genomes on GRCh38,1000 Genomes 30x on GRCh38,1KG_ONT_VIENNA,1000 Genomes phase 3 release,1000 Genomes phase 1 release
NA18602	F	SAME124876	CHB	Han Chinese	EAS	East Asian Ancestry	CHB	1000 Genomes on GRCh38,1000 Genomes 30x on GRCh38,1000 Genomes phase 3 release,1000 Genomes phase 1 release
NA18603	M	SAME124875	CHB	Han Chinese	EAS	East Asian Ancestry	CHB	1000 Genomes on GRCh38,1000 Genomes 30x on GRCh38,1KG_ONT_VIENNA,1000 Genomes phase 3 release,1000 Genomes phase 1 release,90 Han Chinese high coverage genomes
NA18605	M	SAME124877	CHB	Han Chinese	EAS	East Asian Ancestry	CHB	1000 Genomes on GRCh38,1000 Genomes 30x on GRCh38,1KG_ONT_VIENNA,1000 Genomes phase 3 release,1000 Genomes phase 1 release,90 Han Chinese high coverage genomes
NA18606	M	SAME124879	CHB	Han Chinese	EAS	East Asian Ancestry	CHB	1000 Genomes on GRCh38,1000 Genomes 30x on GRCh38,1000 Genomes phase 3 release,1000 Genomes phase 1 release
NA18608	M	SAME124779	CHB	Han Chinese	EAS	East Asian Ancestry	CHB	1000 Genomes on GRCh38,1000 Genomes 30x on GRCh38,MAGE RNA-seq,Human Pangenome Reference Consortium, Phase 2,1000 Genomes phase 3 release,1000 Genomes phase 1 release,90 Han Chinese high coverage genomes
NA18609	M	SAME124867	CHB	Han Chinese	EAS	East Asian Ancestry	CHB	1000 Genomes on GRCh38,1000 Genomes 30x on GRCh38,MAGE RNA-seq,1000 Genomes phase 3 release,1000 Genomes phase 1 release,90 Han Chinese high coverage genomes
NA18610	F	SAME123222	CHB	Han Chinese	EAS	East Asian Ancestry	CHB	1000 Genomes on GRCh38,1000 Genomes 30x on GRCh38,MAGE RNA-seq,1000 Genomes phase 3 release,1000 Genomes phase 1 release
NA18611	M	SAME123225	CHB	Han Chinese	EAS	East Asian Ancestry	CHB	1000 Genomes on GRCh38,1000 Genomes 30x on GRCh38,1000 Genomes phase 3 release,1000 Genomes phase 1 release,90 Han Chinese high coverage genomes
NA18612	M	SAME125036	CHB	Han Chinese	EAS	East Asian Ancestry	CHB	1000 Genomes on GRCh38,1000 Genomes 30x on GRCh38,1KG_ONT_VIENNA,Human Pangenome Reference Consortium, Phase 2,1000 Genomes phase 3 release,1000 Genomes phase 1 release,90 Han Chinese high coverage genomes
NA18613	M	SAME125037	CHB	Han Chinese	EAS	East Asian Ancestry	CHB	1000 Genomes on GRCh38,1000 Genomes 30x on GRCh38,1000 Genomes phase 3 release,1000 Genomes phase 1 release
NA18614	F	SAME125034	CHB	Han Chinese	EAS	East Asian Ancestry	CHB	1000 Genomes on GRCh38,1000 Genomes 30x on GRCh38,1000 Genomes phase 3 release,1000 Genomes phase 1 release
NA18615	F	SAME123653	CHB	Han Chinese	EAS	East Asian Ancestry	CHB	1000 Genomes on GRCh38,1000 Genomes 30x on GRCh38,1000 Genomes phase 3 release,1000 Genomes phase 1 release
NA18616	F	SAME125032	CHB	Han Chinese	EAS	East Asian Ancestry	CHB	1000 Genomes on GRCh38,1000 Genomes 30x on GRCh38,1KG_ONT_VIENNA,1000 Genomes phase 3 release,1000 Genomes phase 1 release
NA18617	F	SAME125033	CHB	Han Chinese	EAS	East Asian Ancestry	CHB	1000 Genomes on GRCh38,1000 Genomes 30x on GRCh38,1000 Genomes phase 3 release,1000 Genomes phase 1 release
NA18618	F	SAME125042	CHB	Han Chinese	EAS	East Asian Ancestry	CHB	1000 Genomes on GRCh38,1000 Genomes 30x on GRCh38,1000 Genomes phase 3 release,1000 Genomes phase 1 release
NA18619	F	SAME125043	CHB	Han Chinese	EAS	East Asian Ancestry	CHB	1000 Genomes on GRCh38,1000 Genomes 30x on GRCh38,1000 Genomes phase 3 release,1000 Genomes phase 1 release
NA18620	M	SAME124510	CHB	Han Chinese	EAS	East Asian Ancestry	CHB	1000 Genomes on GRCh38,1000 Genomes 30x on GRCh38,Human Pangenome Reference Consortium, Phase 2,1000 Genomes phase 3 release,1000 Genomes phase 1 release,90 Han Chinese high coverage genomes
NA18621	M	SAME124509	CHB	Han Chinese	EAS	East Asian Ancestry	CHB	1000 Genomes on GRCh38,1000 Genomes 30x on GRCh38,1KG_ONT_VIENNA,MAGE RNA-seq,1000 Genomes phase 3 release,1000 Genomes phase 1 release,90 Han Chinese high coverage genomes
NA18622	M	SAME125260	CHB	Han Chinese	EAS	East Asian Ancestry	CHB	1000 Genomes on GRCh38,1000 Genomes 30x on GRCh38,MAGE RNA-seq,1000 Genomes phase 3 release,1000 Genomes phase 1 release,90 Han Chinese high coverage genomes
NA18623	M	SAME124507	CHB	Han Chinese	EAS	East Asian Ancestry	CHB	1000 Genomes on GRCh38,1000 Genomes 30x on GRCh38,1KG_ONT_VIENNA,1000 Genomes phase 3 release,1000 Genomes phase 1 release,90 Han Chinese high coverage genomes
NA18624	M	SAME124506	CHB	Han Chinese	EAS	East Asian Ancestry	CHB	1000 Genomes on GRCh38,1000 Genomes 30x on GRCh38,1000 Genomes phase 3 release,1000 Genomes phase 1 release,90 Han Chinese high coverage genomes
NA18625	F	SAME125253	CHB	Han Chinese	EAS	East Asian Ancestry	CHB	1000 Genomes on GRCh38,1000 Genomes 30x on GRCh38,1KG_ONT_VIENNA,1000 Genomes phase 3 release,1000 Genomes phase 1 release
NA18626	F	SAME125250	CHB	Han Chinese	EAS	East Asian Ancestry	CHB	1000 Genomes on GRCh38,1000 Genomes 30x on GRCh38,MAGE RNA-seq,1000 Genomes phase 3 release,1000 Genomes phase 1 release
NA18627	F	SAME124106	CHB	Han Chinese	EAS	East Asian Ancestry	CHB	1000 Genomes on GRCh38,1000 Genomes 30x on GRCh38,1000 Genomes phase 3 release,1000 Genomes phase 1 release
NA18628	F	SAME124502	CHB	Han Chinese	EAS	East Asian Ancestry	CHB	1000 Genomes on GRCh38,1000 Genomes 30x on GRCh38,1000 Genomes phase 3 release,1000 Genomes phase 1 release
NA18629	M	SAME124501	CHB	Han Chinese	EAS	East Asian Ancestry	CHB	1000 Genomes on GRCh38,1000 Genomes 30x on GRCh38,1000 Genomes phase 3 release
NA18630	F	SAME124895	CHB	Han Chinese	EAS	East Asian Ancestry	CHB	1000 Genomes on GRCh38,1000 Genomes 30x on GRCh38,1000 Genomes phase 3 release,1000 Genomes phase 1 release
NA18631	F	SAME124056	CHB	Han Chinese	EAS	East Asian Ancestry	CHB	1000 Genomes on GRCh38,1000 Genomes 30x on GRCh38,1000 Genomes phase 3 release,1000 Genomes phase 1 release
NA18632	M	SAME124703	CHB	Han Chinese	EAS	East Asian Ancestry	CHB	1000 Genomes on GRCh38,1000 Genomes 30x on GRCh38,1KG_ONT_VIENNA,1000 Genomes phase 3 release,1000 Genomes phase 1 release,90 Han Chinese high coverage genomes
NA18633	M	SAME124704	CHB	Han Chinese	EAS	East Asian Ancestry	CHB	1000 Genomes on GRCh38,1000 Genomes 30x on GRCh38,1000 Genomes phase 3 release,1000 Genomes phase 1 release,90 Han Chinese high coverage genomes
NA18634	F	SAME124697	CHB	Han Chinese	EAS	East Asian Ancestry	CHB	1000 Genomes on GRCh38,1000 Genomes 30x on GRCh38,1000 Genomes phase 3 release,1000 Genomes phase 1 release
NA18635	M	SAME123661	CHB	Han Chinese	EAS	East Asian Ancestry	CHB	1000 Genomes on GRCh38,1000 Genomes 30x on GRCh38,1000 Genomes phase 3 release,1000 Genomes phase 1 release,90 Han Chinese high coverage genomes
NA18636	M	SAME124320	CHB	Han Chinese	EAS	East Asian Ancestry	CHB	1000 Genomes on GRCh38,1000 Genomes 30x on GRCh38,MAGE RNA-seq,1000 Genomes phase 3 release,1000 Genomes phase 1 release,90 Han Chinese high coverage genomes
NA18637	M	SAME124700	CHB	Han Chinese	EAS	East Asian Ancestry	CHB	1000 Genomes on GRCh38,1000 Genomes 30x on GRCh38,1KG_ONT_VIENNA,1000 Genomes phase 3 release,1000 Genomes phase 1 release,90 Han Chinese high coverage genomes
NA18638	M	SAME124693	CHB	Han Chinese	EAS	East Asian Ancestry	CHB	1000 Genomes on GRCh38,1000 Genomes 30x on GRCh38,Human Pangenome Reference Consortium, Phase 2,1000 Genomes phase 3 release,1000 Genomes phase 1 release
NA18639	M	SAME124694	CHB	Han Chinese	EAS	East Asian Ancestry	CHB	1000 Genomes on GRCh38,1000 Genomes 30x on GRCh38,1KG_ONT_VIENNA,MAGE RNA-seq,1000 Genomes phase 3 release,1000 Genomes phase 1 release
NA18640	F	SAME122980	CHB	Han Chinese	EAS	East Asian Ancestry	CHB	1000 Genomes on GRCh38,1000 Genomes 30x on GRCh38,1000 Genomes phase 3 release,1000 Genomes phase 1 release
NA18641	F	SAME122979	CHB	Han Chinese	EAS	East Asian Ancestry	CHB	1000 Genomes on GRCh38,1000 Genomes 30x on GRCh38,1000 Genomes phase 3 release,1000 Genomes phase 1 release
NA18642	F	SAME122982	CHB	Han Chinese	EAS	East Asian Ancestry	CHB	1000 Genomes on GRCh38,1000 Genomes 30x on GRCh38,1KG_ONT_VIENNA,1000 Genomes phase 3 release,1000 Genomes phase 1 release
NA18643	M	SAME122981	CHB	Han Chinese	EAS	East Asian Ancestry	CHB	1000 Genomes on GRCh38,1000 Genomes 30x on GRCh38,1000 Genomes phase 3 release,1000 Genomes phase 1 release
NA18644	F	SAME122976	CHB	Han Chinese	EAS	East Asian Ancestry	CHB	1000 Genomes on GRCh38,1000 Genomes 30x on GRCh38,1000 Genomes phase 3 release
NA18645	M	SAME122975	CHB	Han Chinese	EAS	East Asian Ancestry	CHB	1000 Genomes on GRCh38,1000 Genomes 30x on GRCh38,MAGE RNA-seq,1000 Genomes phase 3 release,1000 Genomes phase 1 release
NA18646	F	SAME122978	CHB	Han Chinese	EAS	East Asian Ancestry	CHB	1000 Genomes on GRCh38,1000 Genomes 30x on GRCh38,MAGE RNA-seq,1000 Genomes phase 3 release
NA18647	M	SAME122977	CHB	Han Chinese	EAS	East Asian Ancestry	CHB	1000 Genomes on GRCh38,1000 Genomes 30x on GRCh38,1000 Genomes phase 3 release,1000 Genomes phase 1 release
NA18648	M	SAME122974	CHB	Han Chinese	EAS	East Asian Ancestry	CHB	1000 Genomes on GRCh38,1000 Genomes 30x on GRCh38,1000 Genomes phase 3 release
NA18740	M	SAME123917	CHB	Han Chinese	EAS	East Asian Ancestry	CHB	1000 Genomes on GRCh38,1000 Genomes 30x on GRCh38,1000 Genomes phase 3 release,1000 Genomes phase 1 release
NA18745	M	SAME123914	CHB	Han Chinese	EAS	East Asian Ancestry	CHB	1000 Genomes on GRCh38,1000 Genomes 30x on GRCh38,MAGE RNA-seq,1000 Genomes phase 3 release,1000 Genomes phase 1 release
NA18747	M	SAME123916	CHB	Han Chinese	EAS	East Asian Ancestry	CHB	1000 Genomes on GRCh38,1000 Genomes 30x on GRCh38,Human Pangenome Reference Consortium, Phase 2,1000 Genomes phase 3 release,1000 Genomes phase 1 release
NA18748	M	SAME123909	CHB	Han Chinese	EAS	East Asian Ancestry	CHB	1000 Genomes on GRCh38,1000 Genomes 30x on GRCh38,1000 Genomes phase 3 release,1000 Genomes phase 1 release
NA18749	M	SAME123910	CHB	Han Chinese	EAS	East Asian Ancestry	CHB	1000 Genomes on GRCh38,1000 Genomes 30x on GRCh38,MAGE RNA-seq,1000 Genomes phase 3 release,1000 Genomes phase 1 release
NA18757	M	SAME123727	CHB	Han Chinese	EAS	East Asian Ancestry	CHB	1000 Genomes on GRCh38,1000 Genomes 30x on GRCh38,1000 Genomes phase 3 release,1000 Genomes phase 1 release
NA18791	M	SAME124073	CHB	Han Chinese	EAS	East Asian Ancestry	CHB	1000 Genomes on GRCh38,1000 Genomes phase 3 release
NA18794	M	SAME124989	CHB	Han Chinese	EAS	East Asian Ancestry	CHB	1000 Genomes on GRCh38,1000 Genomes phase 3 release
NA18795	F	SAME124990	CHB	Han Chinese	EAS	East Asian Ancestry	CHB	1000 Genomes on GRCh38,1000 Genomes phase 3 release
NA18852	F	SAME124732	YRI	Yoruba	AFR	African Ancestry	YRI	1000 Genomes 30x on GRCh38,1000 Genomes phase 3 release
NA18853	M	SAME124733	YRI	Yoruba	AFR	African Ancestry	YRI	1000 Genomes on GRCh38,1000 Genomes 30x on GRCh38,1KG_ONT_VIENNA,MAGE RNA-seq,1000 Genomes phase 3 release,1000 Genomes phase 1 release
NA18854	M	SAME124734	YRI	Yoruba	AFR	African Ancestry	YRI	1000 Genomes 30x on GRCh38,1000 Genomes phase 3 release
NA18855	F	SAME124735	YRI	Yoruba	AFR	African Ancestry	YRI	1000 Genomes 30x on GRCh38,1000 Genomes phase 3 release
NA18856	M	SAME124736	YRI	Yoruba	AFR	African Ancestry	YRI	1000 Genomes on GRCh38,1000 Genomes 30x on GRCh38,MAGE RNA-seq,1000 Genomes phase 3 release,1000 Genomes phase 1 release
NA18857	M	SAME124737	YRI	Yoruba	AFR	African Ancestry	YRI	1000 Genomes 30x on GRCh38,1000 Genomes phase 3 release
NA18858	F	SAME124730	YRI	Yoruba	AFR	African Ancestry	YRI	1000 Genomes on GRCh38,1000 Genomes 30x on GRCh38,1000 Genomes phase 3 release,1000 Genomes phase 1 release,Geuvadis
NA18859	M	SAME124731	YRI	Yoruba	AFR	African Ancestry	YRI	1000 Genomes 30x on GRCh38,1KG_ONT_VIENNA,1000 Genomes phase 3 release
NA18860	M	SAME124906	YRI	Yoruba	AFR	African Ancestry	YRI	1000 Genomes 30x on GRCh38,1000 Genomes phase 3 release
NA18861	F	SAME124905	YRI	Yoruba	AFR	African Ancestry	YRI	1000 Genomes on GRCh38,1000 Genomes 30x on GRCh38,MAGE RNA-seq,1000 Genomes phase 3 release,1000 Genomes phase 1 release,Geuvadis
NA18862	M	SAME125118	YRI	Yoruba	AFR	African Ancestry	YRI	1000 Genomes 30x on GRCh38,1KG_ONT_VIENNA,1000 Genomes phase 3 release
NA18863	M	SAME124907	YRI	Yoruba	AFR	African Ancestry	YRI	1000 Genomes 30x on GRCh38,1000 Genomes phase 3 release
NA18864	F	SAME124903	YRI	Yoruba	AFR	African Ancestry	YRI	1000 Genomes on GRCh38,1000 Genomes 30x on GRCh38,MAGE RNA-seq,1000 Genomes phase 3 release
NA18865	M	SAME124902	YRI	Yoruba	AFR	African Ancestry	YRI	1000 Genomes on GRCh38,1000 Genomes 30x on GRCh38,MAGE RNA-seq,1000 Genomes phase 3 release
NA18867	F	SAME124904	YRI	Yoruba	AFR	African Ancestry	YRI	1000 Genomes on GRCh38,1000 Genomes 30x on GRCh38,1KG_ONT_VIENNA,1000 Genomes phase 3 release,1000 Genomes phase 1 release,Geuvadis
NA18868	M	SAME124910	YRI	Yoruba	AFR	African Ancestry	YRI	1000 Genomes on GRCh38,1000 Genomes 30x on GRCh38,1KG_ONT_VIENNA,1000 Genomes phase 3 release,1000 Genomes phase 1 release,Geuvadis
NA18869	M	SAME124909	YRI	Yoruba	AFR	African Ancestry	YRI	1000 Genomes 30x on GRCh38,1000 Genomes phase 3 release
NA18870	F	SAME125101	YRI	Yoruba	AFR	African Ancestry	YRI	1000 Genomes on GRCh38,1000 Genomes 30x on GRCh38,1000 Genomes phase 3 release,1000 Genomes phase 1 release,Geuvadis
NA18871	M	SAME125102	YRI	Yoruba	AFR	African Ancestry	YRI	1000 Genomes on GRCh38,1000 Genomes 30x on GRCh38,Human Pangenome Reference Consortium, Phase 2,1000 Genomes phase 3 release,1000 Genomes phase 1 release
NA18872	M	SAME125099	YRI	Yoruba	AFR	African Ancestry	YRI	1000 Genomes 30x on GRCh38,1000 Genomes phase 3 release
NA18873	F	SAME123536	YRI	Yoruba	AFR	African Ancestry	YRI	1000 Genomes on GRCh38,1000 Genomes 30x on GRCh38,1KG_ONT_VIENNA,1000 Genomes phase 3 release,1000 Genomes phase 1 release,Geuvadis
NA18874	M	SAME125105	YRI	Yoruba	AFR	African Ancestry	YRI	1000 Genomes on GRCh38,1000 Genomes 30x on GRCh38,1KG_ONT_VIENNA,MAGE RNA-seq,1000 Genomes phase 3 release,1000 Genomes phase 1 release
NA18875	F	SAME123545	YRI	Yoruba	AFR	African Ancestry	YRI	1000 Genomes 30x on GRCh38,1000 Genomes phase 3 release
NA18876	F	SAME125103	YRI	Yoruba	AFR	African Ancestry	YRI	1000 Genomes on GRCh38,1000 Genomes 30x on GRCh38,MAGE RNA-seq,1000 Genomes phase 3 release
NA18877	M	SAME125104	YRI	Yoruba	AFR	African Ancestry	YRI	1000 Genomes on GRCh38,1000 Genomes 30x on GRCh38,MAGE RNA-seq,1000 Genomes phase 3 release
NA18878	F	SAME125107	YRI	Yoruba	AFR	African Ancestry	YRI	1000 Genomes on GRCh38,1000 Genomes 30x on GRCh38,MAGE RNA-seq,1000 Genomes phase 3 release
NA18879	M	SAME125108	YRI	Yoruba	AFR	African Ancestry	YRI	1000 Genomes on GRCh38,1000 Genomes 30x on GRCh38,MAGE RNA-seq,Human Pangenome Reference Consortium, Phase 2,1000 Genomes phase 3 release
NA18881	F	SAME125308	YRI	Yoruba	AFR	African Ancestry	YRI	1000 Genomes on GRCh38,1000 Genomes 30x on GRCh38,MAGE RNA-seq,1000 Genomes phase 3 release
NA18906	F	SAME123562	YRI	Yoruba	AFR	African Ancestry	YRI	1000 Genomes 30x on GRCh38,Human Pangenome Reference Consortium, Phase 2,1000 Genomes phase 3 release
NA18907	F	SAME123563	YRI	Yoruba	AFR	African Ancestry	YRI	1000 Genomes on GRCh38,1000 Genomes 30x on GRCh38,1000 Genomes phase 3 release,1000 Genomes phase 1 release,Geuvadis
NA18908	M	SAME123560	YRI	Yoruba	AFR	African Ancestry	YRI	1000 Genomes on GRCh38,1000 Genomes 30x on GRCh38,1000 Genomes phase 3 release,1000 Genomes phase 1 release,Geuvadis
NA18909	F	SAME123561	YRI	Yoruba	AFR	African Ancestry	YRI	1000 Genomes on GRCh38,1000 Genomes 30x on GRCh38,1000 Genomes phase 3 release,1000 Genomes phase 1 release,Geuvadis
NA18910	M	SAME123402	YRI	Yoruba	AFR	African Ancestry	YRI	1000 Genomes on GRCh38,1000 Genomes 30x on GRCh38,1000 Genomes phase 3 release,1000 Genomes phase 1 release,Geuvadis
NA18911	M	SAME123401	YRI	Yoruba	AFR	African Ancestry	YRI	1000 Genomes 30x on GRCh38,1000 Genomes phase 3 release
NA18912	F	SAME123404	YRI	Yoruba	AFR	African Ancestry	YRI	1000 Genomes on GRCh38,1000 Genomes 30x on GRCh38,1KG_ONT_VIENNA,1000 Genomes phase 3 release,1000 Genomes phase 1 release,Geuvadis
NA18913	M	SAME123403	YRI	Yoruba	AFR	African Ancestry	YRI	1000 Genomes 30x on GRCh38,1KG_ONT_VIENNA,1000 Genomes phase 3 release
NA18914	M	SAME123406	YRI	Yoruba	AFR	African Ancestry	YRI	1000 Genomes 30x on GRCh38,1000 Genomes phase 3 release
NA18915	M	SAME123405	YRI	Yoruba	AFR	African Ancestry	YRI	1000 Genomes on GRCh38,1000 Genomes 30x on GRCh38,MAGE RNA-seq,1000 Genomes phase 3 release
NA18916	F	SAME123408	YRI	Yoruba	AFR	African Ancestry	YRI	1000 Genomes on GRCh38,1000 Genomes 30x on GRCh38,1000 Genomes phase 3 release,1000 Genomes phase 1 release,Geuvadis
NA18917	M	SAME123407	YRI	Yoruba	AFR	African Ancestry	YRI	1000 Genomes on GRCh38,1000 Genomes 30x on GRCh38,1000 Genomes phase 3 release,1000 Genomes phase 1 release,Geuvadis
NA18923	M	SAME123205	YRI	Yoruba	AFR	African Ancestry	YRI	1000 Genomes on GRCh38,1000 Genomes 30x on GRCh38,1000 Genomes phase 3 release,1000 Genomes phase 1 release,Geuvadis
NA18924	F	SAME123202	YRI	Yoruba	AFR	African Ancestry	YRI	1000 Genomes on GRCh38,1000 Genomes 30x on GRCh38,MAGE RNA-seq,1000 Genomes phase 3 release,1000 Genomes phase 1 release
NA18925	M	SAME123203	YRI	Yoruba	AFR	African Ancestry	YRI	1000 Genomes 30x on GRCh38,1000 Genomes phase 3 release
NA18930	F	SAME123040	YRI	Yoruba	AFR	African Ancestry	YRI	1000 Genomes 30x on GRCh38,1000 Genomes phase 3 release
NA18933	F	SAME123037	YRI	Yoruba	AFR	African Ancestry	YRI	1000 Genomes on GRCh38,1000 Genomes 30x on GRCh38,1000 Genomes phase 3 release,1000 Genomes phase 1 release,Geuvadis
NA18934	M	SAME123036	YRI	Yoruba	AFR	African Ancestry	YRI	1000 Genomes on GRCh38,1000 Genomes 30x on GRCh38,MAGE RNA-seq,1000 Genomes phase 3 release,1000 Genomes phase 1 release,Geuvadis
NA18935	M	SAME123035	YRI	Yoruba	AFR	African Ancestry	YRI	1000 Genomes 30x on GRCh38,1000 Genomes phase 3 release
NA18939	F	SAME123041	JPT	Japanese	EAS	East Asian Ancestry	JPT	1000 Genomes on GRCh38,1000 Genomes 30x on GRCh38,Human Genome Structural Variation Consortium, Phase 2,Human Genome Structural Variation Consortium, Phase 3,1000 Genomes phase 3 release,1000 Genomes phase 1 release
NA18940	M	SAME124310	JPT	Japanese,Japanese	EAS	East Asian Ancestry,East Asia (SGDP)	JPT,JapaneseSGDP	1000 Genomes on GRCh38,Simons Genome Diversity Project,1000 Genomes 30x on GRCh38,1KG_ONT_VIENNA,Human Pangenome Reference Consortium, Phase 2,1000 Genomes phase 3 release,1000 Genomes phase 1 release
NA18941	F	SAME124311	JPT	Japanese	EAS	East Asian Ancestry	JPT	1000 Genomes on GRCh38,1000 Genomes 30x on GRCh38,1KG_ONT_VIENNA,1000 Genomes phase 3 release,1000 Genomes phase 1 release
NA18942	F	SAME124308	JPT	Japanese	EAS	East Asian Ancestry	JPT	1000 Genomes on GRCh38,1000 Genomes 30x on GRCh38,1KG_ONT_VIENNA,MAGE RNA-seq,1000 Genomes phase 3 release,1000 Genomes phase 1 release
NA18943	M	SAME124309	JPT	Japanese	EAS	East Asian Ancestry	JPT	1000 Genomes on GRCh38,1000 Genomes 30x on GRCh38,Human Pangenome Reference Consortium, Phase 2,1000 Genomes phase 3 release,1000 Genomes phase 1 release
NA18944	M	SAME124314	JPT	Japanese	EAS	East Asian Ancestry	JPT	1000 Genomes on GRCh38,1000 Genomes 30x on GRCh38,1KG_ONT_VIENNA,Human Pangenome Reference Consortium, Phase 2,1000 Genomes phase 3 release,1000 Genomes phase 1 release
NA18945	M	SAME124315	JPT	Japanese	EAS	East Asian Ancestry	JPT	1000 Genomes on GRCh38,1000 Genomes 30x on GRCh38,Human Pangenome Reference Consortium, Phase 2,1000 Genomes phase 3 release,1000 Genomes phase 1 release
NA18946	F	SAME124312	JPT	Japanese	EAS	East Asian Ancestry	JPT	1000 Genomes on GRCh38,1000 Genomes 30x on GRCh38,1KG_ONT_VIENNA,1000 Genomes phase 3 release,1000 Genomes phase 1 release
NA18947	F	SAME124313	JPT	Japanese	EAS	East Asian Ancestry	JPT	1000 Genomes on GRCh38,1000 Genomes 30x on GRCh38,1KG_ONT_VIENNA,1000 Genomes phase 3 release,1000 Genomes phase 1 release
NA18948	M	SAME124316	JPT	Japanese	EAS	East Asian Ancestry	JPT	1000 Genomes on GRCh38,1000 Genomes 30x on GRCh38,MAGE RNA-seq,Human Pangenome Reference Consortium, Phase 2,1000 Genomes phase 3 release,1000 Genomes phase 1 release
NA18949	F	SAME124317	JPT	Japanese	EAS	East Asian Ancestry	JPT	1000 Genomes on GRCh38,1000 Genomes 30x on GRCh38,1000 Genomes phase 3 release,1000 Genomes phase 1 release
NA18950	F	SAME124112	JPT	Japanese	EAS	East Asian Ancestry	JPT	1000 Genomes on GRCh38,1000 Genomes 30x on GRCh38,1000 Genomes phase 3 release,1000 Genomes phase 1 release
NA18951	F	SAME124111	JPT	Japanese	EAS	East Asian Ancestry	JPT	1000 Genomes on GRCh38,1000 Genomes 30x on GRCh38,MAGE RNA-seq,1000 Genomes phase 3 release,1000 Genomes phase 1 release
NA18952	M	SAME124114	JPT	Japanese	EAS	East Asian Ancestry	JPT	1000 Genomes on GRCh38,1000 Genomes 30x on GRCh38,Human Pangenome Reference Consortium, Phase 2,1000 Genomes phase 3 release,1000 Genomes phase 1 release
NA18953	M	SAME124113	JPT	Japanese	EAS	East Asian Ancestry	JPT	1000 Genomes on GRCh38,1000 Genomes 30x on GRCh38,1KG_ONT_VIENNA,MAGE RNA-seq,1000 Genomes phase 3 release,1000 Genomes phase 1 release
NA18954	F	SAME124108	JPT	Japanese	EAS	East Asian Ancestry	JPT	1000 Genomes on GRCh38,1000 Genomes 30x on GRCh38,MAGE RNA-seq,1000 Genomes phase 3 release,1000 Genomes phase 1 release
NA18955	M	SAME124107	JPT	Japanese	EAS	East Asian Ancestry	JPT	1000 Genomes on GRCh38,1000 Genomes phase 3 release,1000 Genomes phase 1 release
NA18956	F	SAME124110	JPT	Japanese	EAS	East Asian Ancestry	JPT	1000 Genomes on GRCh38,1000 Genomes 30x on GRCh38,1KG_ONT_VIENNA,MAGE RNA-seq,1000 Genomes phase 3 release,1000 Genomes phase 1 release
NA18957	F	SAME124109	JPT	Japanese	EAS	East Asian Ancestry	JPT	1000 Genomes on GRCh38,1000 Genomes 30x on GRCh38,1000 Genomes phase 3 release,1000 Genomes phase 1 release
NA18959	M	SAME124115	JPT	Japanese	EAS	East Asian Ancestry	JPT	1000 Genomes on GRCh38,1000 Genomes 30x on GRCh38,Human Pangenome Reference Consortium, Phase 2,1000 Genomes phase 3 release,1000 Genomes phase 1 release
NA18960	M	SAME123956	JPT	Japanese	EAS	East Asian Ancestry	JPT	1000 Genomes on GRCh38,1000 Genomes 30x on GRCh38,1KG_ONT_VIENNA,Human Pangenome Reference Consortium, Phase 2,1000 Genomes phase 3 release,1000 Genomes phase 1 release
NA18961	M	SAME123957	JPT	Japanese	EAS	East Asian Ancestry	JPT	1000 Genomes on GRCh38,1000 Genomes 30x on GRCh38,1000 Genomes phase 3 release,1000 Genomes phase 1 release
NA18962	M	SAME123958	JPT	Japanese	EAS	East Asian Ancestry	JPT	1000 Genomes on GRCh38,1000 Genomes 30x on GRCh38,MAGE RNA-seq,1000 Genomes phase 3 release,1000 Genomes phase 1 release
NA18963	F	SAME123959	JPT	Japanese	EAS	East Asian Ancestry	JPT	1000 Genomes on GRCh38,1000 Genomes 30x on GRCh38,MAGE RNA-seq,1000 Genomes phase 3 release,1000 Genomes phase 1 release
NA18964	F	SAME123960	JPT	Japanese	EAS	East Asian Ancestry	JPT	1000 Genomes on GRCh38,1000 Genomes 30x on GRCh38,1000 Genomes phase 3 release,1000 Genomes phase 1 release
NA18965	M	SAME123961	JPT	Japanese	EAS	East Asian Ancestry	JPT	1000 Genomes on GRCh38,1000 Genomes 30x on GRCh38,1KG_ONT_VIENNA,1000 Genomes phase 3 release,1000 Genomes phase 1 release
NA18966	M	SAME123962	JPT	Japanese	EAS	East Asian Ancestry	JPT	1000 Genomes on GRCh38,1000 Genomes 30x on GRCh38,1KG_ONT_VIENNA,1000 Genomes phase 3 release,1000 Genomes phase 1 release
NA18967	M	SAME123963	JPT	Japanese	EAS	East Asian Ancestry	JPT	1000 Genomes on GRCh38,1000 Genomes 30x on GRCh38,Human Pangenome Reference Consortium, Phase 2,1000 Genomes phase 3 release,1000 Genomes phase 1 release
NA18968	F	SAME123953	JPT	Japanese	EAS	East Asian Ancestry	JPT	1000 Genomes on GRCh38,1000 Genomes 30x on GRCh38,1KG_ONT_VIENNA,1000 Genomes phase 3 release,1000 Genomes phase 1 release
NA18969	F	SAME123954	JPT	Japanese	EAS	East Asian Ancestry	JPT	1000 Genomes on GRCh38,1000 Genomes 30x on GRCh38,1KG_ONT_VIENNA,MAGE RNA-seq,1000 Genomes phase 3 release,1000 Genomes phase 1 release
NA18970	M	SAME123764	JPT	Japanese	EAS	East Asian Ancestry	JPT	1000 Genomes on GRCh38,1000 Genomes 30x on GRCh38,MAGE RNA-seq,Human Pangenome Reference Consortium, Phase 2,1000 Genomes phase 3 release,1000 Genomes phase 1 release
NA18971	M	SAME123763	JPT	Japanese	EAS	East Asian Ancestry	JPT	1000 Genomes on GRCh38,1000 Genomes 30x on GRCh38,1KG_ONT_VIENNA,MAGE RNA-seq,Human Pangenome Reference Consortium, Phase 2,1000 Genomes phase 3 release,1000 Genomes phase 1 release
NA18972	F	SAME123762	JPT	Japanese	EAS	East Asian Ancestry	JPT	1000 Genomes on GRCh38,1000 Genomes 30x on GRCh38,1KG_ONT_VIENNA,MAGE RNA-seq,1000 Genomes phase 3 release,1000 Genomes phase 1 release
NA18973	F	SAME123761	JPT	Japanese	EAS	East Asian Ancestry	JPT	1000 Genomes on GRCh38,1000 Genomes 30x on GRCh38,1000 Genomes phase 3 release,1000 Genomes phase 1 release
NA18974	M	SAME123768	JPT	Japanese	EAS	East Asian Ancestry	JPT	1000 Genomes on GRCh38,1000 Genomes 30x on GRCh38,1KG_ONT_VIENNA,Human Pangenome Reference Consortium, Phase 2,1000 Genomes phase 3 release,1000 Genomes phase 1 release
NA18975	F	SAME123767	JPT	Japanese	EAS	East Asian Ancestry	JPT	1000 Genomes on GRCh38,1000 Genomes 30x on GRCh38,1000 Genomes phase 3 release,1000 Genomes phase 1 release
NA18976	F	SAME123766	JPT	Japanese	EAS	East Asian Ancestry	JPT	1000 Genomes on GRCh38,1000 Genomes 30x on GRCh38,Human Pangenome Reference Consortium, Phase 2,1000 Genomes phase 3 release,1000 Genomes phase 1 release
NA18977	M	SAME123765	JPT	Japanese	EAS	East Asian Ancestry	JPT	1000 Genomes on GRCh38,1000 Genomes 30x on GRCh38,1KG_ONT_VIENNA,MAGE RNA-seq,1000 Genomes phase 3 release,1000 Genomes phase 1 release
NA18978	F	SAME123760	JPT	Japanese	EAS	East Asian Ancestry	JPT	1000 Genomes on GRCh38,1000 Genomes 30x on GRCh38,1000 Genomes phase 3 release,1000 Genomes phase 1 release
NA18979	F	SAME123759	JPT	Japanese	EAS	East Asian Ancestry	JPT	1000 Genomes on GRCh38,1000 Genomes 30x on GRCh38,1000 Genomes phase 3 release,1000 Genomes phase 1 release
NA18980	F	SAME123527	JPT	Japanese	EAS	East Asian Ancestry	JPT	1000 Genomes on GRCh38,1000 Genomes 30x on GRCh38,1KG_ONT_VIENNA,1000 Genomes phase 3 release,1000 Genomes phase 1 release
NA18981	F	SAME123426	JPT	Japanese	EAS	East Asian Ancestry	JPT	1000 Genomes on GRCh38,1000 Genomes 30x on GRCh38,1KG_ONT_VIENNA,1000 Genomes phase 3 release,1000 Genomes phase 1 release
NA18982	M	SAME125073	JPT	Japanese	EAS	East Asian Ancestry	JPT	1000 Genomes on GRCh38,1000 Genomes 30x on GRCh38,MAGE RNA-seq,Human Pangenome Reference Consortium, Phase 2,1000 Genomes phase 3 release,1000 Genomes phase 1 release
NA18983	M	SAME125074	JPT	Japanese	EAS	East Asian Ancestry	JPT	1000 Genomes on GRCh38,1000 Genomes 30x on GRCh38,1KG_ONT_VIENNA,Human Pangenome Reference Consortium, Phase 2,1000 Genomes phase 3 release,1000 Genomes phase 1 release
NA18984	M	SAME125071	JPT	Japanese	EAS	East Asian Ancestry	JPT	1000 Genomes on GRCh38,1000 Genomes 30x on GRCh38,1000 Genomes phase 3 release,1000 Genomes phase 1 release
NA18985	M	SAME123413	JPT	Japanese	EAS	East Asian Ancestry	JPT	1000 Genomes on GRCh38,1000 Genomes 30x on GRCh38,1000 Genomes phase 3 release,1000 Genomes phase 1 release
NA18986	M	SAME125069	JPT	Japanese	EAS	East Asian Ancestry	JPT	1000 Genomes on GRCh38,1000 Genomes 30x on GRCh38,1000 Genomes phase 3 release,1000 Genomes phase 1 release
NA18987	F	SAME125070	JPT	Japanese	EAS	East Asian Ancestry	JPT	1000 Genomes on GRCh38,1000 Genomes 30x on GRCh38,MAGE RNA-seq,1000 Genomes phase 3 release,1000 Genomes phase 1 release
NA18988	M	SAME125078	JPT	Japanese	EAS	East Asian Ancestry	JPT	1000 Genomes on GRCh38,1000 Genomes 30x on GRCh38,1KG_ONT_VIENNA,1000 Genomes phase 3 release,1000 Genomes phase 1 release
NA18989	M	SAME125079	JPT	Japanese	EAS	East Asian Ancestry	JPT	1000 Genomes on GRCh38,1000 Genomes 30x on GRCh38,Human Genome Structural Variation Consortium, Phase 3,1KG_ONT_VIENNA,1000 Genomes phase 3 release,1000 Genomes phase 1 release
NA18990	M	SAME124893	JPT	Japanese	EAS	East Asian Ancestry	JPT	1000 Genomes on GRCh38,1000 Genomes 30x on GRCh38,1000 Genomes phase 3 release,1000 Genomes phase 1 release
NA18991	F	SAME124892	JPT	Japanese	EAS	East Asian Ancestry	JPT	1000 Genomes on GRCh38,1000 Genomes 30x on GRCh38,1000 Genomes phase 3 release,1000 Genomes phase 1 release
NA18992	F	SAME124983	JPT	Japanese	EAS	East Asian Ancestry	JPT	1000 Genomes on GRCh38,1000 Genomes 30x on GRCh38,1000 Genomes phase 3 release,1000 Genomes phase 1 release
NA18993	F	SAME124894	JPT	Japanese	EAS	East Asian Ancestry	JPT	1000 Genomes on GRCh38,1000 Genomes 30x on GRCh38,1000 Genomes phase 3 release,1000 Genomes phase 1 release
NA18994	M	SAME124897	JPT	Japanese	EAS	East Asian Ancestry	JPT	1000 Genomes on GRCh38,1000 Genomes 30x on GRCh38,1000 Genomes phase 3 release,1000 Genomes phase 1 release
NA18995	M	SAME124896	JPT	Japanese	EAS	East Asian Ancestry	JPT	1000 Genomes on GRCh38,1000 Genomes 30x on GRCh38,MAGE RNA-seq,1000 Genomes phase 3 release,1000 Genomes phase 1 release
NA18997	F	SAME124898	JPT	Japanese	EAS	East Asian Ancestry	JPT	1000 Genomes on GRCh38,1000 Genomes 30x on GRCh38,MAGE RNA-seq,1000 Genomes phase 3 release,1000 Genomes phase 1 release
NA18998	F	SAME124891	JPT	Japanese	EAS	East Asian Ancestry	JPT	1000 Genomes on GRCh38,1000 Genomes 30x on GRCh38,1000 Genomes phase 3 release,1000 Genomes phase 1 release
NA18999	F	SAME124890	JPT	Japanese	EAS	East Asian Ancestry	JPT	1000 Genomes on GRCh38,1000 Genomes 30x on GRCh38,1000 Genomes phase 3 release,1000 Genomes phase 1 release
NA19000	M	SAME124477	JPT	Japanese	EAS	East Asian Ancestry	JPT	1000 Genomes on GRCh38,1000 Genomes 30x on GRCh38,1000 Genomes phase 3 release,1000 Genomes phase 1 release
NA19001	F	SAME124478	JPT	Japanese	EAS	East Asian Ancestry	JPT	1000 Genomes on GRCh38,1000 Genomes 30x on GRCh38,1KG_ONT_VIENNA,1000 Genomes phase 3 release,1000 Genomes phase 1 release
NA19002	F	SAME124479	JPT	Japanese	EAS	East Asian Ancestry	JPT	1000 Genomes on GRCh38,1000 Genomes 30x on GRCh38,1000 Genomes phase 3 release,1000 Genomes phase 1 release
NA19003	F	SAME124480	JPT	Japanese	EAS	East Asian Ancestry	JPT	1000 Genomes on GRCh38,1000 Genomes 30x on GRCh38,1KG_ONT_VIENNA,1000 Genomes phase 3 release,1000 Genomes phase 1 release
NA19004	M	SAME124473	JPT	Japanese	EAS	East Asian Ancestry	JPT	1000 Genomes on GRCh38,1000 Genomes 30x on GRCh38,1000 Genomes phase 3 release,1000 Genomes phase 1 release
NA19005	M	SAME124474	JPT	Japanese	EAS	East Asian Ancestry	JPT	1000 Genomes on GRCh38,1000 Genomes 30x on GRCh38,1000 Genomes phase 3 release,1000 Genomes phase 1 release
NA19006	M	SAME125119	JPT	Japanese	EAS	East Asian Ancestry	JPT	1000 Genomes on GRCh38,1000 Genomes 30x on GRCh38,1000 Genomes phase 3 release
NA19007	M	SAME124476	JPT	Japanese	EAS	East Asian Ancestry	JPT	1000 Genomes on GRCh38,1000 Genomes 30x on GRCh38,1000 Genomes phase 3 release,1000 Genomes phase 1 release
NA19009	M	SAME125133	JPT	Japanese	EAS	East Asian Ancestry	JPT	1000 Genomes on GRCh38,1000 Genomes 30x on GRCh38,MAGE RNA-seq,1000 Genomes phase 3 release,1000 Genomes phase 1 release
NA19010	F	SAME123989	JPT	Japanese	EAS	East Asian Ancestry	JPT	1000 Genomes on GRCh38,1000 Genomes 30x on GRCh38,MAGE RNA-seq,1000 Genomes phase 3 release,1000 Genomes phase 1 release
NA19011	F	SAME124512	JPT	Japanese	EAS	East Asian Ancestry	JPT	1000 Genomes on GRCh38,1000 Genomes 30x on GRCh38,1KG_ONT_VIENNA,1000 Genomes phase 3 release
NA19012	M	SAME124260	JPT	Japanese	EAS	East Asian Ancestry	JPT	1000 Genomes on GRCh38,1000 Genomes 30x on GRCh38,1KG_ONT_VIENNA,Human Pangenome Reference Consortium, Phase 2,1000 Genomes phase 3 release,1000 Genomes phase 1 release
NA19017	F	SAME124259	LWK	Luhya	AFR	African Ancestry	LWK	1000 Genomes on GRCh38,1000 Genomes 30x on GRCh38,1KG_ONT_VIENNA,1000 Genomes phase 3 release
NA19019	F	SAME124000	LWK	Luhya	AFR	African Ancestry	LWK	1000 Genomes on GRCh38,1000 Genomes 30x on GRCh38,1KG_ONT_VIENNA,1000 Genomes phase 3 release
NA19020	M	SAME124855	LWK	Luhya	AFR	African Ancestry	LWK	1000 Genomes on GRCh38,1000 Genomes 30x on GRCh38,1000 Genomes phase 3 release,1000 Genomes phase 1 release
NA19023	F	SAME124854	LWK	Luhya,Luhya	AFR	African Ancestry,Africa (SGDP)	LWK,LuhyaSGDP	1000 Genomes on GRCh38,Simons Genome Diversity Project,1000 Genomes 30x on GRCh38,1000 Genomes phase 3 release
NA19024	F	SAME124851	LWK	Luhya	AFR	African Ancestry	LWK	1000 Genomes on GRCh38,1000 Genomes 30x on GRCh38,1KG_ONT_VIENNA,1000 Genomes phase 3 release
NA19025	M	SAME124852	LWK	Luhya	AFR	African Ancestry	LWK	1000 Genomes on GRCh38,1000 Genomes 30x on GRCh38,MAGE RNA-seq,1000 Genomes phase 3 release
NA19026	M	SAME124849	LWK	Luhya	AFR	African Ancestry	LWK	1000 Genomes on GRCh38,1000 Genomes 30x on GRCh38,MAGE RNA-seq,1000 Genomes phase 3 release
NA19027	M	SAME124850	LWK	Luhya	AFR	African Ancestry	LWK	1000 Genomes on GRCh38,1000 Genomes 30x on GRCh38,1KG_ONT_VIENNA,1000 Genomes phase 3 release,1000 Genomes phase 1 release
NA19028	M	SAME124848	LWK	Luhya	AFR	African Ancestry	LWK	1000 Genomes on GRCh38,1000 Genomes 30x on GRCh38,1KG_ONT_VIENNA,MAGE RNA-seq,1000 Genomes phase 3 release,1000 Genomes phase 1 release
NA19030	F	SAME123544	LWK	Luhya	AFR	African Ancestry	LWK	1000 Genomes on GRCh38,1000 Genomes 30x on GRCh38,Human Pangenome Reference Consortium, Phase 2,1000 Genomes phase 3 release
NA19031	M	SAME123543	LWK	Luhya	AFR	African Ancestry	LWK	1000 Genomes on GRCh38,1000 Genomes 30x on GRCh38,1KG_ONT_VIENNA,1000 Genomes phase 3 release,1000 Genomes phase 1 release
NA19035	M	SAME124664	LWK	Luhya	AFR	African Ancestry	LWK	1000 Genomes on GRCh38,1000 Genomes 30x on GRCh38,1000 Genomes phase 3 release,1000 Genomes phase 1 release
NA19036	F	SAME124666	LWK	Luhya	AFR	African Ancestry	LWK	1000 Genomes on GRCh38,1000 Genomes 30x on GRCh38,Human Genome Structural Variation Consortium, Phase 2,Human Genome Structural Variation Consortium, Phase 3,Human Pangenome Reference Consortium, Phase 2,1000 Genomes phase 3 release,1000 Genomes phase 1 release
NA19037	F	SAME124665	LWK	Luhya	AFR	African Ancestry	LWK	1000 Genomes on GRCh38,1000 Genomes 30x on GRCh38,1KG_ONT_VIENNA,1000 Genomes phase 3 release
NA19038	F	SAME124668	LWK	Luhya	AFR	African Ancestry	LWK	1000 Genomes on GRCh38,1000 Genomes 30x on GRCh38,MAGE RNA-seq,1000 Genomes phase 3 release,1000 Genomes phase 1 release
NA19041	M	SAME125241	LWK	Luhya	AFR	African Ancestry	LWK	1000 Genomes on GRCh38,1000 Genomes 30x on GRCh38,1000 Genomes phase 3 release,1000 Genomes phase 1 release
NA19042	F	SAME125242	LWK	Luhya	AFR	African Ancestry	LWK	1000 Genomes on GRCh38,1000 Genomes 30x on GRCh38,Human Pangenome Reference Consortium, Phase 2,1000 Genomes phase 3 release
NA19043	M	SAME125243	LWK	Luhya	AFR	African Ancestry	LWK	1000 Genomes on GRCh38,1000 Genomes 30x on GRCh38,1KG_ONT_VIENNA,Human Pangenome Reference Consortium, Phase 2,1000 Genomes phase 3 release
NA19044	M	SAME125244	LWK	Luhya,Luhya	AFR	African Ancestry,Africa (SGDP)	LWK,LuhyaSGDP	1000 Genomes on GRCh38,Simons Genome Diversity Project,1000 Genomes phase 3 release,1000 Genomes phase 1 release
NA19046	M	SAME124292	LWK	Luhya	AFR	African Ancestry	LWK	1000 Genomes phase 3 release,1000 Genomes phase 1 release
NA19054	F	SAME125028	JPT	Japanese	EAS	East Asian Ancestry	JPT	1000 Genomes on GRCh38,1000 Genomes 30x on GRCh38,MAGE RNA-seq,1000 Genomes phase 3 release,1000 Genomes phase 1 release
NA19055	M	SAME125027	JPT	Japanese	EAS	East Asian Ancestry	JPT	1000 Genomes on GRCh38,1000 Genomes 30x on GRCh38,1KG_ONT_VIENNA,MAGE RNA-seq,1000 Genomes phase 3 release,1000 Genomes phase 1 release
NA19056	M	SAME125026	JPT	Japanese	EAS	East Asian Ancestry	JPT	1000 Genomes on GRCh38,1000 Genomes 30x on GRCh38,1000 Genomes phase 3 release,1000 Genomes phase 1 release
NA19057	F	SAME125025	JPT	Japanese	EAS	East Asian Ancestry	JPT	1000 Genomes on GRCh38,1000 Genomes 30x on GRCh38,1000 Genomes phase 3 release,1000 Genomes phase 1 release
NA19058	M	SAME125024	JPT	Japanese	EAS	East Asian Ancestry	JPT	1000 Genomes on GRCh38,1000 Genomes 30x on GRCh38,1000 Genomes phase 3 release,1000 Genomes phase 1 release
NA19059	F	SAME125023	JPT	Japanese	EAS	East Asian Ancestry	JPT	1000 Genomes on GRCh38,1000 Genomes 30x on GRCh38,1KG_ONT_VIENNA,1000 Genomes phase 3 release,1000 Genomes phase 1 release
NA19060	M	SAME123007	JPT	Japanese	EAS	East Asian Ancestry	JPT	1000 Genomes on GRCh38,1000 Genomes 30x on GRCh38,1000 Genomes phase 3 release,1000 Genomes phase 1 release
NA19062	M	SAME123005	JPT	Japanese	EAS	East Asian Ancestry	JPT	1000 Genomes on GRCh38,1000 Genomes 30x on GRCh38,MAGE RNA-seq,1000 Genomes phase 3 release,1000 Genomes phase 1 release
NA19063	M	SAME123006	JPT	Japanese	EAS	East Asian Ancestry	JPT	1000 Genomes on GRCh38,1000 Genomes 30x on GRCh38,1000 Genomes phase 3 release,1000 Genomes phase 1 release
NA19064	F	SAME123010	JPT	Japanese	EAS	East Asian Ancestry	JPT	1000 Genomes on GRCh38,1000 Genomes 30x on GRCh38,MAGE RNA-seq,1000 Genomes phase 3 release,1000 Genomes phase 1 release
NA19065	F	SAME123011	JPT	Japanese	EAS	East Asian Ancestry	JPT	1000 Genomes on GRCh38,1000 Genomes 30x on GRCh38,1000 Genomes phase 3 release,1000 Genomes phase 1 release
NA19066	M	SAME123008	JPT	Japanese	EAS	East Asian Ancestry	JPT	1000 Genomes on GRCh38,1000 Genomes 30x on GRCh38,1000 Genomes phase 3 release,1000 Genomes phase 1 release
NA19067	M	SAME123835	JPT	Japanese	EAS	East Asian Ancestry	JPT	1000 Genomes on GRCh38,1000 Genomes 30x on GRCh38,1000 Genomes phase 3 release,1000 Genomes phase 1 release
NA19068	M	SAME123012	JPT	Japanese	EAS	East Asian Ancestry	JPT	1000 Genomes on GRCh38,1000 Genomes 30x on GRCh38,1KG_ONT_VIENNA,MAGE RNA-seq,1000 Genomes phase 3 release,1000 Genomes phase 1 release
NA19070	M	SAME122820	JPT	Japanese	EAS	East Asian Ancestry	JPT	1000 Genomes on GRCh38,1000 Genomes 30x on GRCh38,1KG_ONT_VIENNA,1000 Genomes phase 3 release,1000 Genomes phase 1 release
NA19072	M	SAME122822	JPT	Japanese	EAS	East Asian Ancestry	JPT	1000 Genomes on GRCh38,1000 Genomes 30x on GRCh38,1000 Genomes phase 3 release,1000 Genomes phase 1 release
NA19074	F	SAME122817	JPT	Japanese	EAS	East Asian Ancestry	JPT	1000 Genomes on GRCh38,1000 Genomes 30x on GRCh38,1000 Genomes phase 3 release,1000 Genomes phase 1 release
NA19075	M	SAME122816	JPT	Japanese	EAS	East Asian Ancestry	JPT	1000 Genomes on GRCh38,1000 Genomes 30x on GRCh38,MAGE RNA-seq,1000 Genomes phase 3 release,1000 Genomes phase 1 release
NA19076	M	SAME122819	JPT	Japanese	EAS	East Asian Ancestry	JPT	1000 Genomes on GRCh38,1000 Genomes 30x on GRCh38,1000 Genomes phase 3 release,1000 Genomes phase 1 release
NA19077	F	SAME122818	JPT	Japanese	EAS	East Asian Ancestry	JPT	1000 Genomes on GRCh38,1000 Genomes 30x on GRCh38,MAGE RNA-seq,1000 Genomes phase 3 release,1000 Genomes phase 1 release
NA19078	F	SAME122824	JPT	Japanese	EAS	East Asian Ancestry	JPT	1000 Genomes on GRCh38,1000 Genomes 30x on GRCh38,1000 Genomes phase 3 release,1000 Genomes phase 1 release
NA19079	M	SAME122823	JPT	Japanese	EAS	East Asian Ancestry	JPT	1000 Genomes on GRCh38,1000 Genomes 30x on GRCh38,1000 Genomes phase 3 release,1000 Genomes phase 1 release
NA19080	F	SAME125313	JPT	Japanese	EAS	East Asian Ancestry	JPT	1000 Genomes on GRCh38,1000 Genomes 30x on GRCh38,1KG_ONT_VIENNA,MAGE RNA-seq,1000 Genomes phase 3 release,1000 Genomes phase 1 release
NA19081	F	SAME123369	JPT	Japanese	EAS	East Asian Ancestry	JPT	1000 Genomes on GRCh38,1000 Genomes 30x on GRCh38,MAGE RNA-seq,1000 Genomes phase 3 release,1000 Genomes phase 1 release
NA19082	M	SAME123370	JPT	Japanese	EAS	East Asian Ancestry	JPT	1000 Genomes on GRCh38,1000 Genomes 30x on GRCh38,1000 Genomes phase 3 release,1000 Genomes phase 1 release
NA19083	M	SAME123371	JPT	Japanese	EAS	East Asian Ancestry	JPT	1000 Genomes on GRCh38,1000 Genomes 30x on GRCh38,1000 Genomes phase 3 release,1000 Genomes phase 1 release
NA19084	F	SAME123364	JPT	Japanese	EAS	East Asian Ancestry	JPT	1000 Genomes on GRCh38,1000 Genomes 30x on GRCh38,1000 Genomes phase 3 release,1000 Genomes phase 1 release
NA19085	M	SAME123365	JPT	Japanese	EAS	East Asian Ancestry	JPT	1000 Genomes on GRCh38,1000 Genomes 30x on GRCh38,1000 Genomes phase 3 release,1000 Genomes phase 1 release
NA19086	M	SAME123366	JPT	Japanese	EAS	East Asian Ancestry	JPT	1000 Genomes on GRCh38,1000 Genomes 30x on GRCh38,1KG_ONT_VIENNA,1000 Genomes phase 3 release,1000 Genomes phase 1 release
NA19087	F	SAME123367	JPT	Japanese	EAS	East Asian Ancestry	JPT	1000 Genomes on GRCh38,1000 Genomes 30x on GRCh38,Human Pangenome Reference Consortium, Phase 2,1000 Genomes phase 3 release,1000 Genomes phase 1 release
NA19088	M	SAME123360	JPT	Japanese	EAS	East Asian Ancestry	JPT	1000 Genomes on GRCh38,1000 Genomes 30x on GRCh38,1000 Genomes phase 3 release,1000 Genomes phase 1 release
NA19089	M	SAME123649	JPT	Japanese	EAS	East Asian Ancestry	JPT	1000 Genomes on GRCh38,1000 Genomes 30x on GRCh38,1000 Genomes phase 3 release
NA19090	F	SAME123175	JPT	Japanese	EAS	East Asian Ancestry	JPT	1000 Genomes on GRCh38,1000 Genomes 30x on GRCh38,1000 Genomes phase 3 release
NA19091	M	SAME123174	JPT	Japanese	EAS	East Asian Ancestry	JPT	1000 Genomes on GRCh38,1000 Genomes 30x on GRCh38,1000 Genomes phase 3 release
NA19092	M	SAME123173	YRI	Yoruba	AFR	African Ancestry	YRI	1000 Genomes on GRCh38,1000 Genomes 30x on GRCh38,1000 Genomes phase 3 release,1000 Genomes phase 1 release,Geuvadis
NA19093	F	SAME123172	YRI	Yoruba	AFR	African Ancestry	YRI	1000 Genomes on GRCh38,1000 Genomes 30x on GRCh38,1000 Genomes phase 3 release,1000 Genomes phase 1 release,Geuvadis
NA19094	F	SAME123171	YRI	Yoruba	AFR	African Ancestry	YRI	1000 Genomes 30x on GRCh38,1000 Genomes phase 3 release
NA19095	F	SAME123170	YRI	Yoruba	AFR	African Ancestry	YRI	1000 Genomes on GRCh38,1000 Genomes 30x on GRCh38,MAGE RNA-seq,1000 Genomes phase 3 release,1000 Genomes phase 1 release,Geuvadis
NA19096	M	SAME123662	YRI	Yoruba	AFR	African Ancestry	YRI	1000 Genomes on GRCh38,1000 Genomes 30x on GRCh38,1KG_ONT_VIENNA,1000 Genomes phase 3 release,1000 Genomes phase 1 release,Geuvadis
NA19097	F	SAME123168	YRI	Yoruba	AFR	African Ancestry	YRI	1000 Genomes 30x on GRCh38,1000 Genomes phase 3 release
NA19098	M	SAME123633	YRI	Yoruba	AFR	African Ancestry	YRI	1000 Genomes on GRCh38,1000 Genomes 30x on GRCh38,1000 Genomes phase 3 release,1000 Genomes phase 1 release,Geuvadis
NA19099	F	SAME125240	YRI	Yoruba	AFR	African Ancestry	YRI	1000 Genomes on GRCh38,1000 Genomes 30x on GRCh38,Human Pangenome Reference Consortium, Phase 2,1000 Genomes phase 3 release,1000 Genomes phase 1 release,Geuvadis
NA19100	F	SAME125401	YRI	Yoruba	AFR	African Ancestry	YRI	1000 Genomes 30x on GRCh38,1000 Genomes phase 3 release
NA19101	M	SAME123955	YRI	Yoruba	AFR	African Ancestry	YRI	1000 Genomes 30x on GRCh38,1KG_ONT_VIENNA,1000 Genomes phase 3 release
NA19102	F	SAME125112	YRI	Yoruba	AFR	African Ancestry	YRI	1000 Genomes on GRCh38,1000 Genomes 30x on GRCh38,1000 Genomes phase 3 release,1000 Genomes phase 1 release,Geuvadis
NA19103	M	SAME124330	YRI	Yoruba	AFR	African Ancestry	YRI	1000 Genomes 30x on GRCh38,1000 Genomes phase 3 release
NA19104	M	SAME124804	YRI	Yoruba	AFR	African Ancestry	YRI	1000 Genomes phase 3 release
NA19105	F	SAME125389	YRI	Yoruba	AFR	African Ancestry	YRI	1000 Genomes phase 3 release
NA19107	M	SAME123393	YRI	Yoruba	AFR	African Ancestry	YRI	1000 Genomes on GRCh38,1000 Genomes 30x on GRCh38,1000 Genomes phase 3 release,1000 Genomes phase 1 release,Geuvadis
NA19108	F	SAME125378	YRI	Yoruba	AFR	African Ancestry	YRI	1000 Genomes on GRCh38,1000 Genomes 30x on GRCh38,1000 Genomes phase 3 release,1000 Genomes phase 1 release,Geuvadis
NA19109	F	SAME124544	YRI	Yoruba	AFR	African Ancestry	YRI	1000 Genomes 30x on GRCh38,1000 Genomes phase 3 release
NA19113	M	SAME123838	YRI	Yoruba	AFR	African Ancestry	YRI	1000 Genomes on GRCh38,1000 Genomes 30x on GRCh38,1KG_ONT_VIENNA,1000 Genomes phase 3 release,1000 Genomes phase 1 release,Geuvadis
NA19114	F	SAME122953	YRI	Yoruba	AFR	African Ancestry	YRI	1000 Genomes on GRCh38,1000 Genomes 30x on GRCh38,1KG_ONT_VIENNA,1000 Genomes phase 3 release,1000 Genomes phase 1 release,Geuvadis
NA19115	F	SAME123857	YRI	Yoruba	AFR	African Ancestry	YRI	1000 Genomes 30x on GRCh38,1000 Genomes phase 3 release
NA19116	F	SAME124911	YRI	Yoruba	AFR	African Ancestry	YRI	1000 Genomes on GRCh38,1000 Genomes 30x on GRCh38,MAGE RNA-seq,1000 Genomes phase 3 release,1000 Genomes phase 1 release,Geuvadis
NA19117	M	SAME124914	YRI	Yoruba	AFR	African Ancestry	YRI	1000 Genomes on GRCh38,1000 Genomes 30x on GRCh38,MAGE RNA-seq,1000 Genomes phase 3 release,1000 Genomes phase 1 release,Geuvadis
NA19118	F	SAME122943	YRI	Yoruba	AFR	African Ancestry	YRI	1000 Genomes on GRCh38,1000 Genomes 30x on GRCh38,1KG_ONT_VIENNA,1000 Genomes phase 3 release,1000 Genomes phase 1 release,Geuvadis
NA19119	M	SAME122944	YRI	Yoruba	AFR	African Ancestry	YRI	1000 Genomes on GRCh38,1000 Genomes 30x on GRCh38,1KG_ONT_VIENNA,1000 Genomes phase 3 release,1000 Genomes phase 1 release,Geuvadis
NA19120	M	SAME125016	YRI	Yoruba	AFR	African Ancestry	YRI	1000 Genomes 30x on GRCh38,Human Pangenome Reference Consortium, Phase 2,1000 Genomes phase 3 release
NA19121	M	SAME125015	YRI	Yoruba	AFR	African Ancestry	YRI	1000 Genomes on GRCh38,1000 Genomes 30x on GRCh38,1000 Genomes phase 3 release,1000 Genomes phase 1 release,Geuvadis
NA19122	F	SAME125014	YRI	Yoruba	AFR	African Ancestry	YRI	1000 Genomes 30x on GRCh38,1KG_ONT_VIENNA,1000 Genomes phase 3 release
NA19123	M	SAME125013	YRI	Yoruba	AFR	African Ancestry	YRI	1000 Genomes 30x on GRCh38,1000 Genomes phase 3 release
NA19127	F	SAME125017	YRI	Yoruba	AFR	African Ancestry	YRI	1000 Genomes 30x on GRCh38,1KG_ONT_VIENNA,1000 Genomes phase 3 release
NA19128	M	SAME125022	YRI	Yoruba	AFR	African Ancestry	YRI	1000 Genomes 30x on GRCh38,1KG_ONT_VIENNA,1000 Genomes phase 3 release
NA19129	F	SAME125021	YRI	Yoruba	AFR	African Ancestry	YRI	1000 Genomes on GRCh38,1000 Genomes 30x on GRCh38,Human Genome Structural Variation Consortium, Phase 3,1KG_ONT_VIENNA,MAGE RNA-seq,1000 Genomes phase 3 release,1000 Genomes phase 1 release,Geuvadis
NA19130	M	SAME125229	YRI	Yoruba	AFR	African Ancestry	YRI	1000 Genomes on GRCh38,1000 Genomes 30x on GRCh38,1000 Genomes phase 3 release,1000 Genomes phase 1 release,Geuvadis
NA19131	F	SAME125230	YRI	Yoruba	AFR	African Ancestry	YRI	1000 Genomes on GRCh38,1000 Genomes 30x on GRCh38,Human Pangenome Reference Consortium, Phase 2,1000 Genomes phase 3 release,1000 Genomes phase 1 release,Geuvadis
NA19132	F	SAME125231	YRI	Yoruba	AFR	African Ancestry	YRI	1000 Genomes 30x on GRCh38,1000 Genomes phase 3 release
NA19137	F	SAME125235	YRI	Yoruba	AFR	African Ancestry	YRI	1000 Genomes on GRCh38,1000 Genomes 30x on GRCh38,1KG_ONT_VIENNA,1000 Genomes phase 3 release,1000 Genomes phase 1 release,Geuvadis
NA19138	M	SAME125236	YRI	Yoruba	AFR	African Ancestry	YRI	1000 Genomes on GRCh38,1000 Genomes 30x on GRCh38,1000 Genomes phase 3 release,1000 Genomes phase 1 release,Geuvadis
NA19139	M	SAME125237	YRI	Yoruba	AFR	African Ancestry	YRI	1000 Genomes 30x on GRCh38,1000 Genomes phase 3 release
NA19140	F	SAME124608	YRI	Yoruba	AFR	African Ancestry	YRI	1000 Genomes 30x on GRCh38,1000 Genomes phase 3 release
NA19141	M	SAME124607	YRI	Yoruba	AFR	African Ancestry	YRI	1000 Genomes on GRCh38,1000 Genomes 30x on GRCh38,1000 Genomes phase 3 release,1000 Genomes phase 1 release,Geuvadis
NA19142	M	SAME124610	YRI	Yoruba	AFR	African Ancestry	YRI	1000 Genomes 30x on GRCh38,1000 Genomes phase 3 release
NA19143	F	SAME124609	YRI	Yoruba	AFR	African Ancestry	YRI	1000 Genomes on GRCh38,1000 Genomes 30x on GRCh38,MAGE RNA-seq,1000 Genomes phase 3 release,1000 Genomes phase 1 release,Geuvadis
NA19144	M	SAME123373	YRI	Yoruba	AFR	African Ancestry	YRI	1000 Genomes on GRCh38,1000 Genomes 30x on GRCh38,1KG_ONT_VIENNA,1000 Genomes phase 3 release,1000 Genomes phase 1 release,Geuvadis
NA19145	M	SAME123372	YRI	Yoruba	AFR	African Ancestry	YRI	1000 Genomes 30x on GRCh38,1000 Genomes phase 3 release
NA19146	M	SAME125080	YRI	Yoruba	AFR	African Ancestry	YRI	1000 Genomes on GRCh38,1000 Genomes 30x on GRCh38,1KG_ONT_VIENNA,1000 Genomes phase 3 release,1000 Genomes phase 1 release,Geuvadis
NA19147	F	SAME124613	YRI	Yoruba	AFR	African Ancestry	YRI	1000 Genomes on GRCh38,1000 Genomes 30x on GRCh38,1KG_ONT_VIENNA,1000 Genomes phase 3 release,1000 Genomes phase 1 release,Geuvadis
NA19148	F	SAME124606	YRI	Yoruba	AFR	African Ancestry	YRI	1000 Genomes 30x on GRCh38,1000 Genomes phase 3 release
NA19149	F	SAME124605	YRI	Yoruba	AFR	African Ancestry	YRI	1000 Genomes on GRCh38,1000 Genomes 30x on GRCh38,1000 Genomes phase 3 release,1000 Genomes phase 1 release,Geuvadis
NA19150	M	SAME124838	YRI	Yoruba	AFR	African Ancestry	YRI	1000 Genomes on GRCh38,1000 Genomes 30x on GRCh38,1000 Genomes phase 3 release,1000 Genomes phase 1 release,Geuvadis
NA19151	F	SAME124839	YRI	Yoruba	AFR	African Ancestry	YRI	1000 Genomes 30x on GRCh38,1000 Genomes phase 3 release
NA19152	F	SAME123017	YRI	Yoruba	AFR	African Ancestry	YRI	1000 Genomes on GRCh38,1000 Genomes 30x on GRCh38,1000 Genomes phase 3 release,1000 Genomes phase 1 release,Geuvadis
NA19153	M	SAME123019	YRI	Yoruba	AFR	African Ancestry	YRI	1000 Genomes on GRCh38,1000 Genomes 30x on GRCh38,1KG_ONT_VIENNA,1000 Genomes phase 3 release,1000 Genomes phase 1 release,Geuvadis
NA19154	M	SAME124835	YRI	Yoruba	AFR	African Ancestry	YRI	1000 Genomes 30x on GRCh38,1000 Genomes phase 3 release
NA19159	F	SAME124716	YRI	Yoruba	AFR	African Ancestry	YRI	1000 Genomes on GRCh38,1000 Genomes 30x on GRCh38,Human Pangenome Reference Consortium, Phase 2,1000 Genomes phase 3 release,1000 Genomes phase 1 release,Geuvadis
NA19160	M	SAME123758	YRI	Yoruba	AFR	African Ancestry	YRI	1000 Genomes on GRCh38,1000 Genomes 30x on GRCh38,1000 Genomes phase 3 release,1000 Genomes phase 1 release,Geuvadis
NA19161	M	SAME123757	YRI	Yoruba	AFR	African Ancestry	YRI	1000 Genomes 30x on GRCh38,1000 Genomes phase 3 release
NA19166	F	SAME124211	YRI	Yoruba	AFR	African Ancestry	YRI	1000 Genomes phase 3 release
NA19171	M	SAME124419	YRI	Yoruba	AFR	African Ancestry	YRI	1000 Genomes on GRCh38,1000 Genomes 30x on GRCh38,1000 Genomes phase 3 release,1000 Genomes phase 1 release,Geuvadis
NA19172	F	SAME124420	YRI	Yoruba	AFR	African Ancestry	YRI	1000 Genomes on GRCh38,1000 Genomes 30x on GRCh38,1000 Genomes phase 3 release,1000 Genomes phase 1 release,Geuvadis
NA19173	M	SAME124421	YRI	Yoruba	AFR	African Ancestry	YRI	1000 Genomes 30x on GRCh38,1000 Genomes phase 3 release
NA19174	M	SAME124882	YRI	Yoruba	AFR	African Ancestry	YRI	1000 Genomes 30x on GRCh38,1000 Genomes phase 3 release
NA19175	M	SAME124887	YRI	Yoruba	AFR	African Ancestry	YRI	1000 Genomes on GRCh38,1000 Genomes 30x on GRCh38,Human Pangenome Reference Consortium, Phase 2,1000 Genomes phase 3 release,1000 Genomes phase 1 release,Geuvadis
NA19176	F	SAME124416	YRI	Yoruba	AFR	African Ancestry	YRI	1000 Genomes 30x on GRCh38,1000 Genomes phase 3 release
NA19177	M	SAME124417	YRI	Yoruba	AFR	African Ancestry	YRI	1000 Genomes 30x on GRCh38,1000 Genomes phase 3 release
NA19184	M	SAME123859	YRI	Yoruba	AFR	African Ancestry	YRI	1000 Genomes on GRCh38,1000 Genomes 30x on GRCh38,1000 Genomes phase 3 release,1000 Genomes phase 1 release,Geuvadis
NA19185	F	SAME123858	YRI	Yoruba	AFR	African Ancestry	YRI	1000 Genomes on GRCh38,1000 Genomes 30x on GRCh38,Human Pangenome Reference Consortium, Phase 2,1000 Genomes phase 3 release,1000 Genomes phase 1 release,Geuvadis
NA19186	M	SAME123861	YRI	Yoruba	AFR	African Ancestry	YRI	1000 Genomes 30x on GRCh38,1000 Genomes phase 3 release
NA19189	M	SAME123869	YRI	Yoruba	AFR	African Ancestry	YRI	1000 Genomes on GRCh38,1000 Genomes 30x on GRCh38,1KG_ONT_VIENNA,1000 Genomes phase 3 release,1000 Genomes phase 1 release,Geuvadis
NA19190	F	SAME124041	YRI	Yoruba	AFR	African Ancestry	YRI	1000 Genomes on GRCh38,1000 Genomes 30x on GRCh38,Human Pangenome Reference Consortium, Phase 2,1000 Genomes phase 3 release,1000 Genomes phase 1 release,Geuvadis
NA19191	M	SAME124042	YRI	Yoruba	AFR	African Ancestry	YRI	1000 Genomes 30x on GRCh38,1000 Genomes phase 3 release
NA19195	M	SAME125310	YRI	Yoruba	AFR	African Ancestry	YRI	1000 Genomes phase 3 release
NA19196	F	SAME124043	YRI	Yoruba	AFR	African Ancestry	YRI	1000 Genomes phase 3 release
NA19197	F	SAME125309	YRI	Yoruba	AFR	African Ancestry	YRI	1000 Genomes on GRCh38,1000 Genomes 30x on GRCh38,1KG_ONT_VIENNA,1000 Genomes phase 3 release,1000 Genomes phase 1 release,Geuvadis
NA19198	M	SAME124049	YRI	Yoruba	AFR	African Ancestry	YRI	1000 Genomes on GRCh38,1000 Genomes 30x on GRCh38,1000 Genomes phase 3 release,1000 Genomes phase 1 release,Geuvadis
NA19199	F	SAME124050	YRI	Yoruba	AFR	African Ancestry	YRI	1000 Genomes 30x on GRCh38,1000 Genomes phase 3 release
NA19200	M	SAME122989	YRI	Yoruba	AFR	African Ancestry	YRI	1000 Genomes on GRCh38,1000 Genomes 30x on GRCh38,1000 Genomes phase 3 release,1000 Genomes phase 1 release,Geuvadis
NA19201	F	SAME122990	YRI	Yoruba	AFR	African Ancestry	YRI	1000 Genomes on GRCh38,1000 Genomes 30x on GRCh38,1000 Genomes phase 3 release,1000 Genomes phase 1 release,Geuvadis
NA19202	F	SAME122987	YRI	Yoruba	AFR	African Ancestry	YRI	1000 Genomes 30x on GRCh38,1000 Genomes phase 3 release
NA19203	M	SAME122988	YRI	Yoruba	AFR	African Ancestry	YRI	1000 Genomes 30x on GRCh38,1000 Genomes phase 3 release
NA19204	F	SAME122985	YRI	Yoruba	AFR	African Ancestry	YRI	1000 Genomes on GRCh38,1000 Genomes 30x on GRCh38,1000 Genomes phase 3 release,1000 Genomes phase 1 release,Geuvadis
NA19205	M	SAME122986	YRI	Yoruba	AFR	African Ancestry	YRI	1000 Genomes 30x on GRCh38,1000 Genomes phase 3 release
NA19206	F	SAME122983	YRI	Yoruba	AFR	African Ancestry	YRI	1000 Genomes on GRCh38,1000 Genomes 30x on GRCh38,1000 Genomes phase 3 release,1000 Genomes phase 1 release,Geuvadis
NA19207	M	SAME122984	YRI	Yoruba	AFR	African Ancestry	YRI	1000 Genomes on GRCh38,1000 Genomes 30x on GRCh38,1KG_ONT_VIENNA,1000 Genomes phase 3 release,1000 Genomes phase 1 release,Geuvadis
NA19208	M	SAME122993	YRI	Yoruba	AFR	African Ancestry	YRI	1000 Genomes 30x on GRCh38,1000 Genomes phase 3 release
NA19209	F	SAME122994	YRI	Yoruba	AFR	African Ancestry	YRI	1000 Genomes on GRCh38,1000 Genomes 30x on GRCh38,1000 Genomes phase 3 release,1000 Genomes phase 1 release,Geuvadis
NA19210	M	SAME125383	YRI	Yoruba	AFR	African Ancestry	YRI	1000 Genomes on GRCh38,1000 Genomes 30x on GRCh38,1000 Genomes phase 3 release,1000 Genomes phase 1 release,Geuvadis
NA19211	M	SAME125382	YRI	Yoruba	AFR	African Ancestry	YRI	1000 Genomes 30x on GRCh38,1000 Genomes phase 3 release
NA19213	M	SAME125384	YRI	Yoruba	AFR	African Ancestry	YRI	1000 Genomes on GRCh38,1000 Genomes 30x on GRCh38,1000 Genomes phase 3 release,1000 Genomes phase 1 release,Geuvadis
NA19214	F	SAME125386	YRI	Yoruba	AFR	African Ancestry	YRI	1000 Genomes on GRCh38,1000 Genomes 30x on GRCh38,1000 Genomes phase 3 release,1000 Genomes phase 1 release,Geuvadis
NA19215	F	SAME125385	YRI	Yoruba	AFR	African Ancestry	YRI	1000 Genomes 30x on GRCh38,1000 Genomes phase 3 release
NA19221	F	SAME125221	YRI	Yoruba	AFR	African Ancestry	YRI	1000 Genomes 30x on GRCh38,1000 Genomes phase 3 release
NA19222	F	SAME124147	YRI	Yoruba	AFR	African Ancestry	YRI	1000 Genomes on GRCh38,1000 Genomes 30x on GRCh38,1000 Genomes phase 3 release,1000 Genomes phase 1 release,Geuvadis
NA19223	M	SAME125223	YRI	Yoruba	AFR	African Ancestry	YRI	1000 Genomes on GRCh38,1000 Genomes 30x on GRCh38,1000 Genomes phase 3 release,1000 Genomes phase 1 release,Geuvadis
NA19224	M	SAME125217	YRI	Yoruba	AFR	African Ancestry	YRI	1000 Genomes 30x on GRCh38,1000 Genomes phase 3 release
NA19225	F	SAME125218	YRI	Yoruba	AFR	African Ancestry	YRI	1000 Genomes on GRCh38,1000 Genomes 30x on GRCh38,1000 Genomes phase 3 release,1000 Genomes phase 1 release,Geuvadis
NA19226	M	SAME125219	YRI	Yoruba	AFR	African Ancestry	YRI	1000 Genomes 30x on GRCh38,1000 Genomes phase 3 release
NA19235	F	SAME125002	YRI	Yoruba	AFR	African Ancestry	YRI	1000 Genomes on GRCh38,1000 Genomes 30x on GRCh38,1000 Genomes phase 3 release,1000 Genomes phase 1 release,Geuvadis
NA19236	M	SAME125001	YRI	Yoruba	AFR	African Ancestry	YRI	1000 Genomes on GRCh38,1000 Genomes 30x on GRCh38,1000 Genomes phase 3 release,1000 Genomes phase 1 release,Geuvadis
NA19237	F	SAME125000	YRI	Yoruba	AFR	African Ancestry	YRI	1000 Genomes 30x on GRCh38,1000 Genomes phase 3 release
NA19238	F	SAME124999	YRI	Yoruba	AFR	African Ancestry	YRI	1000 Genomes on GRCh38,1000 Genomes 30x on GRCh38,Human Genome Structural Variation Consortium, Phase 2,Human Genome Structural Variation Consortium, Phase 3,1KG_ONT_VIENNA,MAGE RNA-seq,The Human Genome Structural Variation Consortium,1000 Genomes phase 3 release,1000 Genomes phase 1 release
NA19239	M	SAME125081	YRI	Yoruba	AFR	African Ancestry	YRI	1000 Genomes on GRCh38,1000 Genomes 30x on GRCh38,Human Genome Structural Variation Consortium, Phase 2,Human Genome Structural Variation Consortium, Phase 3,MAGE RNA-seq,The Human Genome Structural Variation Consortium,1000 Genomes phase 3 release,1000 Genomes phase 1 release
NA19240	F	SAME123688	YRI	Yoruba	AFR	African Ancestry	YRI	1000 Genomes on GRCh38,1000 Genomes 30x on GRCh38,Human Genome Structural Variation Consortium, Phase 2,Human Genome Structural Variation Consortium, Phase 3,Human Pangenome Reference Consortium, Phase 2,The Human Genome Structural Variation Consortium,1000 Genomes phase 3 release,1000 Genomes phase 1 release
NA19247	F	SAME123691	YRI	Yoruba	AFR	African Ancestry	YRI	1000 Genomes on GRCh38,1000 Genomes 30x on GRCh38,1000 Genomes phase 3 release,1000 Genomes phase 1 release,Geuvadis
NA19248	M	SAME123681	YRI	Yoruba	AFR	African Ancestry	YRI	1000 Genomes on GRCh38,1000 Genomes 30x on GRCh38,1000 Genomes phase 3 release,1000 Genomes phase 1 release,Geuvadis
NA19249	M	SAME123682	YRI	Yoruba	AFR	African Ancestry	YRI	1000 Genomes 30x on GRCh38,1000 Genomes phase 3 release
NA19252	M	SAME123500	YRI	Yoruba	AFR	African Ancestry	YRI	1000 Genomes phase 3 release
NA19254	F	SAME123494	YRI	Yoruba	AFR	African Ancestry	YRI	1000 Genomes phase 3 release
NA19256	M	SAME124707	YRI	Yoruba	AFR	African Ancestry	YRI	1000 Genomes on GRCh38,1000 Genomes 30x on GRCh38,1000 Genomes phase 3 release,1000 Genomes phase 1 release,Geuvadis
NA19257	F	SAME123495	YRI	Yoruba	AFR	African Ancestry	YRI	1000 Genomes on GRCh38,1000 Genomes 30x on GRCh38,1000 Genomes phase 3 release,1000 Genomes phase 1 release,Geuvadis
NA19258	M	SAME125045	YRI	Yoruba	AFR	African Ancestry	YRI	1000 Genomes 30x on GRCh38,1000 Genomes phase 3 release
NA19307	M	SAME124981	LWK	Luhya	AFR	African Ancestry	LWK	1000 Genomes on GRCh38,1000 Genomes 30x on GRCh38,1KG_ONT_VIENNA,1000 Genomes phase 3 release,1000 Genomes phase 1 release
NA19308	M	SAME124985	LWK	Luhya	AFR	African Ancestry	LWK	1000 Genomes on GRCh38,1000 Genomes 30x on GRCh38,MAGE RNA-seq,1000 Genomes phase 3 release,1000 Genomes phase 1 release
NA19309	M	SAME124984	LWK	Luhya	AFR	African Ancestry	LWK	1000 Genomes on GRCh38,1000 Genomes 30x on GRCh38,1000 Genomes phase 3 release,1000 Genomes phase 1 release
NA19310	F	SAME123449	LWK	Luhya	AFR	African Ancestry	LWK	1000 Genomes on GRCh38,1000 Genomes 30x on GRCh38,1KG_ONT_VIENNA,1000 Genomes phase 3 release,1000 Genomes phase 1 release
NA19311	M	SAME123452	LWK	Luhya	AFR	African Ancestry	LWK	1000 Genomes on GRCh38,1000 Genomes phase 3 release,1000 Genomes phase 1 release
NA19312	M	SAME123315	LWK	Luhya	AFR	African Ancestry	LWK	1000 Genomes on GRCh38,1000 Genomes 30x on GRCh38,MAGE RNA-seq,1000 Genomes phase 3 release,1000 Genomes phase 1 release
NA19313	F	SAME123316	LWK	Luhya	AFR	African Ancestry	LWK	1000 Genomes on GRCh38,1000 Genomes phase 3 release,1000 Genomes phase 1 release
NA19314	F	SAME123309	LWK	Luhya	AFR	African Ancestry	LWK	1000 Genomes on GRCh38,1000 Genomes 30x on GRCh38,1000 Genomes phase 3 release,1000 Genomes phase 1 release
NA19315	F	SAME123310	LWK	Luhya	AFR	African Ancestry	LWK	1000 Genomes on GRCh38,1000 Genomes 30x on GRCh38,1KG_ONT_VIENNA,Human Pangenome Reference Consortium, Phase 2,1000 Genomes phase 3 release,1000 Genomes phase 1 release
NA19316	F	SAME123311	LWK	Luhya	AFR	African Ancestry	LWK	1000 Genomes on GRCh38,1000 Genomes 30x on GRCh38,1000 Genomes phase 3 release,1000 Genomes phase 1 release
NA19317	M	SAME123312	LWK	Luhya	AFR	African Ancestry	LWK	1000 Genomes on GRCh38,1000 Genomes 30x on GRCh38,Human Genome Structural Variation Consortium, Phase 3,MAGE RNA-seq,1000 Genomes phase 3 release,1000 Genomes phase 1 release
NA19318	M	SAME124753	LWK	Luhya	AFR	African Ancestry	LWK	1000 Genomes on GRCh38,1000 Genomes 30x on GRCh38,1000 Genomes phase 3 release,1000 Genomes phase 1 release
NA19319	M	SAME123438	LWK	Luhya	AFR	African Ancestry	LWK	1000 Genomes on GRCh38,1000 Genomes 30x on GRCh38,1KG_ONT_VIENNA,1000 Genomes phase 3 release,1000 Genomes phase 1 release
NA19320	F	SAME124570	LWK	Luhya	AFR	African Ancestry	LWK	1000 Genomes on GRCh38,1000 Genomes 30x on GRCh38,1000 Genomes phase 3 release
NA19321	F	SAME124569	LWK	Luhya	AFR	African Ancestry	LWK	1000 Genomes on GRCh38,1000 Genomes 30x on GRCh38,1000 Genomes phase 3 release,1000 Genomes phase 1 release
NA19323	F	SAME123471	LWK	Luhya	AFR	African Ancestry	LWK	1000 Genomes on GRCh38,1000 Genomes 30x on GRCh38,MAGE RNA-seq,1000 Genomes phase 3 release
NA19324	F	SAME123472	LWK	Luhya	AFR	African Ancestry	LWK	1000 Genomes on GRCh38,1000 Genomes 30x on GRCh38,1000 Genomes phase 3 release,1000 Genomes phase 1 release
NA19327	F	SAME123473	LWK	Luhya	AFR	African Ancestry	LWK	1000 Genomes on GRCh38,1000 Genomes 30x on GRCh38,1KG_ONT_VIENNA,1000 Genomes phase 3 release,1000 Genomes phase 1 release
NA19328	F	SAME123463	LWK	Luhya	AFR	African Ancestry	LWK	1000 Genomes on GRCh38,1000 Genomes 30x on GRCh38,1KG_ONT_VIENNA,1000 Genomes phase 3 release,1000 Genomes phase 1 release
NA19331	M	SAME123250	LWK	Luhya	AFR	African Ancestry	LWK	1000 Genomes on GRCh38,1000 Genomes 30x on GRCh38,Human Genome Structural Variation Consortium, Phase 3,1KG_ONT_VIENNA,1000 Genomes phase 3 release,1000 Genomes phase 1 release
NA19332	F	SAME123723	LWK	Luhya	AFR	African Ancestry	LWK	1000 Genomes on GRCh38,1000 Genomes 30x on GRCh38,MAGE RNA-seq,1000 Genomes phase 3 release,1000 Genomes phase 1 release
NA19334	M	SAME123722	LWK	Luhya	AFR	African Ancestry	LWK	1000 Genomes on GRCh38,1000 Genomes 30x on GRCh38,MAGE RNA-seq,1000 Genomes phase 3 release,1000 Genomes phase 1 release
NA19338	F	SAME123274	LWK	Luhya	AFR	African Ancestry	LWK	1000 Genomes on GRCh38,1000 Genomes 30x on GRCh38,1KG_ONT_VIENNA,MAGE RNA-seq,Human Pangenome Reference Consortium, Phase 2,1000 Genomes phase 3 release,1000 Genomes phase 1 release
NA19346	M	SAME124341	LWK	Luhya	AFR	African Ancestry	LWK	1000 Genomes on GRCh38,1000 Genomes 30x on GRCh38,MAGE RNA-seq,1000 Genomes phase 3 release,1000 Genomes phase 1 release
NA19347	M	SAME124340	LWK	Luhya	AFR	African Ancestry	LWK	1000 Genomes on GRCh38,1000 Genomes 30x on GRCh38,Human Genome Structural Variation Consortium, Phase 3,1KG_ONT_VIENNA,1000 Genomes phase 3 release,1000 Genomes phase 1 release
NA19350	M	SAME122853	LWK	Luhya	AFR	African Ancestry	LWK	1000 Genomes on GRCh38,1000 Genomes 30x on GRCh38,1KG_ONT_VIENNA,1000 Genomes phase 3 release,1000 Genomes phase 1 release
NA19351	F	SAME122854	LWK	Luhya	AFR	African Ancestry	LWK	1000 Genomes on GRCh38,1000 Genomes 30x on GRCh38,1KG_ONT_VIENNA,MAGE RNA-seq,1000 Genomes phase 3 release,1000 Genomes phase 1 release
NA19352	M	SAME124075	LWK	Luhya	AFR	African Ancestry	LWK	1KG_ONT_VIENNA,1000 Genomes phase 3 release,1000 Genomes phase 1 release
NA19355	F	SAME124077	LWK	Luhya	AFR	African Ancestry	LWK	1000 Genomes on GRCh38,1000 Genomes 30x on GRCh38,1KG_ONT_VIENNA,MAGE RNA-seq,1000 Genomes phase 3 release,1000 Genomes phase 1 release
NA19359	M	SAME125093	LWK	Luhya	AFR	African Ancestry	LWK	1000 Genomes on GRCh38,1000 Genomes phase 3 release,1000 Genomes phase 1 release
NA19360	M	SAME124915	LWK	Luhya	AFR	African Ancestry	LWK	1000 Genomes on GRCh38,1000 Genomes 30x on GRCh38,1000 Genomes phase 3 release,1000 Genomes phase 1 release
NA19371	M	SAME125111	LWK	Luhya	AFR	African Ancestry	LWK	1000 Genomes on GRCh38,1000 Genomes phase 3 release,1000 Genomes phase 1 release
NA19372	M	SAME125100	LWK	Luhya	AFR	African Ancestry	LWK	1000 Genomes on GRCh38,1000 Genomes 30x on GRCh38,1000 Genomes phase 3 release,1000 Genomes phase 1 release
NA19373	M	SAME124706	LWK	Luhya	AFR	African Ancestry	LWK	1000 Genomes on GRCh38,1000 Genomes phase 3 release,1000 Genomes phase 1 release
NA19374	M	SAME125115	LWK	Luhya	AFR	African Ancestry	LWK	1000 Genomes on GRCh38,1000 Genomes 30x on GRCh38,MAGE RNA-seq,1000 Genomes phase 3 release,1000 Genomes phase 1 release
NA19375	M	SAME125116	LWK	Luhya	AFR	African Ancestry	LWK	1000 Genomes on GRCh38,1000 Genomes 30x on GRCh38,1000 Genomes phase 3 release,1000 Genomes phase 1 release
NA19376	M	SAME124469	LWK	Luhya	AFR	African Ancestry	LWK	1000 Genomes on GRCh38,1000 Genomes 30x on GRCh38,1000 Genomes phase 3 release,1000 Genomes phase 1 release
NA19377	F	SAME124470	LWK	Luhya	AFR	African Ancestry	LWK	1000 Genomes on GRCh38,1000 Genomes 30x on GRCh38,MAGE RNA-seq,Human Pangenome Reference Consortium, Phase 2,1000 Genomes phase 3 release,1000 Genomes phase 1 release
NA19378	F	SAME125091	LWK	Luhya	AFR	African Ancestry	LWK	1000 Genomes on GRCh38,1000 Genomes 30x on GRCh38,1000 Genomes phase 3 release
NA19379	F	SAME125092	LWK	Luhya	AFR	African Ancestry	LWK	1000 Genomes on GRCh38,1000 Genomes 30x on GRCh38,1000 Genomes phase 3 release,1000 Genomes phase 1 release
NA19380	M	SAME124276	LWK	Luhya	AFR	African Ancestry	LWK	1000 Genomes on GRCh38,1000 Genomes 30x on GRCh38,1000 Genomes phase 3 release,1000 Genomes phase 1 release
NA19381	F	SAME124275	LWK	Luhya	AFR	African Ancestry	LWK	1000 Genomes on GRCh38,1000 Genomes phase 3 release,1000 Genomes phase 1 release
NA19382	M	SAME124274	LWK	Luhya	AFR	African Ancestry	LWK	1000 Genomes on GRCh38,1000 Genomes phase 3 release,1000 Genomes phase 1 release
NA19383	M	SAME124273	LWK	Luhya	AFR	African Ancestry	LWK	1000 Genomes on GRCh38,1000 Genomes 30x on GRCh38,1KG_ONT_VIENNA,1000 Genomes phase 3 release,1000 Genomes phase 1 release
NA19384	M	SAME124272	LWK	Luhya	AFR	African Ancestry	LWK	1000 Genomes on GRCh38,1000 Genomes 30x on GRCh38,Human Genome Structural Variation Consortium, Phase 3,1000 Genomes phase 3 release,1000 Genomes phase 1 release
NA19385	M	SAME124271	LWK	Luhya	AFR	African Ancestry	LWK	1000 Genomes on GRCh38,1000 Genomes 30x on GRCh38,1KG_ONT_VIENNA,MAGE RNA-seq,1000 Genomes phase 3 release,1000 Genomes phase 1 release
NA19390	F	SAME124493	LWK	Luhya	AFR	African Ancestry	LWK	1000 Genomes on GRCh38,1000 Genomes 30x on GRCh38,Human Pangenome Reference Consortium, Phase 2,1000 Genomes phase 3 release,1000 Genomes phase 1 release
NA19391	F	SAME124494	LWK	Luhya	AFR	African Ancestry	LWK	1000 Genomes on GRCh38,1000 Genomes 30x on GRCh38,1KG_ONT_VIENNA,Human Pangenome Reference Consortium, Phase 2,1000 Genomes phase 3 release,1000 Genomes phase 1 release
NA19393	M	SAME124496	LWK	Luhya	AFR	African Ancestry	LWK	1000 Genomes on GRCh38,1000 Genomes 30x on GRCh38,1KG_ONT_VIENNA,MAGE RNA-seq,1000 Genomes phase 3 release,1000 Genomes phase 1 release
NA19394	M	SAME124489	LWK	Luhya	AFR	African Ancestry	LWK	1000 Genomes on GRCh38,1000 Genomes 30x on GRCh38,1000 Genomes phase 3 release,1000 Genomes phase 1 release
NA19395	F	SAME124490	LWK	Luhya	AFR	African Ancestry	LWK	1000 Genomes on GRCh38,1000 Genomes 30x on GRCh38,1000 Genomes phase 3 release,1000 Genomes phase 1 release
NA19396	F	SAME124491	LWK	Luhya	AFR	African Ancestry	LWK	1000 Genomes on GRCh38,1000 Genomes phase 3 release,1000 Genomes phase 1 release
NA19397	M	SAME124492	LWK	Luhya	AFR	African Ancestry	LWK	1000 Genomes on GRCh38,1000 Genomes 30x on GRCh38,1KG_ONT_VIENNA,MAGE RNA-seq,1000 Genomes phase 3 release,1000 Genomes phase 1 release
NA19398	F	SAME124497	LWK	Luhya	AFR	African Ancestry	LWK	1000 Genomes on GRCh38,1KG_ONT_VIENNA,1000 Genomes phase 3 release,1000 Genomes phase 1 release
NA19399	F	SAME124498	LWK	Luhya	AFR	African Ancestry	LWK	1000 Genomes on GRCh38,1000 Genomes 30x on GRCh38,1KG_ONT_VIENNA,1000 Genomes phase 3 release,1000 Genomes phase 1 release
NA19401	F	SAME123634	LWK	Luhya	AFR	African Ancestry	LWK	1000 Genomes on GRCh38,1000 Genomes 30x on GRCh38,MAGE RNA-seq,1000 Genomes phase 3 release,1000 Genomes phase 1 release
NA19403	F	SAME123636	LWK	Luhya	AFR	African Ancestry	LWK	1000 Genomes on GRCh38,1000 Genomes 30x on GRCh38,1KG_ONT_VIENNA,1000 Genomes phase 3 release,1000 Genomes phase 1 release
NA19404	F	SAME123637	LWK	Luhya	AFR	African Ancestry	LWK	1000 Genomes on GRCh38,1000 Genomes 30x on GRCh38,MAGE RNA-seq,1000 Genomes phase 3 release,1000 Genomes phase 1 release
NA19428	M	SAME124036	LWK	Luhya	AFR	African Ancestry	LWK	1000 Genomes on GRCh38,1000 Genomes 30x on GRCh38,1000 Genomes phase 3 release,1000 Genomes phase 1 release
NA19429	M	SAME124037	LWK	Luhya	AFR	African Ancestry	LWK	1000 Genomes on GRCh38,1000 Genomes 30x on GRCh38,1000 Genomes phase 3 release,1000 Genomes phase 1 release
NA19430	M	SAME123854	LWK	Luhya	AFR	African Ancestry	LWK	1000 Genomes on GRCh38,1000 Genomes 30x on GRCh38,MAGE RNA-seq,1000 Genomes phase 3 release,1000 Genomes phase 1 release
NA19431	F	SAME123853	LWK	Luhya	AFR	African Ancestry	LWK	1000 Genomes on GRCh38,1000 Genomes 30x on GRCh38,1000 Genomes phase 3 release,1000 Genomes phase 1 release
NA19432	F	SAME123855	LWK	Luhya	AFR	African Ancestry	LWK	1KG_ONT_VIENNA,1000 Genomes phase 3 release
NA19434	F	SAME123850	LWK	Luhya	AFR	African Ancestry	LWK	1000 Genomes on GRCh38,1000 Genomes 30x on GRCh38,Human Genome Structural Variation Consortium, Phase 2,Human Genome Structural Variation Consortium, Phase 3,1000 Genomes phase 3 release,1000 Genomes phase 1 release
NA19435	F	SAME123849	LWK	Luhya	AFR	African Ancestry	LWK	1000 Genomes on GRCh38,1000 Genomes 30x on GRCh38,1000 Genomes phase 3 release,1000 Genomes phase 1 release
NA19436	F	SAME123852	LWK	Luhya	AFR	African Ancestry	LWK	1000 Genomes on GRCh38,1000 Genomes 30x on GRCh38,1000 Genomes phase 3 release,1000 Genomes phase 1 release
NA19437	F	SAME123851	LWK	Luhya	AFR	African Ancestry	LWK	1000 Genomes on GRCh38,1000 Genomes 30x on GRCh38,1000 Genomes phase 3 release,1000 Genomes phase 1 release
NA19438	F	SAME123848	LWK	Luhya	AFR	African Ancestry	LWK	1000 Genomes on GRCh38,1000 Genomes 30x on GRCh38,MAGE RNA-seq,1000 Genomes phase 3 release,1000 Genomes phase 1 release
NA19439	F	SAME123847	LWK	Luhya	AFR	African Ancestry	LWK	1000 Genomes on GRCh38,1000 Genomes 30x on GRCh38,1KG_ONT_VIENNA,1000 Genomes phase 3 release,1000 Genomes phase 1 release
NA19440	F	SAME122951	LWK	Luhya	AFR	African Ancestry	LWK	1000 Genomes on GRCh38,1000 Genomes 30x on GRCh38,1000 Genomes phase 3 release,1000 Genomes phase 1 release
NA19443	M	SAME122954	LWK	Luhya	AFR	African Ancestry	LWK	1000 Genomes on GRCh38,1000 Genomes 30x on GRCh38,MAGE RNA-seq,Human Pangenome Reference Consortium, Phase 2,1000 Genomes phase 3 release,1000 Genomes phase 1 release
NA19444	M	SAME122947	LWK	Luhya	AFR	African Ancestry	LWK	1000 Genomes on GRCh38,1000 Genomes phase 3 release,1000 Genomes phase 1 release
NA19445	F	SAME122948	LWK	Luhya	AFR	African Ancestry	LWK	1000 Genomes on GRCh38,1000 Genomes 30x on GRCh38,1000 Genomes phase 3 release,1000 Genomes phase 1 release
NA19446	F	SAME122949	LWK	Luhya	AFR	African Ancestry	LWK	1000 Genomes on GRCh38,1000 Genomes 30x on GRCh38,1000 Genomes phase 3 release,1000 Genomes phase 1 release
NA19448	M	SAME122945	LWK	Luhya	AFR	African Ancestry	LWK	1000 Genomes on GRCh38,1000 Genomes 30x on GRCh38,1000 Genomes phase 3 release,1000 Genomes phase 1 release
NA19449	F	SAME122946	LWK	Luhya	AFR	African Ancestry	LWK	1000 Genomes on GRCh38,1000 Genomes 30x on GRCh38,1KG_ONT_VIENNA,MAGE RNA-seq,1000 Genomes phase 3 release,1000 Genomes phase 1 release
NA19451	M	SAME125415	LWK	Luhya	AFR	African Ancestry	LWK	1000 Genomes on GRCh38,1000 Genomes 30x on GRCh38,MAGE RNA-seq,1000 Genomes phase 3 release,1000 Genomes phase 1 release
NA19452	M	SAME125414	LWK	Luhya	AFR	African Ancestry	LWK	1000 Genomes on GRCh38,1000 Genomes 30x on GRCh38,1000 Genomes phase 3 release,1000 Genomes phase 1 release
NA19453	M	SAME125413	LWK	Luhya	AFR	African Ancestry	LWK	1000 Genomes on GRCh38,1KG_ONT_VIENNA,1000 Genomes phase 3 release,1000 Genomes phase 1 release
NA19454	M	SAME125412	LWK	Luhya	AFR	African Ancestry	LWK	1000 Genomes on GRCh38,1000 Genomes 30x on GRCh38,MAGE RNA-seq,1000 Genomes phase 3 release
NA19455	M	SAME125411	LWK	Luhya	AFR	African Ancestry	LWK	1000 Genomes on GRCh38,1000 Genomes 30x on GRCh38,1000 Genomes phase 3 release,1000 Genomes phase 1 release
NA19456	F	SAME125410	LWK	Luhya	AFR	African Ancestry	LWK	1000 Genomes on GRCh38,1000 Genomes 30x on GRCh38,1000 Genomes phase 3 release,1000 Genomes phase 1 release
NA19457	F	SAME125409	LWK	Luhya	AFR	African Ancestry	LWK	1000 Genomes on GRCh38,1000 Genomes 30x on GRCh38,1000 Genomes phase 3 release,1000 Genomes phase 1 release
NA19461	M	SAME123298	LWK	Luhya	AFR	African Ancestry	LWK	1000 Genomes on GRCh38,1000 Genomes 30x on GRCh38,1000 Genomes phase 3 release,1000 Genomes phase 1 release
NA19462	F	SAME123296	LWK	Luhya	AFR	African Ancestry	LWK	1000 Genomes on GRCh38,1000 Genomes 30x on GRCh38,1000 Genomes phase 3 release,1000 Genomes phase 1 release
NA19463	F	SAME123297	LWK	Luhya	AFR	African Ancestry	LWK	1000 Genomes on GRCh38,1000 Genomes 30x on GRCh38,1KG_ONT_VIENNA,1000 Genomes phase 3 release,1000 Genomes phase 1 release
NA19466	M	SAME123294	LWK	Luhya	AFR	African Ancestry	LWK	1000 Genomes on GRCh38,1000 Genomes 30x on GRCh38,1000 Genomes phase 3 release,1000 Genomes phase 1 release
NA19467	F	SAME123295	LWK	Luhya	AFR	African Ancestry	LWK	1000 Genomes on GRCh38,1000 Genomes 30x on GRCh38,1000 Genomes phase 3 release,1000 Genomes phase 1 release
NA19468	F	SAME123299	LWK	Luhya	AFR	African Ancestry	LWK	1000 Genomes on GRCh38,1000 Genomes 30x on GRCh38,Human Pangenome Reference Consortium, Phase 2,1000 Genomes phase 3 release,1000 Genomes phase 1 release
NA19469	F	SAME123300	LWK	Luhya	AFR	African Ancestry	LWK	1000 Genomes on GRCh38,1000 Genomes phase 3 release,1000 Genomes phase 1 release
NA19470	F	SAME123118	LWK	Luhya	AFR	African Ancestry	LWK	1000 Genomes on GRCh38,1000 Genomes phase 3 release,1000 Genomes phase 1 release
NA19471	F	SAME123117	LWK	Luhya	AFR	African Ancestry	LWK	1000 Genomes on GRCh38,1000 Genomes 30x on GRCh38,1000 Genomes phase 3 release,1000 Genomes phase 1 release
NA19472	F	SAME123120	LWK	Luhya	AFR	African Ancestry	LWK	1000 Genomes on GRCh38,1000 Genomes 30x on GRCh38,1KG_ONT_VIENNA,1000 Genomes phase 3 release,1000 Genomes phase 1 release
NA19473	F	SAME123119	LWK	Luhya	AFR	African Ancestry	LWK	1000 Genomes on GRCh38,1000 Genomes 30x on GRCh38,1000 Genomes phase 3 release,1000 Genomes phase 1 release
NA19474	F	SAME123122	LWK	Luhya	AFR	African Ancestry	LWK	1000 Genomes on GRCh38,1000 Genomes 30x on GRCh38,1000 Genomes phase 3 release,1000 Genomes phase 1 release
NA19475	F	SAME123121	LWK	Luhya	AFR	African Ancestry	LWK	1000 Genomes on GRCh38,1000 Genomes 30x on GRCh38,MAGE RNA-seq,1000 Genomes phase 3 release
NA19625	F	SAME123655	ASW	African Ancestry SW	AFR	African Ancestry	ASW	1000 Genomes on GRCh38,1000 Genomes 30x on GRCh38,MAGE RNA-seq,1000 Genomes phase 3 release,1000 Genomes phase 1 release
NA19648	F	SAME123307	MXL	Mexican Ancestry	AMR	American Ancestry	MXL	1000 Genomes on GRCh38,1000 Genomes 30x on GRCh38,MAGE RNA-seq,1000 Genomes phase 3 release,1000 Genomes phase 1 release
NA19649	M	SAME123442	MXL	Mexican Ancestry	AMR	American Ancestry	MXL	1000 Genomes on GRCh38,1000 Genomes 30x on GRCh38,MAGE RNA-seq,1000 Genomes phase 3 release,1000 Genomes phase 1 release
NA19650	M	SAME124976	MXL	Mexican Ancestry	AMR	American Ancestry	MXL	1000 Genomes 30x on GRCh38,Human Genome Structural Variation Consortium, Phase 2,Human Genome Structural Variation Consortium, Phase 3,1000 Genomes phase 3 release
NA19651	F	SAME123123	MXL	Mexican Ancestry	AMR	American Ancestry	MXL	1000 Genomes on GRCh38,1000 Genomes 30x on GRCh38,1KG_ONT_VIENNA,1000 Genomes phase 3 release,1000 Genomes phase 1 release
NA19652	M	SAME124978	MXL	Mexican Ancestry	AMR	American Ancestry	MXL	1000 Genomes on GRCh38,1000 Genomes 30x on GRCh38,1KG_ONT_VIENNA,1000 Genomes phase 3 release,1000 Genomes phase 1 release
NA19653	F	SAME123125	MXL	Mexican Ancestry	AMR	American Ancestry	MXL	1000 Genomes 30x on GRCh38,1000 Genomes phase 3 release
NA19654	F	SAME123128	MXL	Mexican Ancestry	AMR	American Ancestry	MXL	1000 Genomes on GRCh38,1000 Genomes 30x on GRCh38,1KG_ONT_VIENNA,MAGE RNA-seq,1000 Genomes phase 3 release,1000 Genomes phase 1 release
NA19655	M	SAME124980	MXL	Mexican Ancestry	AMR	American Ancestry	MXL	1000 Genomes on GRCh38,1000 Genomes 30x on GRCh38,1KG_ONT_VIENNA,1000 Genomes phase 3 release,1000 Genomes phase 1 release
NA19656	F	SAME123130	MXL	Mexican Ancestry	AMR	American Ancestry	MXL	1000 Genomes 30x on GRCh38,1000 Genomes phase 3 release
NA19657	F	SAME123129	MXL	Mexican Ancestry	AMR	American Ancestry	MXL	1000 Genomes on GRCh38,1000 Genomes 30x on GRCh38,1KG_ONT_VIENNA,MAGE RNA-seq,1000 Genomes phase 3 release,1000 Genomes phase 1 release
NA19658	M	SAME123132	MXL	Mexican Ancestry	AMR	American Ancestry	MXL	1000 Genomes on GRCh38,1000 Genomes 30x on GRCh38,1KG_ONT_VIENNA,1000 Genomes phase 3 release,1000 Genomes phase 1 release
NA19659	F	SAME123131	MXL	Mexican Ancestry	AMR	American Ancestry	MXL	1000 Genomes 30x on GRCh38,1000 Genomes phase 3 release
NA19660	F	SAME122958	MXL	Mexican Ancestry	AMR	American Ancestry	MXL	1000 Genomes on GRCh38,1000 Genomes 30x on GRCh38,1KG_ONT_VIENNA,1000 Genomes phase 3 release,1000 Genomes phase 1 release
NA19661	M	SAME122959	MXL	Mexican Ancestry	AMR	American Ancestry	MXL	1000 Genomes on GRCh38,1000 Genomes 30x on GRCh38,1KG_ONT_VIENNA,1000 Genomes phase 3 release,1000 Genomes phase 1 release
NA19662	F	SAME122960	MXL	Mexican Ancestry	AMR	American Ancestry	MXL	1000 Genomes 30x on GRCh38,1000 Genomes phase 3 release
NA19663	F	SAME122961	MXL	Mexican Ancestry	AMR	American Ancestry	MXL	1000 Genomes on GRCh38,1000 Genomes 30x on GRCh38,1KG_ONT_VIENNA,MAGE RNA-seq,1000 Genomes phase 3 release,1000 Genomes phase 1 release
NA19664	M	SAME122955	MXL	Mexican Ancestry	AMR	American Ancestry	MXL	1000 Genomes on GRCh38,1000 Genomes 30x on GRCh38,1KG_ONT_VIENNA,1000 Genomes phase 3 release,1000 Genomes phase 1 release
NA19665	F	SAME122956	MXL	Mexican Ancestry	AMR	American Ancestry	MXL	1000 Genomes 30x on GRCh38,1000 Genomes phase 3 release
NA19669	F	SAME123903	MXL	Mexican Ancestry	AMR	American Ancestry	MXL	1000 Genomes on GRCh38,1000 Genomes 30x on GRCh38,1KG_ONT_VIENNA,1000 Genomes phase 3 release,1000 Genomes phase 1 release
NA19670	M	SAME122795	MXL	Mexican Ancestry	AMR	American Ancestry	MXL	1000 Genomes on GRCh38,1000 Genomes 30x on GRCh38,MAGE RNA-seq,1000 Genomes phase 3 release,1000 Genomes phase 1 release
NA19671	F	SAME122794	MXL	Mexican Ancestry	AMR	American Ancestry	MXL	1000 Genomes 30x on GRCh38,1000 Genomes phase 3 release
NA19672	F	SAME122793	MXL	Mexican Ancestry	AMR	American Ancestry	MXL	1000 Genomes phase 3 release,1000 Genomes phase 1 release
NA19674	M	SAME122792	MXL	Mexican Ancestry	AMR	American Ancestry	MXL	1000 Genomes phase 3 release
NA19675	F	SAME122791	MXL	Mexican Ancestry	AMR	American Ancestry	MXL	1000 Genomes on GRCh38,1000 Genomes 30x on GRCh38,1KG_ONT_VIENNA,1000 Genomes phase 3 release,1000 Genomes phase 1 release
NA19676	M	SAME122790	MXL	Mexican Ancestry	AMR	American Ancestry	MXL	1000 Genomes on GRCh38,1000 Genomes 30x on GRCh38,1KG_ONT_VIENNA,MAGE RNA-seq,1000 Genomes phase 3 release,1000 Genomes phase 1 release
NA19677	F	SAME122789	MXL	Mexican Ancestry	AMR	American Ancestry	MXL	1000 Genomes 30x on GRCh38,1000 Genomes phase 3 release
NA19678	F	SAME122797	MXL	Mexican Ancestry	AMR	American Ancestry	MXL	1000 Genomes on GRCh38,1000 Genomes 30x on GRCh38,1000 Genomes phase 3 release,1000 Genomes phase 1 release
NA19679	M	SAME122796	MXL	Mexican Ancestry	AMR	American Ancestry	MXL	1000 Genomes on GRCh38,1000 Genomes 30x on GRCh38,1KG_ONT_VIENNA,1000 Genomes phase 3 release,1000 Genomes phase 1 release
NA19680	F	SAME122937	MXL	Mexican Ancestry	AMR	American Ancestry	MXL	1000 Genomes 30x on GRCh38,1000 Genomes phase 3 release
NA19681	F	SAME122938	MXL	Mexican Ancestry	AMR	American Ancestry	MXL	1000 Genomes on GRCh38,1000 Genomes 30x on GRCh38,1000 Genomes phase 3 release,1000 Genomes phase 1 release
NA19682	M	SAME122935	MXL	Mexican Ancestry	AMR	American Ancestry	MXL	1000 Genomes on GRCh38,1000 Genomes 30x on GRCh38,MAGE RNA-seq,Human Pangenome Reference Consortium, Phase 2,1000 Genomes phase 3 release,1000 Genomes phase 1 release
NA19683	F	SAME122936	MXL	Mexican Ancestry	AMR	American Ancestry	MXL	1000 Genomes 30x on GRCh38,1000 Genomes phase 3 release
NA19684	F	SAME122941	MXL	Mexican Ancestry	AMR	American Ancestry	MXL	1000 Genomes on GRCh38,1000 Genomes 30x on GRCh38,1000 Genomes phase 3 release,1000 Genomes phase 1 release
NA19685	M	SAME122942	MXL	Mexican Ancestry	AMR	American Ancestry	MXL	1000 Genomes on GRCh38,1000 Genomes 30x on GRCh38,1000 Genomes phase 3 release,1000 Genomes phase 1 release
NA19686	F	SAME122939	MXL	Mexican Ancestry	AMR	American Ancestry	MXL	1000 Genomes 30x on GRCh38,1000 Genomes phase 3 release
NA19700	M	SAME124233	ASW	African Ancestry SW	AFR	African Ancestry	ASW	1000 Genomes on GRCh38,1000 Genomes 30x on GRCh38,1KG_ONT_VIENNA,Human Pangenome Reference Consortium, Phase 2,1000 Genomes phase 3 release,1000 Genomes phase 1 release
NA19701	F	SAME124232	ASW	African Ancestry SW	AFR	African Ancestry	ASW	1000 Genomes on GRCh38,1000 Genomes 30x on GRCh38,1KG_ONT_VIENNA,1000 Genomes phase 3 release,1000 Genomes phase 1 release
NA19702	M	SAME124231	ASW	African Ancestry SW	AFR	African Ancestry	ASW	1000 Genomes 30x on GRCh38,1000 Genomes phase 3 release
NA19703	M	SAME124230	ASW	African Ancestry SW	AFR	African Ancestry	ASW	1000 Genomes on GRCh38,1000 Genomes 30x on GRCh38,1KG_ONT_VIENNA,Human Pangenome Reference Consortium, Phase 2,1000 Genomes phase 3 release,1000 Genomes phase 1 release
NA19704	F	SAME124236	ASW	African Ancestry SW	AFR	African Ancestry	ASW	1000 Genomes on GRCh38,1000 Genomes 30x on GRCh38,MAGE RNA-seq,1000 Genomes phase 3 release,1000 Genomes phase 1 release
NA19705	M	SAME124235	ASW	African Ancestry SW	AFR	African Ancestry	ASW	1000 Genomes 30x on GRCh38,Human Genome Structural Variation Consortium, Phase 3,1000 Genomes phase 3 release
NA19707	F	SAME124234	ASW	African Ancestry SW	AFR	African Ancestry	ASW	1000 Genomes on GRCh38,1000 Genomes 30x on GRCh38,1KG_ONT_VIENNA,1000 Genomes phase 3 release,1000 Genomes phase 1 release
NA19708	F	SAME124229	ASW	African Ancestry SW	AFR	African Ancestry	ASW	1000 Genomes phase 3 release
NA19711	M	SAME124446	ASW	African Ancestry SW	AFR	African Ancestry	ASW	1000 Genomes on GRCh38,1000 Genomes 30x on GRCh38,1KG_ONT_VIENNA,MAGE RNA-seq,1000 Genomes phase 3 release,1000 Genomes phase 1 release
NA19712	F	SAME124447	ASW	African Ancestry SW	AFR	African Ancestry	ASW	1000 Genomes on GRCh38,1000 Genomes 30x on GRCh38,1000 Genomes phase 3 release,1000 Genomes phase 1 release
NA19713	F	SAME124448	ASW	African Ancestry SW	AFR	African Ancestry	ASW	1000 Genomes on GRCh38,1000 Genomes 30x on GRCh38,MAGE RNA-seq,1000 Genomes phase 3 release,1000 Genomes phase 1 release
NA19714	F	SAME124449	ASW	African Ancestry SW	AFR	African Ancestry	ASW	1000 Genomes phase 3 release
NA19716	F	SAME124450	MXL	Mexican Ancestry	AMR	American Ancestry	MXL	1000 Genomes on GRCh38,1000 Genomes 30x on GRCh38,1000 Genomes phase 3 release,1000 Genomes phase 1 release
NA19717	M	SAME124451	MXL	Mexican Ancestry	AMR	American Ancestry	MXL	1000 Genomes on GRCh38,1000 Genomes 30x on GRCh38,1KG_ONT_VIENNA,MAGE RNA-seq,1000 Genomes phase 3 release,1000 Genomes phase 1 release
NA19718	F	SAME124444	MXL	Mexican Ancestry	AMR	American Ancestry	MXL	1000 Genomes 30x on GRCh38,1000 Genomes phase 3 release
NA19719	F	SAME124445	MXL	Mexican Ancestry	AMR	American Ancestry	MXL	1000 Genomes on GRCh38,1000 Genomes 30x on GRCh38,MAGE RNA-seq,1000 Genomes phase 3 release,1000 Genomes phase 1 release
NA19720	M	SAME124118	MXL	Mexican Ancestry	AMR	American Ancestry	MXL	1000 Genomes on GRCh38,1000 Genomes 30x on GRCh38,1KG_ONT_VIENNA,1000 Genomes phase 3 release,1000 Genomes phase 1 release
NA19721	F	SAME125311	MXL	Mexican Ancestry	AMR	American Ancestry	MXL	1000 Genomes 30x on GRCh38,1000 Genomes phase 3 release
NA19722	F	SAME124696	MXL	Mexican Ancestry	AMR	American Ancestry	MXL	1000 Genomes on GRCh38,1000 Genomes 30x on GRCh38,1000 Genomes phase 3 release,1000 Genomes phase 1 release
NA19723	M	SAME124695	MXL	Mexican Ancestry	AMR	American Ancestry	MXL	1000 Genomes on GRCh38,1000 Genomes 30x on GRCh38,1KG_ONT_VIENNA,MAGE RNA-seq,1000 Genomes phase 3 release,1000 Genomes phase 1 release
NA19724	M	SAME124690	MXL	Mexican Ancestry	AMR	American Ancestry	MXL	1000 Genomes 30x on GRCh38,1000 Genomes phase 3 release
NA19725	F	SAME124689	MXL	Mexican Ancestry	AMR	American Ancestry	MXL	1000 Genomes on GRCh38,1000 Genomes 30x on GRCh38,1000 Genomes phase 3 release,1000 Genomes phase 1 release
NA19726	M	SAME124692	MXL	Mexican Ancestry	AMR	American Ancestry	MXL	1000 Genomes on GRCh38,1000 Genomes 30x on GRCh38,MAGE RNA-seq,1000 Genomes phase 3 release,1000 Genomes phase 1 release
NA19727	M	SAME123639	MXL	Mexican Ancestry	AMR	American Ancestry	MXL	1000 Genomes 30x on GRCh38,1000 Genomes phase 3 release
NA19728	F	SAME124702	MXL	Mexican Ancestry	AMR	American Ancestry	MXL	1000 Genomes on GRCh38,1000 Genomes 30x on GRCh38,1KG_ONT_VIENNA,1000 Genomes phase 3 release,1000 Genomes phase 1 release
NA19729	M	SAME124701	MXL	Mexican Ancestry	AMR	American Ancestry	MXL	1000 Genomes on GRCh38,1000 Genomes 30x on GRCh38,1KG_ONT_VIENNA,1000 Genomes phase 3 release,1000 Genomes phase 1 release
NA19730	F	SAME124869	MXL	Mexican Ancestry	AMR	American Ancestry	MXL	1000 Genomes 30x on GRCh38,1000 Genomes phase 3 release
NA19731	F	SAME124870	MXL	Mexican Ancestry	AMR	American Ancestry	MXL	1000 Genomes on GRCh38,1000 Genomes 30x on GRCh38,MAGE RNA-seq,1000 Genomes phase 3 release,1000 Genomes phase 1 release
NA19732	M	SAME124778	MXL	Mexican Ancestry	AMR	American Ancestry	MXL	1000 Genomes on GRCh38,1000 Genomes 30x on GRCh38,MAGE RNA-seq,1000 Genomes phase 3 release,1000 Genomes phase 1 release
NA19733	F	SAME124868	MXL	Mexican Ancestry	AMR	American Ancestry	MXL	1000 Genomes 30x on GRCh38,1000 Genomes phase 3 release
NA19734	F	SAME124873	MXL	Mexican Ancestry	AMR	American Ancestry	MXL	1000 Genomes on GRCh38,1000 Genomes 30x on GRCh38,1KG_ONT_VIENNA,1000 Genomes phase 3 release,1000 Genomes phase 1 release
NA19735	M	SAME124874	MXL	Mexican Ancestry	AMR	American Ancestry	MXL	1000 Genomes on GRCh38,1000 Genomes 30x on GRCh38,1KG_ONT_VIENNA,1000 Genomes phase 3 release,1000 Genomes phase 1 release
NA19737	F	SAME124872	MXL	Mexican Ancestry	AMR	American Ancestry	MXL	1000 Genomes on GRCh38,1000 Genomes phase 3 release,1000 Genomes phase 1 release
NA19738	M	SAME123482	MXL	Mexican Ancestry	AMR	American Ancestry	MXL	1000 Genomes phase 3 release,1000 Genomes phase 1 release
NA19740	F	SAME124719	MXL	Mexican Ancestry	AMR	American Ancestry	MXL	1000 Genomes on GRCh38,1000 Genomes 30x on GRCh38,1KG_ONT_VIENNA,1000 Genomes phase 3 release,1000 Genomes phase 1 release
NA19741	M	SAME124718	MXL	Mexican Ancestry	AMR	American Ancestry	MXL	1000 Genomes on GRCh38,1000 Genomes 30x on GRCh38,MAGE RNA-seq,1000 Genomes phase 3 release,1000 Genomes phase 1 release
NA19742	M	SAME123504	MXL	Mexican Ancestry	AMR	American Ancestry	MXL	1000 Genomes phase 3 release
NA19746	F	SAME123502	MXL	Mexican Ancestry	AMR	American Ancestry	MXL	1000 Genomes on GRCh38,1000 Genomes 30x on GRCh38,1000 Genomes phase 3 release,1000 Genomes phase 1 release
NA19747	M	SAME123501	MXL	Mexican Ancestry	AMR	American Ancestry	MXL	1000 Genomes on GRCh38,1000 Genomes 30x on GRCh38,1KG_ONT_VIENNA,1000 Genomes phase 3 release,1000 Genomes phase 1 release
NA19748	F	SAME124729	MXL	Mexican Ancestry	AMR	American Ancestry	MXL	1000 Genomes 30x on GRCh38,1000 Genomes phase 3 release
NA19749	F	SAME124726	MXL	Mexican Ancestry	AMR	American Ancestry	MXL	1000 Genomes on GRCh38,1000 Genomes 30x on GRCh38,1KG_ONT_VIENNA,1000 Genomes phase 3 release,1000 Genomes phase 1 release
NA19750	M	SAME123698	MXL	Mexican Ancestry	AMR	American Ancestry	MXL	1000 Genomes on GRCh38,1000 Genomes 30x on GRCh38,1KG_ONT_VIENNA,1000 Genomes phase 3 release,1000 Genomes phase 1 release
NA19751	M	SAME123699	MXL	Mexican Ancestry	AMR	American Ancestry	MXL	1000 Genomes 30x on GRCh38,1000 Genomes phase 3 release
NA19752	F	SAME123700	MXL	Mexican Ancestry	AMR	American Ancestry	MXL	1000 Genomes on GRCh38,1000 Genomes 30x on GRCh38,MAGE RNA-seq,1000 Genomes phase 3 release,1000 Genomes phase 1 release
NA19753	M	SAME123701	MXL	Mexican Ancestry	AMR	American Ancestry	MXL	1KG_ONT_VIENNA,1000 Genomes phase 3 release,1000 Genomes phase 1 release
NA19755	F	SAME123695	MXL	Mexican Ancestry	AMR	American Ancestry	MXL	1000 Genomes on GRCh38,1000 Genomes 30x on GRCh38,1000 Genomes phase 3 release,1000 Genomes phase 1 release
NA19756	M	SAME123696	MXL	Mexican Ancestry	AMR	American Ancestry	MXL	1000 Genomes on GRCh38,1000 Genomes 30x on GRCh38,1000 Genomes phase 3 release,1000 Genomes phase 1 release
NA19757	M	SAME123697	MXL	Mexican Ancestry	AMR	American Ancestry	MXL	1000 Genomes 30x on GRCh38,1000 Genomes phase 3 release
NA19758	F	SAME123706	MXL	Mexican Ancestry	AMR	American Ancestry	MXL	1000 Genomes on GRCh38,1000 Genomes 30x on GRCh38,1KG_ONT_VIENNA,MAGE RNA-seq,1000 Genomes phase 3 release,1000 Genomes phase 1 release
NA19759	M	SAME123707	MXL	Mexican Ancestry	AMR	American Ancestry	MXL	1000 Genomes on GRCh38,1000 Genomes 30x on GRCh38,1KG_ONT_VIENNA,MAGE RNA-seq,1000 Genomes phase 3 release,1000 Genomes phase 1 release
NA19760	F	SAME123895	MXL	Mexican Ancestry	AMR	American Ancestry	MXL	1000 Genomes 30x on GRCh38,1000 Genomes phase 3 release
NA19761	F	SAME123894	MXL	Mexican Ancestry	AMR	American Ancestry	MXL	1000 Genomes on GRCh38,1000 Genomes 30x on GRCh38,MAGE RNA-seq,1000 Genomes phase 3 release,1000 Genomes phase 1 release
NA19762	M	SAME123897	MXL	Mexican Ancestry	AMR	American Ancestry	MXL	1000 Genomes on GRCh38,1000 Genomes 30x on GRCh38,1KG_ONT_VIENNA,MAGE RNA-seq,1000 Genomes phase 3 release,1000 Genomes phase 1 release
NA19763	F	SAME123896	MXL	Mexican Ancestry	AMR	American Ancestry	MXL	1000 Genomes 30x on GRCh38,1000 Genomes phase 3 release
NA19764	F	SAME123898	MXL	Mexican Ancestry	AMR	American Ancestry	MXL	1000 Genomes on GRCh38,1000 Genomes 30x on GRCh38,MAGE RNA-seq,1000 Genomes phase 3 release,1000 Genomes phase 1 release
NA19766	F	SAME123899	MXL	Mexican Ancestry	AMR	American Ancestry	MXL	1000 Genomes phase 3 release
NA19770	F	SAME124068	MXL	Mexican Ancestry	AMR	American Ancestry	MXL	1000 Genomes on GRCh38,1000 Genomes 30x on GRCh38,1KG_ONT_VIENNA,MAGE RNA-seq,1000 Genomes phase 3 release,1000 Genomes phase 1 release
NA19771	M	SAME124069	MXL	Mexican Ancestry	AMR	American Ancestry	MXL	1000 Genomes on GRCh38,1000 Genomes 30x on GRCh38,1000 Genomes phase 3 release,1000 Genomes phase 1 release
NA19772	M	SAME124066	MXL	Mexican Ancestry	AMR	American Ancestry	MXL	1000 Genomes 30x on GRCh38,1000 Genomes phase 3 release
NA19773	F	SAME124067	MXL	Mexican Ancestry	AMR	American Ancestry	MXL	1000 Genomes on GRCh38,1000 Genomes 30x on GRCh38,MAGE RNA-seq,1000 Genomes phase 3 release,1000 Genomes phase 1 release
NA19774	M	SAME124064	MXL	Mexican Ancestry	AMR	American Ancestry	MXL	1000 Genomes on GRCh38,1000 Genomes 30x on GRCh38,1KG_ONT_VIENNA,MAGE RNA-seq,1000 Genomes phase 3 release,1000 Genomes phase 1 release
NA19775	F	SAME124065	MXL	Mexican Ancestry	AMR	American Ancestry	MXL	1000 Genomes 30x on GRCh38,1000 Genomes phase 3 release
NA19776	F	SAME124062	MXL	Mexican Ancestry	AMR	American Ancestry	MXL	1000 Genomes on GRCh38,1000 Genomes 30x on GRCh38,Human Pangenome Reference Consortium, Phase 2,1000 Genomes phase 3 release,1000 Genomes phase 1 release
NA19777	M	SAME124063	MXL	Mexican Ancestry	AMR	American Ancestry	MXL	1000 Genomes on GRCh38,1000 Genomes 30x on GRCh38,1000 Genomes phase 3 release,1000 Genomes phase 1 release
NA19778	M	SAME124060	MXL	Mexican Ancestry	AMR	American Ancestry	MXL	1000 Genomes 30x on GRCh38,1000 Genomes phase 3 release
NA19779	F	SAME124061	MXL	Mexican Ancestry	AMR	American Ancestry	MXL	1000 Genomes on GRCh38,1000 Genomes 30x on GRCh38,1000 Genomes phase 3 release,1000 Genomes phase 1 release
NA19780	M	SAME123147	MXL	Mexican Ancestry	AMR	American Ancestry	MXL	1000 Genomes on GRCh38,1000 Genomes 30x on GRCh38,MAGE RNA-seq,1000 Genomes phase 3 release,1000 Genomes phase 1 release
NA19781	F	SAME123146	MXL	Mexican Ancestry	AMR	American Ancestry	MXL	1000 Genomes 30x on GRCh38,1000 Genomes phase 3 release
NA19782	F	SAME123145	MXL	Mexican Ancestry	AMR	American Ancestry	MXL	1000 Genomes on GRCh38,1000 Genomes 30x on GRCh38,1KG_ONT_VIENNA,1000 Genomes phase 3 release,1000 Genomes phase 1 release
NA19783	M	SAME123144	MXL	Mexican Ancestry	AMR	American Ancestry	MXL	1000 Genomes on GRCh38,1000 Genomes 30x on GRCh38,1000 Genomes phase 3 release,1000 Genomes phase 1 release
NA19784	M	SAME123151	MXL	Mexican Ancestry	AMR	American Ancestry	MXL	1000 Genomes 30x on GRCh38,1000 Genomes phase 3 release
NA19785	F	SAME123150	MXL	Mexican Ancestry	AMR	American Ancestry	MXL	1000 Genomes on GRCh38,1000 Genomes 30x on GRCh38,MAGE RNA-seq,1000 Genomes phase 3 release,1000 Genomes phase 1 release
NA19786	M	SAME123149	MXL	Mexican Ancestry	AMR	American Ancestry	MXL	1000 Genomes on GRCh38,1000 Genomes 30x on GRCh38,1KG_ONT_VIENNA,1000 Genomes phase 3 release,1000 Genomes phase 1 release
NA19787	M	SAME123148	MXL	Mexican Ancestry	AMR	American Ancestry	MXL	1000 Genomes 30x on GRCh38,1000 Genomes phase 3 release
NA19788	F	SAME123153	MXL	Mexican Ancestry	AMR	American Ancestry	MXL	1000 Genomes on GRCh38,1000 Genomes 30x on GRCh38,MAGE RNA-seq,1000 Genomes phase 3 release,1000 Genomes phase 1 release
NA19789	M	SAME123152	MXL	Mexican Ancestry	AMR	American Ancestry	MXL	1000 Genomes on GRCh38,1000 Genomes 30x on GRCh38,1KG_ONT_VIENNA,MAGE RNA-seq,1000 Genomes phase 3 release,1000 Genomes phase 1 release
NA19790	F	SAME123326	MXL	Mexican Ancestry	AMR	American Ancestry	MXL	1000 Genomes 30x on GRCh38,1000 Genomes phase 3 release
NA19792	M	SAME123327	MXL	Mexican Ancestry	AMR	American Ancestry	MXL	1000 Genomes on GRCh38,1000 Genomes 30x on GRCh38,1000 Genomes phase 3 release
NA19794	F	SAME123328	MXL	Mexican Ancestry	AMR	American Ancestry	MXL	1000 Genomes on GRCh38,1000 Genomes 30x on GRCh38,1000 Genomes phase 3 release,1000 Genomes phase 1 release
NA19795	M	SAME123329	MXL	Mexican Ancestry	AMR	American Ancestry	MXL	1000 Genomes on GRCh38,1000 Genomes 30x on GRCh38,MAGE RNA-seq,1000 Genomes phase 3 release,1000 Genomes phase 1 release
NA19796	M	SAME123330	MXL	Mexican Ancestry	AMR	American Ancestry	MXL	1000 Genomes 30x on GRCh38,1000 Genomes phase 3 release
NA19818	M	SAME124677	ASW	African Ancestry SW	AFR	African Ancestry	ASW	1000 Genomes on GRCh38,1000 Genomes 30x on GRCh38,1KG_ONT_VIENNA,MAGE RNA-seq,1000 Genomes phase 3 release,1000 Genomes phase 1 release
NA19819	F	SAME124676	ASW	African Ancestry SW	AFR	African Ancestry	ASW	1000 Genomes on GRCh38,1000 Genomes 30x on GRCh38,1KG_ONT_VIENNA,1000 Genomes phase 3 release,1000 Genomes phase 1 release
NA19828	M	SAME125246	ASW	African Ancestry SW	AFR	African Ancestry	ASW	1000 Genomes 30x on GRCh38,1KG_ONT_VIENNA,1000 Genomes phase 3 release
NA19834	M	SAME125030	ASW	African Ancestry SW	AFR	African Ancestry	ASW	1000 Genomes on GRCh38,1000 Genomes 30x on GRCh38,1KG_ONT_VIENNA,Human Pangenome Reference Consortium, Phase 2,1000 Genomes phase 3 release,1000 Genomes phase 1 release
NA19835	F	SAME125029	ASW	African Ancestry SW	AFR	African Ancestry	ASW	1000 Genomes on GRCh38,1000 Genomes 30x on GRCh38,1KG_ONT_VIENNA,MAGE RNA-seq,Human Pangenome Reference Consortium, Phase 2,1000 Genomes phase 3 release,1000 Genomes phase 1 release
NA19836	F	SAME125031	ASW	African Ancestry SW	AFR	African Ancestry	ASW	1000 Genomes 30x on GRCh38,Human Genome Structural Variation Consortium, Phase 3,1000 Genomes phase 3 release
NA19900	M	SAME125050	ASW	African Ancestry SW	AFR	African Ancestry	ASW	1000 Genomes on GRCh38,1000 Genomes 30x on GRCh38,1KG_ONT_VIENNA,1000 Genomes phase 3 release,1000 Genomes phase 1 release
NA19901	F	SAME125049	ASW	African Ancestry SW	AFR	African Ancestry	ASW	1000 Genomes on GRCh38,1000 Genomes 30x on GRCh38,1KG_ONT_VIENNA,MAGE RNA-seq,1000 Genomes phase 3 release,1000 Genomes phase 1 release
NA19902	F	SAME125051	ASW	African Ancestry SW	AFR	African Ancestry	ASW	1000 Genomes 30x on GRCh38,1000 Genomes phase 3 release
NA19904	M	SAME125047	ASW	African Ancestry SW	AFR	African Ancestry	ASW	1000 Genomes on GRCh38,1000 Genomes 30x on GRCh38,1KG_ONT_VIENNA,MAGE RNA-seq,1000 Genomes phase 3 release,1000 Genomes phase 1 release
NA19908	M	SAME125053	ASW	African Ancestry SW	AFR	African Ancestry	ASW	1000 Genomes on GRCh38,1000 Genomes 30x on GRCh38,1KG_ONT_VIENNA,MAGE RNA-seq,1000 Genomes phase 3 release,1000 Genomes phase 1 release
NA19909	F	SAME125052	ASW	African Ancestry SW	AFR	African Ancestry	ASW	1000 Genomes on GRCh38,1000 Genomes 30x on GRCh38,1KG_ONT_VIENNA,Human Pangenome Reference Consortium, Phase 2,1000 Genomes phase 3 release,1000 Genomes phase 1 release
NA19913	F	SAME124432	ASW	African Ancestry SW	AFR	African Ancestry	ASW	1000 Genomes on GRCh38,1000 Genomes 30x on GRCh38,MAGE RNA-seq,1000 Genomes phase 3 release
NA19914	F	SAME125273	ASW	African Ancestry SW	AFR	African Ancestry	ASW	1000 Genomes on GRCh38,1000 Genomes 30x on GRCh38,1000 Genomes phase 3 release,1000 Genomes phase 1 release
NA19915	M	SAME125274	ASW	African Ancestry SW	AFR	African Ancestry	ASW	1000 Genomes phase 3 release
NA19916	M	SAME125271	ASW	African Ancestry SW	AFR	African Ancestry	ASW	1000 Genomes on GRCh38,1000 Genomes 30x on GRCh38,1KG_ONT_VIENNA,1000 Genomes phase 3 release,1000 Genomes phase 1 release
NA19917	F	SAME125272	ASW	African Ancestry SW	AFR	African Ancestry	ASW	1000 Genomes on GRCh38,1000 Genomes 30x on GRCh38,MAGE RNA-seq,1000 Genomes phase 3 release,1000 Genomes phase 1 release
NA19918	M	SAME125275	ASW	African Ancestry SW	AFR	African Ancestry	ASW	1000 Genomes 30x on GRCh38,1000 Genomes phase 3 release
NA19919	M	SAME125276	ASW	African Ancestry SW	AFR	African Ancestry	ASW	1000 Genomes 30x on GRCh38,1000 Genomes phase 3 release
NA19920	M	SAME124713	ASW	African Ancestry SW	AFR	African Ancestry	ASW	1000 Genomes on GRCh38,1000 Genomes 30x on GRCh38,1000 Genomes phase 3 release,1000 Genomes phase 1 release
NA19921	F	SAME124712	ASW	African Ancestry SW	AFR	African Ancestry	ASW	1000 Genomes on GRCh38,1000 Genomes 30x on GRCh38,1KG_ONT_VIENNA,1000 Genomes phase 3 release,1000 Genomes phase 1 release
NA19922	M	SAME124711	ASW	African Ancestry SW	AFR	African Ancestry	ASW	1000 Genomes on GRCh38,1000 Genomes 30x on GRCh38,MAGE RNA-seq,1000 Genomes phase 3 release,1000 Genomes phase 1 release
NA19923	F	SAME124710	ASW	African Ancestry SW	AFR	African Ancestry	ASW	1000 Genomes on GRCh38,1000 Genomes 30x on GRCh38,MAGE RNA-seq,1000 Genomes phase 3 release,1000 Genomes phase 1 release
NA19924	F	SAME124714	ASW	African Ancestry SW	AFR	African Ancestry	ASW	1000 Genomes 30x on GRCh38,1000 Genomes phase 3 release
NA19982	M	SAME124293	ASW	African Ancestry SW	AFR	African Ancestry	ASW	1000 Genomes on GRCh38,1000 Genomes 30x on GRCh38,MAGE RNA-seq,1000 Genomes phase 3 release,1000 Genomes phase 1 release
NA19983	F	SAME123902	ASW	African Ancestry SW	AFR	African Ancestry	ASW	1000 Genomes 30x on GRCh38,Human Genome Structural Variation Consortium, Phase 2,Human Genome Structural Variation Consortium, Phase 3,1000 Genomes phase 3 release
NA19984	M	SAME124287	ASW	African Ancestry SW	AFR	African Ancestry	ASW	1000 Genomes on GRCh38,1000 Genomes 30x on GRCh38,1000 Genomes phase 3 release,1000 Genomes phase 1 release
NA19985	F	SAME123900	ASW	African Ancestry SW	AFR	African Ancestry	ASW	1000 Genomes on GRCh38,1KG_ONT_VIENNA,1000 Genomes phase 3 release,1000 Genomes phase 1 release
NA20126	M	SAME122885	ASW	African Ancestry SW	AFR	African Ancestry	ASW	1000 Genomes on GRCh38,1000 Genomes 30x on GRCh38,1000 Genomes phase 3 release,1000 Genomes phase 1 release
NA20127	F	SAME122884	ASW	African Ancestry SW	AFR	African Ancestry	ASW	1000 Genomes on GRCh38,1000 Genomes 30x on GRCh38,1KG_ONT_VIENNA,1000 Genomes phase 3 release,1000 Genomes phase 1 release
NA20128	F	SAME122887	ASW	African Ancestry SW	AFR	African Ancestry	ASW	1000 Genomes 30x on GRCh38,1000 Genomes phase 3 release
NA20129	F	SAME122886	ASW	African Ancestry SW	AFR	African Ancestry	ASW	1000 Genomes 30x on GRCh38,Human Pangenome Reference Consortium, Phase 2,1000 Genomes phase 3 release
NA20274	F	SAME123615	ASW	African Ancestry SW	AFR	African Ancestry	ASW	1000 Genomes on GRCh38,1000 Genomes 30x on GRCh38,1000 Genomes phase 3 release
NA20276	F	SAME123614	ASW	African Ancestry SW	AFR	African Ancestry	ASW	1000 Genomes on GRCh38,1000 Genomes 30x on GRCh38,1KG_ONT_VIENNA,1000 Genomes phase 3 release,1000 Genomes phase 1 release
NA20277	F	SAME123613	ASW	African Ancestry SW	AFR	African Ancestry	ASW	1000 Genomes phase 3 release
NA20278	M	SAME123617	ASW	African Ancestry SW	AFR	African Ancestry	ASW	1000 Genomes on GRCh38,1000 Genomes 30x on GRCh38,1KG_ONT_VIENNA,MAGE RNA-seq,1000 Genomes phase 3 release,1000 Genomes phase 1 release
NA20279	M	SAME123616	ASW	African Ancestry SW	AFR	African Ancestry	ASW	1000 Genomes 30x on GRCh38,1000 Genomes phase 3 release
NA20281	M	SAME124584	ASW	African Ancestry SW	AFR	African Ancestry	ASW	1000 Genomes on GRCh38,1000 Genomes 30x on GRCh38,1KG_ONT_VIENNA,1000 Genomes phase 3 release,1000 Genomes phase 1 release
NA20282	F	SAME124583	ASW	African Ancestry SW	AFR	African Ancestry	ASW	1000 Genomes on GRCh38,1000 Genomes 30x on GRCh38,Human Pangenome Reference Consortium, Phase 2,1000 Genomes phase 3 release,1000 Genomes phase 1 release
NA20284	M	SAME124581	ASW	African Ancestry SW	AFR	African Ancestry	ASW	1000 Genomes phase 3 release
NA20285	M	SAME124582	ASW	African Ancestry SW	AFR	African Ancestry	ASW	1000 Genomes phase 3 release
NA20287	F	SAME124580	ASW	African Ancestry SW	AFR	African Ancestry	ASW	1000 Genomes on GRCh38,1000 Genomes 30x on GRCh38,MAGE RNA-seq,Human Pangenome Reference Consortium, Phase 2,1000 Genomes phase 3 release,1000 Genomes phase 1 release
NA20288	M	SAME124578	ASW	African Ancestry SW	AFR	African Ancestry	ASW	1000 Genomes phase 3 release
NA20289	F	SAME124579	ASW	African Ancestry SW	AFR	African Ancestry	ASW	1000 Genomes on GRCh38,1000 Genomes 30x on GRCh38,1KG_ONT_VIENNA,1000 Genomes phase 3 release,1000 Genomes phase 1 release
NA20290	F	SAME124374	ASW	African Ancestry SW	AFR	African Ancestry	ASW	1000 Genomes phase 3 release
NA20291	M	SAME124373	ASW	African Ancestry SW	AFR	African Ancestry	ASW	1000 Genomes on GRCh38,1000 Genomes 30x on GRCh38,1000 Genomes phase 3 release,1000 Genomes phase 1 release
NA20292	F	SAME124376	ASW	African Ancestry SW	AFR	African Ancestry	ASW	1000 Genomes phase 3 release
NA20294	F	SAME124776	ASW	African Ancestry SW	AFR	African Ancestry	ASW	1000 Genomes on GRCh38,1000 Genomes 30x on GRCh38,1KG_ONT_VIENNA,MAGE RNA-seq,1000 Genomes phase 3 release,1000 Genomes phase 1 release
NA20295	M	SAME124377	ASW	African Ancestry SW	AFR	African Ancestry	ASW	1000 Genomes phase 3 release
NA20296	F	SAME124380	ASW	African Ancestry SW	AFR	African Ancestry	ASW	1000 Genomes on GRCh38,1000 Genomes 30x on GRCh38,1000 Genomes phase 3 release,1000 Genomes phase 1 release
NA20297	M	SAME124379	ASW	African Ancestry SW	AFR	African Ancestry	ASW	1000 Genomes phase 3 release
NA20298	M	SAME124382	ASW	African Ancestry SW	AFR	African Ancestry	ASW	1000 Genomes on GRCh38,1000 Genomes 30x on GRCh38,1KG_ONT_VIENNA,MAGE RNA-seq,1000 Genomes phase 3 release,1000 Genomes phase 1 release
NA20299	F	SAME124381	ASW	African Ancestry SW	AFR	African Ancestry	ASW	1000 Genomes on GRCh38,1000 Genomes 30x on GRCh38,1000 Genomes phase 3 release,1000 Genomes phase 1 release
NA20300	F	SAME123603	ASW	African Ancestry SW	AFR	African Ancestry	ASW	Human Pangenome Reference Consortium, Phase 2,1000 Genomes phase 3 release
NA20301	F	SAME123602	ASW	African Ancestry SW	AFR	African Ancestry	ASW	1000 Genomes phase 3 release
NA20302	M	SAME123601	ASW	African Ancestry SW	AFR	African Ancestry	ASW	1000 Genomes phase 3 release
NA20312	F	SAME123810	ASW	African Ancestry SW	AFR	African Ancestry	ASW	1000 Genomes phase 3 release
NA20313	F	SAME123811	ASW	African Ancestry SW	AFR	African Ancestry	ASW	1000 Genomes on GRCh38,1000 Genomes phase 3 release
NA20314	F	SAME125304	ASW	African Ancestry SW	AFR	African Ancestry	ASW	1000 Genomes on GRCh38,1000 Genomes 30x on GRCh38,1KG_ONT_VIENNA,MAGE RNA-seq,1000 Genomes phase 3 release,1000 Genomes phase 1 release
NA20316	M	SAME123806	ASW	African Ancestry SW	AFR	African Ancestry	ASW	1000 Genomes phase 3 release
NA20317	F	SAME123943	ASW	African Ancestry SW	AFR	African Ancestry	ASW	1000 Genomes on GRCh38,1000 Genomes 30x on GRCh38,MAGE RNA-seq,1000 Genomes phase 3 release,1000 Genomes phase 1 release
NA20318	M	SAME123802	ASW	African Ancestry SW	AFR	African Ancestry	ASW	1000 Genomes on GRCh38,1000 Genomes 30x on GRCh38,MAGE RNA-seq,1000 Genomes phase 3 release
NA20319	F	SAME123803	ASW	African Ancestry SW	AFR	African Ancestry	ASW	1000 Genomes phase 3 release
NA20320	F	SAME123997	ASW	African Ancestry SW	AFR	African Ancestry	ASW	1000 Genomes on GRCh38,1000 Genomes 30x on GRCh38,MAGE RNA-seq,1000 Genomes phase 3 release
NA20321	F	SAME123996	ASW	African Ancestry SW	AFR	African Ancestry	ASW	1000 Genomes on GRCh38,1000 Genomes 30x on GRCh38,1000 Genomes phase 3 release
NA20322	F	SAME123998	ASW	African Ancestry SW	AFR	African Ancestry	ASW	1000 Genomes on GRCh38,1000 Genomes phase 3 release,1000 Genomes phase 1 release
NA20332	F	SAME124198	ASW	African Ancestry SW	AFR	African Ancestry	ASW	1000 Genomes on GRCh38,1000 Genomes 30x on GRCh38,1KG_ONT_VIENNA,MAGE RNA-seq,1000 Genomes phase 3 release,1000 Genomes phase 1 release
NA20333	F	SAME124199	ASW	African Ancestry SW	AFR	African Ancestry	ASW	1000 Genomes phase 3 release
NA20334	F	SAME124196	ASW	African Ancestry SW	AFR	African Ancestry	ASW	1000 Genomes on GRCh38,1000 Genomes 30x on GRCh38,1KG_ONT_VIENNA,MAGE RNA-seq,1000 Genomes phase 3 release,1000 Genomes phase 1 release
NA20335	M	SAME124197	ASW	African Ancestry SW	AFR	African Ancestry	ASW	1000 Genomes phase 3 release
NA20336	F	SAME124194	ASW	African Ancestry SW	AFR	African Ancestry	ASW	1000 Genomes on GRCh38,1KG_ONT_VIENNA,1000 Genomes phase 3 release,1000 Genomes phase 1 release
NA20337	F	SAME124195	ASW	African Ancestry SW	AFR	African Ancestry	ASW	1000 Genomes phase 3 release
NA20339	F	SAME124201	ASW	African Ancestry SW	AFR	African Ancestry	ASW	1000 Genomes on GRCh38,1000 Genomes 30x on GRCh38,1000 Genomes phase 3 release,1000 Genomes phase 1 release
NA20340	M	SAME124400	ASW	African Ancestry SW	AFR	African Ancestry	ASW	1000 Genomes on GRCh38,1000 Genomes 30x on GRCh38,1000 Genomes phase 3 release,1000 Genomes phase 1 release
NA20341	F	SAME124399	ASW	African Ancestry SW	AFR	African Ancestry	ASW	1000 Genomes on GRCh38,1000 Genomes phase 3 release,1000 Genomes phase 1 release
NA20342	M	SAME124398	ASW	African Ancestry SW	AFR	African Ancestry	ASW	1000 Genomes on GRCh38,1000 Genomes 30x on GRCh38,1KG_ONT_VIENNA,MAGE RNA-seq,1000 Genomes phase 3 release,1000 Genomes phase 1 release
NA20343	M	SAME124397	ASW	African Ancestry SW	AFR	African Ancestry	ASW	1000 Genomes phase 3 release
NA20344	F	SAME124404	ASW	African Ancestry SW	AFR	African Ancestry	ASW	1000 Genomes on GRCh38,1000 Genomes phase 3 release,1000 Genomes phase 1 release
NA20345	M	SAME124403	ASW	African Ancestry SW	AFR	African Ancestry	ASW	1000 Genomes phase 3 release
NA20346	M	SAME124402	ASW	African Ancestry SW	AFR	African Ancestry	ASW	1000 Genomes on GRCh38,1000 Genomes 30x on GRCh38,1KG_ONT_VIENNA,Human Pangenome Reference Consortium, Phase 2,1000 Genomes phase 3 release,1000 Genomes phase 1 release
NA20347	M	SAME124401	ASW	African Ancestry SW	AFR	African Ancestry	ASW	1000 Genomes phase 3 release
NA20348	M	SAME124407	ASW	African Ancestry SW	AFR	African Ancestry	ASW	1000 Genomes on GRCh38,1000 Genomes 30x on GRCh38,1KG_ONT_VIENNA,1000 Genomes phase 3 release,1000 Genomes phase 1 release
NA20349	M	SAME124406	ASW	African Ancestry SW	AFR	African Ancestry	ASW	1000 Genomes phase 3 release
NA20350	M	SAME124595	ASW	African Ancestry SW	AFR	African Ancestry	ASW	1000 Genomes phase 3 release
NA20351	M	SAME124596	ASW	African Ancestry SW	AFR	African Ancestry	ASW	1000 Genomes on GRCh38,1000 Genomes 30x on GRCh38,MAGE RNA-seq,1000 Genomes phase 3 release,1000 Genomes phase 1 release
NA20355	F	SAME124597	ASW	African Ancestry SW	AFR	African Ancestry	ASW	1000 Genomes on GRCh38,1000 Genomes 30x on GRCh38,Human Genome Structural Variation Consortium, Phase 3,1000 Genomes phase 3 release
NA20356	M	SAME124598	ASW	African Ancestry SW	AFR	African Ancestry	ASW	1000 Genomes on GRCh38,1000 Genomes 30x on GRCh38,1KG_ONT_VIENNA,1000 Genomes phase 3 release,1000 Genomes phase 1 release
NA20357	F	SAME124599	ASW	African Ancestry SW	AFR	African Ancestry	ASW	1000 Genomes on GRCh38,1000 Genomes 30x on GRCh38,1KG_ONT_VIENNA,1000 Genomes phase 3 release,1000 Genomes phase 1 release
NA20358	M	SAME124600	ASW	African Ancestry SW	AFR	African Ancestry	ASW	1000 Genomes 30x on GRCh38,1000 Genomes phase 3 release
NA20359	F	SAME124601	ASW	African Ancestry SW	AFR	African Ancestry	ASW	1000 Genomes on GRCh38,1000 Genomes 30x on GRCh38,1KG_ONT_VIENNA,MAGE RNA-seq,1000 Genomes phase 3 release,1000 Genomes phase 1 release
NA20360	M	SAME124786	ASW	African Ancestry SW	AFR	African Ancestry	ASW	1000 Genomes phase 3 release
NA20361	F	SAME124785	ASW	African Ancestry SW	AFR	African Ancestry	ASW	1000 Genomes on GRCh38,1000 Genomes phase 3 release
NA20362	M	SAME124788	ASW	African Ancestry SW	AFR	African Ancestry	ASW	1000 Genomes on GRCh38,1000 Genomes 30x on GRCh38,1000 Genomes phase 3 release
NA20363	F	SAME124787	ASW	African Ancestry SW	AFR	African Ancestry	ASW	1KG_ONT_VIENNA,1000 Genomes phase 3 release,1000 Genomes phase 1 release
NA20364	F	SAME124784	ASW	African Ancestry SW	AFR	African Ancestry	ASW	1000 Genomes phase 3 release
NA20412	F	SAME124002	ASW	African Ancestry SW	AFR	African Ancestry	ASW	1000 Genomes on GRCh38,1000 Genomes 30x on GRCh38,MAGE RNA-seq,1000 Genomes phase 3 release,1000 Genomes phase 1 release
NA20413	M	SAME124951	ASW	African Ancestry SW	AFR	African Ancestry	ASW	1000 Genomes phase 3 release
NA20414	F	SAME123988	ASW	African Ancestry SW	AFR	African Ancestry	ASW	1000 Genomes phase 3 release,1000 Genomes phase 1 release
NA20502	F	SAME124358	TSI	Toscani	EUR	European Ancestry	TSI	1000 Genomes on GRCh38,1000 Genomes 30x on GRCh38,MAGE RNA-seq,1000 Genomes phase 3 release,1000 Genomes phase 1 release,Geuvadis
NA20503	F	SAME124357	TSI	Toscani	EUR	European Ancestry	TSI	1000 Genomes on GRCh38,1000 Genomes 30x on GRCh38,1KG_ONT_VIENNA,Human Pangenome Reference Consortium, Phase 2,1000 Genomes phase 3 release,1000 Genomes phase 1 release,Geuvadis
NA20504	F	SAME124360	TSI	Toscani	EUR	European Ancestry	TSI	1000 Genomes on GRCh38,1000 Genomes 30x on GRCh38,1KG_ONT_VIENNA,1000 Genomes phase 3 release,1000 Genomes phase 1 release,Geuvadis
NA20505	F	SAME124359	TSI	Toscani	EUR	European Ancestry	TSI	1000 Genomes on GRCh38,1000 Genomes 30x on GRCh38,1KG_ONT_VIENNA,1000 Genomes phase 3 release,1000 Genomes phase 1 release,Geuvadis
NA20506	F	SAME124362	TSI	Toscani	EUR	European Ancestry	TSI	1000 Genomes on GRCh38,1000 Genomes 30x on GRCh38,1000 Genomes phase 3 release,1000 Genomes phase 1 release,Geuvadis
NA20507	F	SAME124361	TSI	Toscani	EUR	European Ancestry	TSI	1000 Genomes on GRCh38,1000 Genomes 30x on GRCh38,MAGE RNA-seq,1000 Genomes phase 3 release,1000 Genomes phase 1 release,Geuvadis
NA20508	F	SAME124355	TSI	Toscani	EUR	European Ancestry	TSI	1000 Genomes on GRCh38,1000 Genomes 30x on GRCh38,1000 Genomes phase 3 release,1000 Genomes phase 1 release,Geuvadis
NA20509	M	SAME124354	TSI	Toscani	EUR	European Ancestry	TSI	1000 Genomes on GRCh38,1000 Genomes 30x on GRCh38,Human Genome Structural Variation Consortium, Phase 2,Human Genome Structural Variation Consortium, Phase 3,1000 Genomes phase 3 release,1000 Genomes phase 1 release,Geuvadis
NA20510	M	SAME124562	TSI	Toscani	EUR	European Ancestry	TSI	1000 Genomes on GRCh38,1000 Genomes 30x on GRCh38,1000 Genomes phase 3 release,1000 Genomes phase 1 release,Geuvadis
NA20511	M	SAME124563	TSI	Toscani	EUR	European Ancestry	TSI	1000 Genomes on GRCh38,1000 Genomes 30x on GRCh38,MAGE RNA-seq,1000 Genomes phase 3 release
NA20512	M	SAME124560	TSI	Toscani	EUR	European Ancestry	TSI	1000 Genomes on GRCh38,1000 Genomes 30x on GRCh38,1000 Genomes phase 3 release,1000 Genomes phase 1 release,Geuvadis
NA20513	M	SAME124561	TSI	Toscani	EUR	European Ancestry	TSI	1000 Genomes on GRCh38,1000 Genomes 30x on GRCh38,MAGE RNA-seq,1000 Genomes phase 3 release,1000 Genomes phase 1 release,Geuvadis
NA20514	F	SAME124558	TSI	Toscani	EUR	European Ancestry	TSI	1000 Genomes on GRCh38,1000 Genomes 30x on GRCh38,1KG_ONT_VIENNA,1000 Genomes phase 3 release,1000 Genomes phase 1 release,Geuvadis
NA20515	M	SAME124559	TSI	Toscani	EUR	European Ancestry	TSI	1000 Genomes on GRCh38,1000 Genomes 30x on GRCh38,1000 Genomes phase 3 release,1000 Genomes phase 1 release,Geuvadis
NA20516	M	SAME124556	TSI	Toscani	EUR	European Ancestry	TSI	1000 Genomes on GRCh38,1000 Genomes 30x on GRCh38,1000 Genomes phase 3 release,1000 Genomes phase 1 release,Geuvadis
NA20517	F	SAME124557	TSI	Toscani	EUR	European Ancestry	TSI	1000 Genomes on GRCh38,1000 Genomes 30x on GRCh38,1000 Genomes phase 3 release,1000 Genomes phase 1 release,Geuvadis
NA20518	M	SAME123178	TSI	Toscani	EUR	European Ancestry	TSI	1000 Genomes on GRCh38,1000 Genomes 30x on GRCh38,1000 Genomes phase 3 release,1000 Genomes phase 1 release,Geuvadis
NA20519	M	SAME123179	TSI	Toscani	EUR	European Ancestry	TSI	1000 Genomes on GRCh38,1000 Genomes 30x on GRCh38,1000 Genomes phase 3 release,1000 Genomes phase 1 release,Geuvadis
NA20520	M	SAME124019	TSI	Toscani	EUR	European Ancestry	TSI	1000 Genomes on GRCh38,1000 Genomes 30x on GRCh38,1KG_ONT_VIENNA,1000 Genomes phase 3 release,1000 Genomes phase 1 release,Geuvadis
NA20521	M	SAME124018	TSI	Toscani	EUR	European Ancestry	TSI	1000 Genomes on GRCh38,1000 Genomes 30x on GRCh38,1000 Genomes phase 3 release,1000 Genomes phase 1 release,Geuvadis
NA20522	F	SAME124017	TSI	Toscani	EUR	European Ancestry	TSI	1000 Genomes on GRCh38,1000 Genomes 30x on GRCh38,MAGE RNA-seq,1000 Genomes phase 3 release,1000 Genomes phase 1 release
NA20524	M	SAME124016	TSI	Toscani	EUR	European Ancestry	TSI	1000 Genomes on GRCh38,1000 Genomes 30x on GRCh38,1000 Genomes phase 3 release,1000 Genomes phase 1 release,Geuvadis
NA20525	M	SAME124015	TSI	Toscani	EUR	European Ancestry	TSI	1000 Genomes on GRCh38,1000 Genomes 30x on GRCh38,1KG_ONT_VIENNA,MAGE RNA-seq,1000 Genomes phase 3 release,1000 Genomes phase 1 release,Geuvadis
NA20526	F	SAME124014	TSI	Toscani	EUR	European Ancestry	TSI	1000 Genomes on GRCh38,1KG_ONT_VIENNA,1000 Genomes phase 3 release,1000 Genomes phase 1 release
NA20527	M	SAME124013	TSI	Toscani	EUR	European Ancestry	TSI	1000 Genomes on GRCh38,1000 Genomes 30x on GRCh38,1000 Genomes phase 3 release,1000 Genomes phase 1 release,Geuvadis
NA20528	M	SAME124012	TSI	Toscani	EUR	European Ancestry	TSI	1000 Genomes on GRCh38,1000 Genomes 30x on GRCh38,1000 Genomes phase 3 release,1000 Genomes phase 1 release,Geuvadis
NA20529	F	SAME124011	TSI	Toscani	EUR	European Ancestry	TSI	1000 Genomes on GRCh38,1000 Genomes 30x on GRCh38,1000 Genomes phase 3 release,1000 Genomes phase 1 release,Geuvadis
NA20530	F	SAME124169	TSI	Toscani	EUR	European Ancestry	TSI	1000 Genomes on GRCh38,1000 Genomes 30x on GRCh38,1KG_ONT_VIENNA,1000 Genomes phase 3 release,1000 Genomes phase 1 release,Geuvadis
NA20531	F	SAME124170	TSI	Toscani	EUR	European Ancestry	TSI	1000 Genomes on GRCh38,1000 Genomes 30x on GRCh38,1KG_ONT_VIENNA,1000 Genomes phase 3 release,1000 Genomes phase 1 release,Geuvadis
NA20532	M	SAME124171	TSI	Toscani	EUR	European Ancestry	TSI	1000 Genomes on GRCh38,1000 Genomes 30x on GRCh38,1KG_ONT_VIENNA,MAGE RNA-seq,1000 Genomes phase 3 release,1000 Genomes phase 1 release,Geuvadis
NA20533	F	SAME124172	TSI	Toscani	EUR	European Ancestry	TSI	1000 Genomes on GRCh38,1000 Genomes 30x on GRCh38,MAGE RNA-seq,1000 Genomes phase 3 release,1000 Genomes phase 1 release
NA20534	M	SAME124165	TSI	Toscani	EUR	European Ancestry	TSI	1000 Genomes on GRCh38,1000 Genomes 30x on GRCh38,1KG_ONT_VIENNA,1000 Genomes phase 3 release,1000 Genomes phase 1 release,Geuvadis
NA20535	F	SAME124166	TSI	Toscani	EUR	European Ancestry	TSI	1000 Genomes on GRCh38,1000 Genomes 30x on GRCh38,1000 Genomes phase 3 release,1000 Genomes phase 1 release,Geuvadis
NA20536	M	SAME124167	TSI	Toscani	EUR	European Ancestry	TSI	1000 Genomes on GRCh38,1000 Genomes 30x on GRCh38,1KG_ONT_VIENNA,MAGE RNA-seq,1000 Genomes phase 3 release,1000 Genomes phase 1 release,Geuvadis
NA20537	M	SAME124168	TSI	Toscani	EUR	European Ancestry	TSI	1000 Genomes on GRCh38,1000 Genomes phase 3 release,1000 Genomes phase 1 release,Geuvadis
NA20538	M	SAME124163	TSI	Toscani	EUR	European Ancestry	TSI	1000 Genomes on GRCh38,1000 Genomes 30x on GRCh38,1KG_ONT_VIENNA,1000 Genomes phase 3 release,1000 Genomes phase 1 release,Geuvadis
NA20539	M	SAME124164	TSI	Toscani	EUR	European Ancestry	TSI	1000 Genomes on GRCh38,1000 Genomes 30x on GRCh38,1KG_ONT_VIENNA,1000 Genomes phase 3 release,1000 Genomes phase 1 release,Geuvadis
NA20540	F	SAME125148	TSI	Toscani	EUR	European Ancestry	TSI	1000 Genomes on GRCh38,1000 Genomes 30x on GRCh38,1KG_ONT_VIENNA,1000 Genomes phase 3 release,1000 Genomes phase 1 release,Geuvadis
NA20541	F	SAME125147	TSI	Toscani	EUR	European Ancestry	TSI	1000 Genomes on GRCh38,1000 Genomes 30x on GRCh38,1000 Genomes phase 3 release,1000 Genomes phase 1 release,Geuvadis
NA20542	F	SAME125150	TSI	Toscani	EUR	European Ancestry	TSI	1000 Genomes on GRCh38,1000 Genomes 30x on GRCh38,1000 Genomes phase 3 release,1000 Genomes phase 1 release,Geuvadis
NA20543	M	SAME125149	TSI	Toscani	EUR	European Ancestry	TSI	1000 Genomes on GRCh38,1000 Genomes 30x on GRCh38,MAGE RNA-seq,1000 Genomes phase 3 release,1000 Genomes phase 1 release,Geuvadis
NA20544	M	SAME125146	TSI	Toscani	EUR	European Ancestry	TSI	1000 Genomes on GRCh38,1000 Genomes 30x on GRCh38,1000 Genomes phase 3 release,1000 Genomes phase 1 release,Geuvadis
NA20581	M	SAME122859	TSI	Toscani	EUR	European Ancestry	TSI	1000 Genomes on GRCh38,1000 Genomes 30x on GRCh38,1000 Genomes phase 3 release,1000 Genomes phase 1 release,Geuvadis
NA20582	F	SAME123474	TSI	Toscani	EUR	European Ancestry	TSI	1000 Genomes on GRCh38,1000 Genomes 30x on GRCh38,1000 Genomes phase 3 release,1000 Genomes phase 1 release,Geuvadis
NA20585	F	SAME122861	TSI	Toscani	EUR	European Ancestry	TSI	1000 Genomes on GRCh38,1000 Genomes 30x on GRCh38,1KG_ONT_VIENNA,1000 Genomes phase 3 release,1000 Genomes phase 1 release,Geuvadis
NA20586	M	SAME122864	TSI	Toscani	EUR	European Ancestry	TSI	1000 Genomes on GRCh38,1000 Genomes 30x on GRCh38,1000 Genomes phase 3 release,1000 Genomes phase 1 release,Geuvadis
NA20587	F	SAME123481	TSI	Toscani	EUR	European Ancestry	TSI	1000 Genomes on GRCh38,1000 Genomes 30x on GRCh38,1KG_ONT_VIENNA,MAGE RNA-seq,1000 Genomes phase 3 release
NA20588	M	SAME122866	TSI	Toscani	EUR	European Ancestry	TSI	1000 Genomes on GRCh38,1000 Genomes 30x on GRCh38,1KG_ONT_VIENNA,1000 Genomes phase 3 release,1000 Genomes phase 1 release,Geuvadis
NA20589	F	SAME122865	TSI	Toscani	EUR	European Ancestry	TSI	1000 Genomes on GRCh38,1000 Genomes 30x on GRCh38,1000 Genomes phase 3 release,1000 Genomes phase 1 release,Geuvadis
NA20752	M	SAME124177	TSI	Toscani	EUR	European Ancestry	TSI	1000 Genomes on GRCh38,1000 Genomes 30x on GRCh38,Human Pangenome Reference Consortium, Phase 2,1000 Genomes phase 3 release,1000 Genomes phase 1 release,Geuvadis
NA20753	F	SAME124178	TSI	Toscani	EUR	European Ancestry	TSI	1000 Genomes on GRCh38,1000 Genomes 30x on GRCh38,1KG_ONT_VIENNA,1000 Genomes phase 3 release,1000 Genomes phase 1 release
NA20754	M	SAME124173	TSI	Toscani	EUR	European Ancestry	TSI	1000 Genomes on GRCh38,1000 Genomes 30x on GRCh38,1000 Genomes phase 3 release,1000 Genomes phase 1 release,Geuvadis
NA20755	M	SAME124174	TSI	Toscani	EUR	European Ancestry	TSI	1000 Genomes on GRCh38,1000 Genomes 30x on GRCh38,MAGE RNA-seq,1000 Genomes phase 3 release,1000 Genomes phase 1 release
NA20756	F	SAME124175	TSI	Toscani	EUR	European Ancestry	TSI	1000 Genomes on GRCh38,1000 Genomes 30x on GRCh38,1000 Genomes phase 3 release,1000 Genomes phase 1 release,Geuvadis
NA20757	F	SAME124176	TSI	Toscani	EUR	European Ancestry	TSI	1000 Genomes on GRCh38,1000 Genomes 30x on GRCh38,1KG_ONT_VIENNA,1000 Genomes phase 3 release,1000 Genomes phase 1 release,Geuvadis
NA20758	M	SAME125117	TSI	Toscani	EUR	European Ancestry	TSI	1000 Genomes on GRCh38,1000 Genomes 30x on GRCh38,1000 Genomes phase 3 release,1000 Genomes phase 1 release,Geuvadis
NA20759	M	SAME125094	TSI	Toscani	EUR	European Ancestry	TSI	1000 Genomes on GRCh38,1000 Genomes 30x on GRCh38,1000 Genomes phase 3 release,1000 Genomes phase 1 release,Geuvadis
NA20760	F	SAME124364	TSI	Toscani	EUR	European Ancestry	TSI	1000 Genomes on GRCh38,1000 Genomes 30x on GRCh38,1000 Genomes phase 3 release,1000 Genomes phase 1 release,Geuvadis
NA20761	F	SAME124363	TSI	Toscani	EUR	European Ancestry	TSI	1000 Genomes on GRCh38,1000 Genomes 30x on GRCh38,1KG_ONT_VIENNA,1000 Genomes phase 3 release,1000 Genomes phase 1 release,Geuvadis
NA20762	M	SAME124744	TSI	Toscani	EUR	European Ancestry	TSI	1000 Genomes on GRCh38,1000 Genomes 30x on GRCh38,1KG_ONT_VIENNA,MAGE RNA-seq,Human Pangenome Reference Consortium, Phase 2,1000 Genomes phase 3 release
NA20763	M	SAME124365	TSI	Toscani	EUR	European Ancestry	TSI	1000 Genomes on GRCh38,1000 Genomes 30x on GRCh38,MAGE RNA-seq,1000 Genomes phase 3 release
NA20764	F	SAME124368	TSI	Toscani	EUR	European Ancestry	TSI	1000 Genomes on GRCh38,1000 Genomes 30x on GRCh38,1KG_ONT_VIENNA,MAGE RNA-seq,1000 Genomes phase 3 release
NA20765	M	SAME124367	TSI	Toscani	EUR	European Ancestry	TSI	1000 Genomes on GRCh38,1000 Genomes 30x on GRCh38,1000 Genomes phase 3 release,1000 Genomes phase 1 release,Geuvadis
NA20766	F	SAME124370	TSI	Toscani	EUR	European Ancestry	TSI	1000 Genomes on GRCh38,1000 Genomes 30x on GRCh38,1000 Genomes phase 3 release,1000 Genomes phase 1 release,Geuvadis
NA20767	M	SAME124369	TSI	Toscani	EUR	European Ancestry	TSI	1000 Genomes on GRCh38,1000 Genomes 30x on GRCh38,MAGE RNA-seq,1000 Genomes phase 3 release
NA20768	F	SAME124372	TSI	Toscani	EUR	European Ancestry	TSI	1000 Genomes on GRCh38,1000 Genomes 30x on GRCh38,1000 Genomes phase 3 release,1000 Genomes phase 1 release,Geuvadis
NA20769	F	SAME124371	TSI	Toscani	EUR	European Ancestry	TSI	1000 Genomes on GRCh38,1000 Genomes 30x on GRCh38,1KG_ONT_VIENNA,1000 Genomes phase 3 release,1000 Genomes phase 1 release,Geuvadis
NA20770	M	SAME124576	TSI	Toscani	EUR	European Ancestry	TSI	1000 Genomes on GRCh38,1000 Genomes 30x on GRCh38,1000 Genomes phase 3 release,1000 Genomes phase 1 release,Geuvadis
NA20771	F	SAME124577	TSI	Toscani	EUR	European Ancestry	TSI	1000 Genomes on GRCh38,1000 Genomes 30x on GRCh38,MAGE RNA-seq,1000 Genomes phase 3 release,1000 Genomes phase 1 release,Geuvadis
NA20772	F	SAME124574	TSI	Toscani	EUR	European Ancestry	TSI	1000 Genomes on GRCh38,1000 Genomes 30x on GRCh38,1000 Genomes phase 3 release,1000 Genomes phase 1 release,Geuvadis
NA20773	F	SAME124575	TSI	Toscani	EUR	European Ancestry	TSI	1000 Genomes on GRCh38,1000 Genomes 30x on GRCh38,1000 Genomes phase 3 release,1000 Genomes phase 1 release,Geuvadis
NA20774	F	SAME124572	TSI	Toscani	EUR	European Ancestry	TSI	1000 Genomes on GRCh38,1000 Genomes 30x on GRCh38,1000 Genomes phase 3 release,1000 Genomes phase 1 release,Geuvadis
NA20775	F	SAME124573	TSI	Toscani	EUR	European Ancestry	TSI	1000 Genomes on GRCh38,1000 Genomes 30x on GRCh38,1KG_ONT_VIENNA,MAGE RNA-seq,1000 Genomes phase 3 release,1000 Genomes phase 1 release
NA20778	M	SAME124571	TSI	Toscani	EUR	European Ancestry	TSI	1000 Genomes on GRCh38,1000 Genomes 30x on GRCh38,1KG_ONT_VIENNA,MAGE RNA-seq,1000 Genomes phase 3 release,1000 Genomes phase 1 release,Geuvadis
NA20783	M	SAME123607	TSI	Toscani	EUR	European Ancestry	TSI	1000 Genomes on GRCh38,1000 Genomes 30x on GRCh38,1000 Genomes phase 3 release,1000 Genomes phase 1 release,Geuvadis
NA20785	M	SAME123611	TSI	Toscani	EUR	European Ancestry	TSI	1000 Genomes on GRCh38,1000 Genomes 30x on GRCh38,1KG_ONT_VIENNA,1000 Genomes phase 3 release,1000 Genomes phase 1 release,Geuvadis
NA20786	F	SAME123610	TSI	Toscani	EUR	European Ancestry	TSI	1000 Genomes on GRCh38,1000 Genomes 30x on GRCh38,1000 Genomes phase 3 release,1000 Genomes phase 1 release,Geuvadis
NA20787	M	SAME123609	TSI	Toscani	EUR	European Ancestry	TSI	1000 Genomes on GRCh38,1000 Genomes 30x on GRCh38,1KG_ONT_VIENNA,1000 Genomes phase 3 release,1000 Genomes phase 1 release,Geuvadis
NA20790	F	SAME123815	TSI	Toscani	EUR	European Ancestry	TSI	1000 Genomes on GRCh38,1000 Genomes 30x on GRCh38,MAGE RNA-seq,1000 Genomes phase 3 release,1000 Genomes phase 1 release,Geuvadis
NA20792	M	SAME123817	TSI	Toscani	EUR	European Ancestry	TSI	1000 Genomes on GRCh38,1000 Genomes 30x on GRCh38,MAGE RNA-seq,1000 Genomes phase 3 release,1000 Genomes phase 1 release,Geuvadis
NA20795	F	SAME123818	TSI	Toscani	EUR	European Ancestry	TSI	1000 Genomes on GRCh38,1000 Genomes 30x on GRCh38,1KG_ONT_VIENNA,1000 Genomes phase 3 release,1000 Genomes phase 1 release,Geuvadis
NA20796	M	SAME123819	TSI	Toscani	EUR	European Ancestry	TSI	1000 Genomes on GRCh38,1000 Genomes 30x on GRCh38,1000 Genomes phase 3 release,1000 Genomes phase 1 release,Geuvadis
NA20797	F	SAME123820	TSI	Toscani	EUR	European Ancestry	TSI	1000 Genomes on GRCh38,1000 Genomes 30x on GRCh38,MAGE RNA-seq,1000 Genomes phase 3 release,1000 Genomes phase 1 release,Geuvadis
NA20798	M	SAME123821	TSI	Toscani	EUR	European Ancestry	TSI	1000 Genomes on GRCh38,1000 Genomes 30x on GRCh38,1000 Genomes phase 3 release,1000 Genomes phase 1 release,Geuvadis
NA20799	F	SAME123822	TSI	Toscani	EUR	European Ancestry	TSI	1000 Genomes on GRCh38,1000 Genomes 30x on GRCh38,Human Pangenome Reference Consortium, Phase 2,1000 Genomes phase 3 release,1000 Genomes phase 1 release,Geuvadis
NA20800	F	SAME125364	TSI	Toscani	EUR	European Ancestry	TSI	1000 Genomes on GRCh38,1000 Genomes 30x on GRCh38,1000 Genomes phase 3 release,1000 Genomes phase 1 release,Geuvadis
NA20801	M	SAME125365	TSI	Toscani	EUR	European Ancestry	TSI	1000 Genomes on GRCh38,1000 Genomes 30x on GRCh38,1KG_ONT_VIENNA,1000 Genomes phase 3 release,1000 Genomes phase 1 release,Geuvadis
NA20802	F	SAME125366	TSI	Toscani	EUR	European Ancestry	TSI	1000 Genomes on GRCh38,1000 Genomes 30x on GRCh38,1000 Genomes phase 3 release,1000 Genomes phase 1 release,Geuvadis
NA20803	M	SAME125367	TSI	Toscani	EUR	European Ancestry	TSI	1000 Genomes on GRCh38,1000 Genomes 30x on GRCh38,1000 Genomes phase 3 release,1000 Genomes phase 1 release,Geuvadis
NA20804	F	SAME125224	TSI	Toscani	EUR	European Ancestry	TSI	1000 Genomes on GRCh38,1000 Genomes 30x on GRCh38,1000 Genomes phase 3 release,1000 Genomes phase 1 release,Geuvadis
NA20805	M	SAME125361	TSI	Toscani	EUR	European Ancestry	TSI	1000 Genomes on GRCh38,1000 Genomes 30x on GRCh38,1KG_ONT_VIENNA,Human Pangenome Reference Consortium, Phase 2,1000 Genomes phase 3 release,1000 Genomes phase 1 release,Geuvadis
NA20806	M	SAME125362	TSI	Toscani	EUR	European Ancestry	TSI	1000 Genomes on GRCh38,1000 Genomes 30x on GRCh38,Human Pangenome Reference Consortium, Phase 2,1000 Genomes phase 3 release,1000 Genomes phase 1 release,Geuvadis
NA20807	F	SAME125363	TSI	Toscani	EUR	European Ancestry	TSI	1000 Genomes on GRCh38,1000 Genomes 30x on GRCh38,1000 Genomes phase 3 release,1000 Genomes phase 1 release,Geuvadis
NA20808	F	SAME122813	TSI	Toscani	EUR	European Ancestry	TSI	1000 Genomes on GRCh38,1000 Genomes 30x on GRCh38,1000 Genomes phase 3 release,1000 Genomes phase 1 release,Geuvadis
NA20809	M	SAME125359	TSI	Toscani	EUR	European Ancestry	TSI	1000 Genomes on GRCh38,1000 Genomes 30x on GRCh38,Human Pangenome Reference Consortium, Phase 2,1000 Genomes phase 3 release,1000 Genomes phase 1 release,Geuvadis
NA20810	M	SAME125192	TSI	Toscani	EUR	European Ancestry	TSI	1000 Genomes on GRCh38,1000 Genomes 30x on GRCh38,1KG_ONT_VIENNA,1000 Genomes phase 3 release,1000 Genomes phase 1 release,Geuvadis
NA20811	M	SAME123069	TSI	Toscani	EUR	European Ancestry	TSI	1000 Genomes on GRCh38,1000 Genomes 30x on GRCh38,MAGE RNA-seq,1000 Genomes phase 3 release,1000 Genomes phase 1 release,Geuvadis
NA20812	M	SAME125190	TSI	Toscani	EUR	European Ancestry	TSI	1000 Genomes on GRCh38,1000 Genomes 30x on GRCh38,1000 Genomes phase 3 release,1000 Genomes phase 1 release,Geuvadis
NA20813	F	SAME125189	TSI	Toscani	EUR	European Ancestry	TSI	1000 Genomes on GRCh38,1000 Genomes 30x on GRCh38,1KG_ONT_VIENNA,1000 Genomes phase 3 release,1000 Genomes phase 1 release,Geuvadis
NA20814	M	SAME125188	TSI	Toscani	EUR	European Ancestry	TSI	1000 Genomes on GRCh38,1000 Genomes 30x on GRCh38,1000 Genomes phase 3 release,1000 Genomes phase 1 release,Geuvadis
NA20815	M	SAME125187	TSI	Toscani	EUR	European Ancestry	TSI	1000 Genomes on GRCh38,1000 Genomes 30x on GRCh38,MAGE RNA-seq,1000 Genomes phase 3 release,1000 Genomes phase 1 release,Geuvadis
NA20816	M	SAME125186	TSI	Toscani	EUR	European Ancestry	TSI	1000 Genomes on GRCh38,1000 Genomes phase 3 release,1000 Genomes phase 1 release,Geuvadis
NA20818	F	SAME125184	TSI	Toscani	EUR	European Ancestry	TSI	1000 Genomes on GRCh38,1000 Genomes 30x on GRCh38,Human Pangenome Reference Consortium, Phase 2,1000 Genomes phase 3 release,1000 Genomes phase 1 release
NA20819	F	SAME125183	TSI	Toscani	EUR	European Ancestry	TSI	1000 Genomes on GRCh38,1000 Genomes 30x on GRCh38,1000 Genomes phase 3 release,1000 Genomes phase 1 release,Geuvadis
NA20821	F	SAME123075	TSI	Toscani	EUR	European Ancestry	TSI	1000 Genomes on GRCh38,1000 Genomes 30x on GRCh38,MAGE RNA-seq,1000 Genomes phase 3 release
NA20822	F	SAME123073	TSI	Toscani	EUR	European Ancestry	TSI	1000 Genomes on GRCh38,1000 Genomes 30x on GRCh38,1KG_ONT_VIENNA,MAGE RNA-seq,1000 Genomes phase 3 release
NA20826	F	SAME123070	TSI	Toscani	EUR	European Ancestry	TSI	1000 Genomes on GRCh38,1000 Genomes 30x on GRCh38,1000 Genomes phase 3 release,1000 Genomes phase 1 release,Geuvadis
NA20827	M	SAME123071	TSI	Toscani	EUR	European Ancestry	TSI	1000 Genomes on GRCh38,1000 Genomes 30x on GRCh38,MAGE RNA-seq,Human Pangenome Reference Consortium, Phase 2,1000 Genomes phase 3 release
NA20828	F	SAME123076	TSI	Toscani	EUR	European Ancestry	TSI	1000 Genomes on GRCh38,1000 Genomes 30x on GRCh38,1000 Genomes phase 3 release,1000 Genomes phase 1 release,Geuvadis
NA20829	M	SAME123077	TSI	Toscani	EUR	European Ancestry	TSI	1000 Genomes on GRCh38,1000 Genomes phase 3 release
NA20831	M	SAME122893	TSI	Toscani	EUR	European Ancestry	TSI	1000 Genomes on GRCh38,1000 Genomes phase 3 release
NA20832	F	SAME122894	TSI	Toscani	EUR	European Ancestry	TSI	1000 Genomes on GRCh38,1000 Genomes 30x on GRCh38,MAGE RNA-seq,1000 Genomes phase 3 release
NA20845	M	SAME123430	GIH	Gujarati	SAS	South Asian Ancestry	GIH	1000 Genomes on GRCh38,1000 Genomes 30x on GRCh38,1000 Genomes phase 3 release
NA20846	M	SAME123431	GIH	Gujarati	SAS	South Asian Ancestry	GIH	1000 Genomes on GRCh38,1000 Genomes 30x on GRCh38,1KG_ONT_VIENNA,1000 Genomes phase 3 release
NA20847	F	SAME123432	GIH	Gujarati	SAS	South Asian Ancestry	GIH	1000 Genomes on GRCh38,1000 Genomes 30x on GRCh38,Human Genome Structural Variation Consortium, Phase 2,Human Genome Structural Variation Consortium, Phase 3,1KG_ONT_VIENNA,MAGE RNA-seq,1000 Genomes phase 3 release
NA20849	F	SAME123433	GIH	Gujarati	SAS	South Asian Ancestry	GIH	1000 Genomes on GRCh38,1000 Genomes 30x on GRCh38,1000 Genomes phase 3 release
NA20850	M	SAME123246	GIH	Gujarati	SAS	South Asian Ancestry	GIH	1000 Genomes on GRCh38,1000 Genomes 30x on GRCh38,MAGE RNA-seq,Human Pangenome Reference Consortium, Phase 2,1000 Genomes phase 3 release
NA20851	F	SAME123245	GIH	Gujarati	SAS	South Asian Ancestry	GIH	1000 Genomes on GRCh38,1000 Genomes 30x on GRCh38,1000 Genomes phase 3 release
NA20852	M	SAME123244	GIH	Gujarati	SAS	South Asian Ancestry	GIH	1000 Genomes on GRCh38,1000 Genomes 30x on GRCh38,1KG_ONT_VIENNA,1000 Genomes phase 3 release
NA20853	F	SAME123243	GIH	Gujarati	SAS	South Asian Ancestry	GIH	1000 Genomes on GRCh38,1000 Genomes 30x on GRCh38,1KG_ONT_VIENNA,1000 Genomes phase 3 release
NA20854	F	SAME123248	GIH	Gujarati	SAS	South Asian Ancestry	GIH	1000 Genomes on GRCh38,1000 Genomes 30x on GRCh38,1000 Genomes phase 3 release
NA20856	F	SAME123247	GIH	Gujarati	SAS	South Asian Ancestry	GIH	1000 Genomes on GRCh38,1000 Genomes 30x on GRCh38,MAGE RNA-seq,1000 Genomes phase 3 release
NA20858	M	SAME123207	GIH	Gujarati	SAS	South Asian Ancestry	GIH	1000 Genomes on GRCh38,1000 Genomes 30x on GRCh38,1KG_ONT_VIENNA,Human Pangenome Reference Consortium, Phase 2,1000 Genomes phase 3 release
NA20859	F	SAME123249	GIH	Gujarati	SAS	South Asian Ancestry	GIH	1000 Genomes on GRCh38,1000 Genomes 30x on GRCh38,MAGE RNA-seq,1000 Genomes phase 3 release
NA20861	M	SAME123807	GIH	Gujarati	SAS	South Asian Ancestry	GIH	1000 Genomes on GRCh38,1000 Genomes 30x on GRCh38,1KG_ONT_VIENNA,1000 Genomes phase 3 release
NA20862	F	SAME123804	GIH	Gujarati	SAS	South Asian Ancestry	GIH	1000 Genomes on GRCh38,1000 Genomes 30x on GRCh38,MAGE RNA-seq,1000 Genomes phase 3 release
NA20863	M	SAME123805	GIH	Gujarati	SAS	South Asian Ancestry	GIH	1000 Genomes on GRCh38,1000 Genomes 30x on GRCh38,1KG_ONT_VIENNA,1000 Genomes phase 3 release
NA20864	M	SAME123944	GIH	Gujarati	SAS	South Asian Ancestry	GIH	1000 Genomes on GRCh38,1000 Genomes 30x on GRCh38,1000 Genomes phase 3 release
NA20866	M	SAME123808	GIH	Gujarati	SAS	South Asian Ancestry	GIH	1000 Genomes on GRCh38,1000 Genomes 30x on GRCh38,1KG_ONT_VIENNA,MAGE RNA-seq,1000 Genomes phase 3 release
NA20867	M	SAME123809	GIH	Gujarati	SAS	South Asian Ancestry	GIH	1000 Genomes on GRCh38,1000 Genomes 30x on GRCh38,1KG_ONT_VIENNA,MAGE RNA-seq,1000 Genomes phase 3 release
NA20868	F	SAME123800	GIH	Gujarati	SAS	South Asian Ancestry	GIH	1000 Genomes on GRCh38,1000 Genomes 30x on GRCh38,1000 Genomes phase 3 release
NA20869	F	SAME123801	GIH	Gujarati	SAS	South Asian Ancestry	GIH	1000 Genomes on GRCh38,1000 Genomes 30x on GRCh38,1000 Genomes phase 3 release
NA20870	M	SAME122839	GIH	Gujarati	SAS	South Asian Ancestry	GIH	1000 Genomes on GRCh38,1000 Genomes 30x on GRCh38,MAGE RNA-seq,Human Pangenome Reference Consortium, Phase 2,1000 Genomes phase 3 release
NA20871	M	SAME123600	GIH	Gujarati	SAS	South Asian Ancestry	GIH	1000 Genomes on GRCh38,1000 Genomes phase 3 release
NA20872	F	SAME122842	GIH	Gujarati	SAS	South Asian Ancestry	GIH	1000 Genomes on GRCh38,1000 Genomes 30x on GRCh38,MAGE RNA-seq,1000 Genomes phase 3 release
NA20873	M	SAME122841	GIH	Gujarati	SAS	South Asian Ancestry	GIH	1000 Genomes on GRCh38,1KG_ONT_VIENNA,1000 Genomes phase 3 release
NA20874	F	SAME123597	GIH	Gujarati	SAS	South Asian Ancestry	GIH	1000 Genomes on GRCh38,1000 Genomes 30x on GRCh38,1000 Genomes phase 3 release
NA20875	F	SAME123596	GIH	Gujarati	SAS	South Asian Ancestry	GIH	1000 Genomes on GRCh38,1000 Genomes 30x on GRCh38,MAGE RNA-seq,1000 Genomes phase 3 release
NA20876	F	SAME123599	GIH	Gujarati	SAS	South Asian Ancestry	GIH	1000 Genomes on GRCh38,1000 Genomes 30x on GRCh38,1KG_ONT_VIENNA,MAGE RNA-seq,1000 Genomes phase 3 release
NA20877	F	SAME123598	GIH	Gujarati	SAS	South Asian Ancestry	GIH	1000 Genomes on GRCh38,1000 Genomes 30x on GRCh38,1000 Genomes phase 3 release
NA20878	F	SAME123595	GIH	Gujarati	SAS	South Asian Ancestry	GIH	1000 Genomes on GRCh38,1000 Genomes 30x on GRCh38,MAGE RNA-seq,1000 Genomes phase 3 release
NA20879	F	SAME123594	GIH	Gujarati	SAS	South Asian Ancestry	GIH	1000 Genomes phase 3 release
NA20881	F	SAME124531	GIH	Gujarati	SAS	South Asian Ancestry	GIH	1000 Genomes on GRCh38,1000 Genomes 30x on GRCh38,1000 Genomes phase 3 release
NA20882	F	SAME123882	GIH	Gujarati	SAS	South Asian Ancestry	GIH	1000 Genomes on GRCh38,1000 Genomes 30x on GRCh38,1000 Genomes phase 3 release
NA20883	M	SAME123883	GIH	Gujarati	SAS	South Asian Ancestry	GIH	1000 Genomes on GRCh38,1KG_ONT_VIENNA,1000 Genomes phase 3 release
NA20884	M	SAME124514	GIH	Gujarati	SAS	South Asian Ancestry	GIH	1000 Genomes on GRCh38,1000 Genomes 30x on GRCh38,MAGE RNA-seq,1000 Genomes phase 3 release
NA20885	M	SAME124525	GIH	Gujarati	SAS	South Asian Ancestry	GIH	1000 Genomes on GRCh38,1000 Genomes 30x on GRCh38,1KG_ONT_VIENNA,1000 Genomes phase 3 release
NA20886	F	SAME123878	GIH	Gujarati	SAS	South Asian Ancestry	GIH	1000 Genomes on GRCh38,1000 Genomes 30x on GRCh38,MAGE RNA-seq,1000 Genomes phase 3 release
NA20887	M	SAME123879	GIH	Gujarati	SAS	South Asian Ancestry	GIH	1000 Genomes on GRCh38,1000 Genomes 30x on GRCh38,1000 Genomes phase 3 release
NA20888	F	SAME125258	GIH	Gujarati	SAS	South Asian Ancestry	GIH	1000 Genomes on GRCh38,1000 Genomes 30x on GRCh38,1KG_ONT_VIENNA,MAGE RNA-seq,1000 Genomes phase 3 release
NA20889	M	SAME125305	GIH	Gujarati	SAS	South Asian Ancestry	GIH	1000 Genomes on GRCh38,1000 Genomes 30x on GRCh38,MAGE RNA-seq,1000 Genomes phase 3 release
NA20890	M	SAME123671	GIH	Gujarati	SAS	South Asian Ancestry	GIH	1000 Genomes on GRCh38,1000 Genomes 30x on GRCh38,1KG_ONT_VIENNA,1000 Genomes phase 3 release
NA20891	M	SAME123670	GIH	Gujarati	SAS	South Asian Ancestry	GIH	1000 Genomes on GRCh38,1000 Genomes 30x on GRCh38,1000 Genomes phase 3 release
NA20892	F	SAME123109	GIH	Gujarati	SAS	South Asian Ancestry	GIH	1000 Genomes on GRCh38,1000 Genomes 30x on GRCh38,1000 Genomes phase 3 release
NA20893	F	SAME123668	GIH	Gujarati	SAS	South Asian Ancestry	GIH	1000 Genomes on GRCh38,1KG_ONT_VIENNA,1000 Genomes phase 3 release
NA20894	F	SAME123667	GIH	Gujarati	SAS	South Asian Ancestry	GIH	1000 Genomes on GRCh38,1000 Genomes 30x on GRCh38,1000 Genomes phase 3 release
NA20895	M	SAME123666	GIH	Gujarati	SAS	South Asian Ancestry	GIH	1000 Genomes on GRCh38,1000 Genomes 30x on GRCh38,1000 Genomes phase 3 release
NA20896	F	SAME123665	GIH	Gujarati	SAS	South Asian Ancestry	GIH	1000 Genomes on GRCh38,1000 Genomes 30x on GRCh38,1KG_ONT_VIENNA,MAGE RNA-seq,1000 Genomes phase 3 release
NA20897	M	SAME123664	GIH	Gujarati	SAS	South Asian Ancestry	GIH	1000 Genomes on GRCh38,1000 Genomes 30x on GRCh38,1000 Genomes phase 3 release
NA20898	M	SAME123141	GIH	Gujarati	SAS	South Asian Ancestry	GIH	1000 Genomes on GRCh38,1KG_ONT_VIENNA,1000 Genomes phase 3 release
NA20899	F	SAME123140	GIH	Gujarati	SAS	South Asian Ancestry	GIH	1000 Genomes on GRCh38,1000 Genomes 30x on GRCh38,1KG_ONT_VIENNA,1000 Genomes phase 3 release
NA20900	F	SAME122920	GIH	Gujarati	SAS	South Asian Ancestry	GIH	1000 Genomes on GRCh38,1000 Genomes 30x on GRCh38,1KG_ONT_VIENNA,1000 Genomes phase 3 release
NA20901	M	SAME122919	GIH	Gujarati	SAS	South Asian Ancestry	GIH	1000 Genomes on GRCh38,1000 Genomes 30x on GRCh38,1KG_ONT_VIENNA,1000 Genomes phase 3 release
NA20902	F	SAME122922	GIH	Gujarati	SAS	South Asian Ancestry	GIH	1000 Genomes on GRCh38,1000 Genomes 30x on GRCh38,MAGE RNA-seq,1000 Genomes phase 3 release
NA20903	M	SAME122921	GIH	Gujarati	SAS	South Asian Ancestry	GIH	1000 Genomes on GRCh38,1000 Genomes 30x on GRCh38,1000 Genomes phase 3 release
NA20904	M	SAME122916	GIH	Gujarati	SAS	South Asian Ancestry	GIH	1000 Genomes on GRCh38,1000 Genomes 30x on GRCh38,1000 Genomes phase 3 release
NA20905	M	SAME122915	GIH	Gujarati	SAS	South Asian Ancestry	GIH	1000 Genomes on GRCh38,1000 Genomes 30x on GRCh38,Human Pangenome Reference Consortium, Phase 2,1000 Genomes phase 3 release
NA20906	F	SAME122918	GIH	Gujarati	SAS	South Asian Ancestry	GIH	1000 Genomes on GRCh38,1000 Genomes 30x on GRCh38,1000 Genomes phase 3 release
NA20907	F	SAME122917	GIH	Gujarati	SAS	South Asian Ancestry	GIH	1000 Genomes phase 3 release
NA20908	F	SAME123777	GIH	Gujarati	SAS	South Asian Ancestry	GIH	1000 Genomes on GRCh38,1000 Genomes 30x on GRCh38,1000 Genomes phase 3 release
NA20909	M	SAME122923	GIH	Gujarati	SAS	South Asian Ancestry	GIH	1000 Genomes phase 3 release
NA20910	F	SAME123100	GIH	Gujarati	SAS	South Asian Ancestry	GIH	1000 Genomes on GRCh38,1000 Genomes 30x on GRCh38,1000 Genomes phase 3 release
NA20911	M	SAME123101	GIH	Gujarati	SAS	South Asian Ancestry	GIH	1000 Genomes on GRCh38,1000 Genomes 30x on GRCh38,1000 Genomes phase 3 release
NA21086	F	SAME123139	GIH	Gujarati	SAS	South Asian Ancestry	GIH	1000 Genomes on GRCh38,1000 Genomes 30x on GRCh38,1000 Genomes phase 3 release
NA21087	M	SAME123138	GIH	Gujarati	SAS	South Asian Ancestry	GIH	1000 Genomes on GRCh38,1000 Genomes 30x on GRCh38,1000 Genomes phase 3 release
NA21088	F	SAME123143	GIH	Gujarati	SAS	South Asian Ancestry	GIH	1000 Genomes on GRCh38,1000 Genomes 30x on GRCh38,1000 Genomes phase 3 release
NA21089	F	SAME123142	GIH	Gujarati	SAS	South Asian Ancestry	GIH	1000 Genomes on GRCh38,1000 Genomes 30x on GRCh38,1000 Genomes phase 3 release
NA21090	M	SAME123320	GIH	Gujarati	SAS	South Asian Ancestry	GIH	1000 Genomes on GRCh38,1000 Genomes 30x on GRCh38,1000 Genomes phase 3 release
NA21091	M	SAME123321	GIH	Gujarati	SAS	South Asian Ancestry	GIH	1000 Genomes on GRCh38,1000 Genomes 30x on GRCh38,1000 Genomes phase 3 release
NA21092	M	SAME123322	GIH	Gujarati	SAS	South Asian Ancestry	GIH	1000 Genomes on GRCh38,1000 Genomes 30x on GRCh38,1000 Genomes phase 3 release
NA21093	M	SAME123323	GIH	Gujarati	SAS	South Asian Ancestry	GIH	1000 Genomes on GRCh38,1000 Genomes 30x on GRCh38,Human Pangenome Reference Consortium, Phase 2,1000 Genomes phase 3 release
NA21094	M	SAME123317	GIH	Gujarati	SAS	South Asian Ancestry	GIH	1000 Genomes on GRCh38,1000 Genomes 30x on GRCh38,1000 Genomes phase 3 release
NA21095	M	SAME123318	GIH	Gujarati	SAS	South Asian Ancestry	GIH	1000 Genomes on GRCh38,1000 Genomes 30x on GRCh38,1000 Genomes phase 3 release
NA21097	F	SAME123319	GIH	Gujarati	SAS	South Asian Ancestry	GIH	1000 Genomes on GRCh38,1000 Genomes 30x on GRCh38,1000 Genomes phase 3 release
NA21098	M	SAME123324	GIH	Gujarati	SAS	South Asian Ancestry	GIH	1000 Genomes on GRCh38,1000 Genomes 30x on GRCh38,1KG_ONT_VIENNA,MAGE RNA-seq,1000 Genomes phase 3 release
NA21099	M	SAME123325	GIH	Gujarati	SAS	South Asian Ancestry	GIH	1000 Genomes on GRCh38,1000 Genomes 30x on GRCh38,1KG_ONT_VIENNA,1000 Genomes phase 3 release
NA21100	M	SAME124440	GIH	Gujarati	SAS	South Asian Ancestry	GIH	1000 Genomes on GRCh38,1000 Genomes 30x on GRCh38,1000 Genomes phase 3 release
NA21101	F	SAME124441	GIH	Gujarati	SAS	South Asian Ancestry	GIH	1000 Genomes on GRCh38,1000 Genomes 30x on GRCh38,1KG_ONT_VIENNA,Human Pangenome Reference Consortium, Phase 2,1000 Genomes phase 3 release
NA21102	F	SAME124438	GIH	Gujarati	SAS	South Asian Ancestry	GIH	1000 Genomes on GRCh38,1000 Genomes 30x on GRCh38,1KG_ONT_VIENNA,Human Pangenome Reference Consortium, Phase 2,1000 Genomes phase 3 release
NA21103	F	SAME124439	GIH	Gujarati	SAS	South Asian Ancestry	GIH	1000 Genomes on GRCh38,1000 Genomes 30x on GRCh38,1KG_ONT_VIENNA,1000 Genomes phase 3 release
NA21104	M	SAME124436	GIH	Gujarati	SAS	South Asian Ancestry	GIH	1000 Genomes on GRCh38,1000 Genomes 30x on GRCh38,1000 Genomes phase 3 release
NA21105	M	SAME124437	GIH	Gujarati	SAS	South Asian Ancestry	GIH	1000 Genomes on GRCh38,1000 Genomes 30x on GRCh38,1000 Genomes phase 3 release
NA21106	F	SAME124434	GIH	Gujarati	SAS	South Asian Ancestry	GIH	1000 Genomes on GRCh38,1000 Genomes 30x on GRCh38,Human Pangenome Reference Consortium, Phase 2,1000 Genomes phase 3 release
NA21107	M	SAME124435	GIH	Gujarati	SAS	South Asian Ancestry	GIH	1000 Genomes on GRCh38,1000 Genomes 30x on GRCh38,1000 Genomes phase 3 release
NA21108	F	SAME124442	GIH	Gujarati	SAS	South Asian Ancestry	GIH	1000 Genomes on GRCh38,1000 Genomes 30x on GRCh38,1000 Genomes phase 3 release
NA21109	M	SAME124443	GIH	Gujarati	SAS	South Asian Ancestry	GIH	1000 Genomes on GRCh38,1000 Genomes 30x on GRCh38,1000 Genomes phase 3 release
NA21110	F	SAME124180	GIH	Gujarati	SAS	South Asian Ancestry	GIH	1000 Genomes on GRCh38,1000 Genomes 30x on GRCh38,1KG_ONT_VIENNA,MAGE RNA-seq,Human Pangenome Reference Consortium, Phase 2,1000 Genomes phase 3 release
NA21111	M	SAME124179	GIH	Gujarati	SAS	South Asian Ancestry	GIH	1000 Genomes on GRCh38,1000 Genomes 30x on GRCh38,1KG_ONT_VIENNA,MAGE RNA-seq,1000 Genomes phase 3 release
NA21112	M	SAME124182	GIH	Gujarati	SAS	South Asian Ancestry	GIH	1000 Genomes on GRCh38,1000 Genomes 30x on GRCh38,MAGE RNA-seq,1000 Genomes phase 3 release
NA21113	M	SAME124181	GIH	Gujarati	SAS	South Asian Ancestry	GIH	1000 Genomes on GRCh38,1000 Genomes 30x on GRCh38,1KG_ONT_VIENNA,1000 Genomes phase 3 release
NA21114	M	SAME124184	GIH	Gujarati	SAS	South Asian Ancestry	GIH	1000 Genomes on GRCh38,1000 Genomes 30x on GRCh38,1KG_ONT_VIENNA,1000 Genomes phase 3 release
NA21115	M	SAME124183	GIH	Gujarati	SAS	South Asian Ancestry	GIH	1000 Genomes on GRCh38,1000 Genomes 30x on GRCh38,1000 Genomes phase 3 release
NA21116	M	SAME124186	GIH	Gujarati	SAS	South Asian Ancestry	GIH	1000 Genomes on GRCh38,1000 Genomes 30x on GRCh38,1000 Genomes phase 3 release
NA21117	M	SAME124185	GIH	Gujarati	SAS	South Asian Ancestry	GIH	1000 Genomes on GRCh38,1000 Genomes 30x on GRCh38,1KG_ONT_VIENNA,1000 Genomes phase 3 release
NA21118	M	SAME123585	GIH	Gujarati	SAS	South Asian Ancestry	GIH	1000 Genomes on GRCh38,1000 Genomes 30x on GRCh38,1KG_ONT_VIENNA,1000 Genomes phase 3 release
NA21119	M	SAME123584	GIH	Gujarati	SAS	South Asian Ancestry	GIH	1000 Genomes on GRCh38,1000 Genomes 30x on GRCh38,1000 Genomes phase 3 release
NA21120	F	SAME124028	GIH	Gujarati	SAS	South Asian Ancestry	GIH	1000 Genomes on GRCh38,1000 Genomes 30x on GRCh38,1KG_ONT_VIENNA,MAGE RNA-seq,1000 Genomes phase 3 release
NA21121	F	SAME123163	GIH	Gujarati	SAS	South Asian Ancestry	GIH	1000 Genomes on GRCh38,1000 Genomes phase 3 release
NA21122	F	SAME124030	GIH	Gujarati	SAS	South Asian Ancestry	GIH	1000 Genomes on GRCh38,1000 Genomes 30x on GRCh38,1000 Genomes phase 3 release
NA21123	M	SAME124031	GIH	Gujarati	SAS	South Asian Ancestry	GIH	1000 Genomes on GRCh38,1000 Genomes 30x on GRCh38,1000 Genomes phase 3 release
NA21124	M	SAME124024	GIH	Gujarati	SAS	South Asian Ancestry	GIH	1000 Genomes on GRCh38,1000 Genomes 30x on GRCh38,1KG_ONT_VIENNA,MAGE RNA-seq,1000 Genomes phase 3 release
NA21125	F	SAME124025	GIH	Gujarati	SAS	South Asian Ancestry	GIH	1000 Genomes on GRCh38,1000 Genomes 30x on GRCh38,1000 Genomes phase 3 release
NA21126	M	SAME124026	GIH	Gujarati	SAS	South Asian Ancestry	GIH	1000 Genomes on GRCh38,1000 Genomes 30x on GRCh38,1KG_ONT_VIENNA,1000 Genomes phase 3 release
NA21127	M	SAME124027	GIH	Gujarati	SAS	South Asian Ancestry	GIH	1000 Genomes on GRCh38,1000 Genomes 30x on GRCh38,1KG_ONT_VIENNA,MAGE RNA-seq,1000 Genomes phase 3 release
NA21128	M	SAME124022	GIH	Gujarati	SAS	South Asian Ancestry	GIH	1000 Genomes on GRCh38,1000 Genomes 30x on GRCh38,1000 Genomes phase 3 release
NA21129	M	SAME124023	GIH	Gujarati	SAS	South Asian Ancestry	GIH	1000 Genomes on GRCh38,1000 Genomes 30x on GRCh38,MAGE RNA-seq,1000 Genomes phase 3 release
NA21130	M	SAME123834	GIH	Gujarati	SAS	South Asian Ancestry	GIH	1000 Genomes on GRCh38,1000 Genomes 30x on GRCh38,MAGE RNA-seq,1000 Genomes phase 3 release
NA21133	M	SAME123831	GIH	Gujarati	SAS	South Asian Ancestry	GIH	1000 Genomes on GRCh38,1000 Genomes 30x on GRCh38,1000 Genomes phase 3 release
NA21134	M	SAME123830	GIH	Gujarati	SAS	South Asian Ancestry	GIH	1000 Genomes phase 3 release
NA21135	M	SAME123829	GIH	Gujarati	SAS	South Asian Ancestry	GIH	1000 Genomes on GRCh38,1000 Genomes 30x on GRCh38,1000 Genomes phase 3 release
NA21137	F	SAME124038	GIH	Gujarati	SAS	South Asian Ancestry	GIH	1000 Genomes on GRCh38,1000 Genomes 30x on GRCh38,1000 Genomes phase 3 release
NA21141	F	SAME125205	GIH	Gujarati	SAS	South Asian Ancestry	GIH	1000 Genomes on GRCh38,1000 Genomes 30x on GRCh38,1000 Genomes phase 3 release
NA21142	F	SAME123344	GIH	Gujarati	SAS	South Asian Ancestry	GIH	1000 Genomes on GRCh38,1000 Genomes 30x on GRCh38,1KG_ONT_VIENNA,1000 Genomes phase 3 release
NA21143	F	SAME123359	GIH	Gujarati	SAS	South Asian Ancestry	GIH	1000 Genomes on GRCh38,1000 Genomes 30x on GRCh38,1000 Genomes phase 3 release
NA21144	F	SAME124511	GIH	Gujarati	SAS	South Asian Ancestry	GIH	1000 Genomes on GRCh38,1000 Genomes 30x on GRCh38,Human Pangenome Reference Consortium, Phase 2,1000 Genomes phase 3 release
